source_id,source_sha256,canonical_content_id,equivalence_group_members,current_source_status,current_source_status_without_aliases,technical_metadata,additional_hold_reasons,prepared_payload_sha256,canonical_source_id
FGDC-2837,8bef14fd05c7b1ea1ab936bfeb4c5325c29c34f33b46d40b6f82f72055973237,sha256:8bef14fd05c7b1ea1ab936bfeb4c5325c29c34f33b46d40b6f82f72055973237,FGDC-2837;FGDC-3065,held,held,pass,"[""Metadata access terms need source-backed adjudication"",""Creator semantics are ambiguous""]",1dbdd78d1542385120ef7c5db67f0e3348161d9c80fef221df5bf2291e6836f5,
FGDC-2838,3545d2a03e23dd16f246ba2e836dc33f76dbe1394aa645e0debf85c5f55a3d96,sha256:3545d2a03e23dd16f246ba2e836dc33f76dbe1394aa645e0debf85c5f55a3d96,FGDC-2838;FGDC-3066,held,supported,pass,[],77c6e0a426db9d04fa63abacdb8de80fc9ecd829154cef7368b7b80bf315cd8e,
FGDC-2839,d62c478268c54ac21ba33336fec9c930554165bdf0882217f0863aea4d4d68ae,sha256:d62c478268c54ac21ba33336fec9c930554165bdf0882217f0863aea4d4d68ae,FGDC-2839;FGDC-3067,held,held,pass,"[""Metadata access terms need source-backed adjudication"",""Contradictory or unsupported source access constraints require adjudication""]",47441565d98b880fc171474255a3e0d4631bf5c967843e776d5e198f2a90fc6a,
FGDC-2840,20005c353ba7931f4dc96e0698adfc994b42c07bd6bbaa4b3946650c80ea49a6,sha256:20005c353ba7931f4dc96e0698adfc994b42c07bd6bbaa4b3946650c80ea49a6,FGDC-2840;FGDC-3068,held,supported,pass,[],2a71094976ab897a9673a78e72478fd843b75b886672851f1abb9bbd5913bbd4,
FGDC-2841,17f29f788d738512c5e4e3941e98a44a04077473b45c0d92040b8e900e2e7554,sha256:17f29f788d738512c5e4e3941e98a44a04077473b45c0d92040b8e900e2e7554,FGDC-2841;FGDC-3069,held,supported,pass,[],4c950903d64b4aa235f75b3b32eada8e1f89023ba1b80e61fd8646518fe509ad,
FGDC-2842,97e7a16fd54897bfb4368044ac77f4da7de410cab7327d53b68b867a3abeb47c,sha256:97e7a16fd54897bfb4368044ac77f4da7de410cab7327d53b68b867a3abeb47c,FGDC-2842;FGDC-3070,held,supported,pass,[],d02f39bad8d8d886ca16b1ec3cb57d1909ac7bf9d5f2b2248d22153aee19b04f,
FGDC-2843,a2fdcf96fe190394080710739480913bcef3835c22faf65db50cfcc6796c1008,sha256:a2fdcf96fe190394080710739480913bcef3835c22faf65db50cfcc6796c1008,FGDC-2843;FGDC-3071,held,supported,pass,[],ee23093ef808e1b0b7712f68fd59eb457d52f9e91f86a89ef08be58953e95c8d,
FGDC-2844,7c2c4ea5f2cf48c589c5e3afa48457b1ff229efe93aa194e4380890639f9a26c,sha256:7c2c4ea5f2cf48c589c5e3afa48457b1ff229efe93aa194e4380890639f9a26c,FGDC-2844;FGDC-3072,held,supported,pass,[],58d39a770426606840903f5f4a066ba767847a32491840a19e981e95698b5ef0,
FGDC-2845,8bf3be3528cb2cc69aa815d3baae5264b4b4b64017b90f256a93981e6bfab98a,sha256:8bf3be3528cb2cc69aa815d3baae5264b4b4b64017b90f256a93981e6bfab98a,FGDC-2845;FGDC-3073,held,supported,pass,[],7faf43e1e09fc372d6c5333f3f65ac3f6b6270c2caac632b0982728875794e8f,
FGDC-2846,4cf60c5201a00edd9beec3571c3efe2c9db2f3b47905c14e663ac6a9d30c2051,sha256:4cf60c5201a00edd9beec3571c3efe2c9db2f3b47905c14e663ac6a9d30c2051,FGDC-2846;FGDC-3074,held,supported,pass,[],d22a06179dcad19f5b3ecc6988a9d8a2eca4bf72f601ae05643f4861b2f7e52e,
FGDC-2847,58694608b7ad8153849b25cdf6fb675eddd244e3cc992e2ce1aab3949d03fc4f,sha256:58694608b7ad8153849b25cdf6fb675eddd244e3cc992e2ce1aab3949d03fc4f,FGDC-2847;FGDC-3075,held,supported,pass,[],47aa32f88f8149c3dd79236348507553b7d1eb24c02b27ff183f6e081e3f750d,
FGDC-2848,dac74b3bc27dbc14f92e84f6a0686e02d02301e29923c7ccb8b6c181edcffff9,sha256:dac74b3bc27dbc14f92e84f6a0686e02d02301e29923c7ccb8b6c181edcffff9,FGDC-2848;FGDC-3076,held,supported,pass,[],1e8e6c15ae16398beaf9a2a937f84111e3a8a4d7af9b4e038c6001c060f798b7,
FGDC-2849,7dbffdb96305ff3a71894702b3e07fa0f526d22253fb329c0dd3770f53ca3e96,sha256:7dbffdb96305ff3a71894702b3e07fa0f526d22253fb329c0dd3770f53ca3e96,FGDC-2849;FGDC-3077,held,supported,pass,[],4873170967190296f75ea072c2d984a1aac5e2d6dcd7e115ecfe278d59c63b24,
FGDC-2850,d3c01de168200db59092a5d24e0d0b302042b772488fada1b8d381e700e83df3,sha256:d3c01de168200db59092a5d24e0d0b302042b772488fada1b8d381e700e83df3,FGDC-2850;FGDC-3078,held,held,pass,"[""Metadata access terms need source-backed adjudication"",""Contradictory or unsupported source access constraints require adjudication""]",787ece789cf36ebf82e5d3fb0c848c73503c1fc8baedcc6632f36b2f69bd20e8,
FGDC-2851,02d1e5ffb9eb185b0ba9db9d47d45094c46ddd647b4fbe7388066ea4f0db16da,sha256:02d1e5ffb9eb185b0ba9db9d47d45094c46ddd647b4fbe7388066ea4f0db16da,FGDC-2851;FGDC-3079,held,supported,pass,[],4cf88d312e4fb0e502c8f0fee726ac73d8a441b3cc6bc5fd798d367593f51394,
FGDC-2852,37eefff650fe433fc92f5ba4e0b32b24c2c7609689babb6e78d11de02904401f,sha256:37eefff650fe433fc92f5ba4e0b32b24c2c7609689babb6e78d11de02904401f,FGDC-2852;FGDC-3080,held,supported,pass,[],87f65fb582c824f8e0fdcadb225502e705b92f6e83cfaf58c5ee0cf9608071b6,
FGDC-2853,b468b50cb099b16ed21e87e58d73ea460f006d983815f953f6a22f35fcb6e59e,sha256:b468b50cb099b16ed21e87e58d73ea460f006d983815f953f6a22f35fcb6e59e,FGDC-2853;FGDC-3081,held,supported,pass,[],4e1f9fb2c952790d1cf0fe5be6d043d33266d31dc31aa45cb31817b00801a93b,
FGDC-2854,1036eba58a9301cec826f665458a0305e44ae5543300640fb18f201098f9faed,sha256:1036eba58a9301cec826f665458a0305e44ae5543300640fb18f201098f9faed,FGDC-2854;FGDC-3082,held,supported,pass,[],31140b2012e049486d595b2552d496ba50612559ab7061eab71f9a96b27c9066,
FGDC-2855,b2bd69df0f66730db9182c1c90ae8a4db446fa86b276414f3dde7e974e6535a2,sha256:b2bd69df0f66730db9182c1c90ae8a4db446fa86b276414f3dde7e974e6535a2,FGDC-2855;FGDC-3083,held,supported,pass,[],67049bc99244ebcc3eabc5c4615a7eb9679f72fb7fcaa7038b546949d5be87a7,
FGDC-2856,9c243d1b1f312b0a0513db7b1b7600486f00d243d2fc7368cfec393b42fbf5c5,sha256:9c243d1b1f312b0a0513db7b1b7600486f00d243d2fc7368cfec393b42fbf5c5,FGDC-2856;FGDC-3084,held,supported,pass,[],f234e6f778c0bba12954ede88ef633fac2b47956752b14de5a45b61847d47865,
FGDC-2857,3b946823cdcbb4be330da319806c15ae4bfdb7562a051905aff62d1fbae31b5f,sha256:3b946823cdcbb4be330da319806c15ae4bfdb7562a051905aff62d1fbae31b5f,FGDC-2857;FGDC-3085,held,supported,pass,[],78780272357bfb8ffc1a34ee375a0746c970d25fa1c77a689a7eab67a99a328d,
FGDC-2858,08a7fe7b1bb1322d326797af74149dea7516fdb29304ca6ef7d05b31ae66c4b7,sha256:08a7fe7b1bb1322d326797af74149dea7516fdb29304ca6ef7d05b31ae66c4b7,FGDC-2858;FGDC-3086,held,supported,pass,[],1a55e589b2fd8cc5ed828d74c8caf2733e57dc2af21cec5cda2a3ac6007effbd,
FGDC-2859,3ef04bbf4a0465f33d922658abd048e01ba8bcd1c698ecb016aafc67f2d725f3,sha256:3ef04bbf4a0465f33d922658abd048e01ba8bcd1c698ecb016aafc67f2d725f3,FGDC-2859;FGDC-3087,held,supported,pass,[],bb465806e1c58d279207d4eb978e4df362b2cd14bba9dae43d52455ecc88faca,
FGDC-2860,8c9ecf376c60e1b4c1dddb1e18f0865cbbc410887ab100c222e50587500e401b,sha256:8c9ecf376c60e1b4c1dddb1e18f0865cbbc410887ab100c222e50587500e401b,FGDC-2860;FGDC-3088,held,supported,pass,[],464327240020e781ed9dd0fdb379ea6fe6706da9dc5fa2cde53593af75ee6b61,
FGDC-2861,43f274d62e355529dce0cda7a351796d106f0b9571f68d7ae51a33dd9705c002,sha256:43f274d62e355529dce0cda7a351796d106f0b9571f68d7ae51a33dd9705c002,FGDC-2861;FGDC-3089,held,held,pass,"[""Metadata access terms need source-backed adjudication"",""Contradictory or unsupported source access constraints require adjudication""]",068a5fec0ac7725566c6b4611c9f164b5291645bba36b205033182e436aa0852,
FGDC-2862,94be051c86453becee850b436dcb304bf27421a51cd6b7e58f74a0c81fe7b82f,sha256:94be051c86453becee850b436dcb304bf27421a51cd6b7e58f74a0c81fe7b82f,FGDC-2862;FGDC-3090,held,supported,pass,[],dc9a213b29ae61d5e3370cef7a5f90bf20543a6213a71fff5d1e5e6e5be685ac,
FGDC-2863,9567b76d95a51ac3e07891547df0f161d100777642463fd34c6701a95e1123b0,sha256:9567b76d95a51ac3e07891547df0f161d100777642463fd34c6701a95e1123b0,FGDC-2863;FGDC-3091,held,supported,pass,[],a28b887aae25133be7317ddd998c5473d4e73c67133108c772d425f18df14e57,
FGDC-2864,ef0f622fb85a1dda6a3696a88b5edd92bda71008762d089a0d48a056b7909d4c,sha256:ef0f622fb85a1dda6a3696a88b5edd92bda71008762d089a0d48a056b7909d4c,FGDC-2864;FGDC-3092,held,supported,pass,[],aaeb55d85d32f1949417707098f3ab2a55e68cccbcf0ac3f13bb17b9f3b469f7,
FGDC-2865,0057974985f73e3d541a7247f14adec03cb30d2b00fcadf8095cca415fb94258,sha256:0057974985f73e3d541a7247f14adec03cb30d2b00fcadf8095cca415fb94258,FGDC-2865;FGDC-3093,held,supported,pass,[],77b7881bba8e70a4dc9b2ab096fda1fa07161b3ddf949b27de4327a919e4f689,
FGDC-2866,e60f3f228f0419fb678a8e05fb1fad9b594b15c559fbde43bdb41dc68b780bb1,sha256:e60f3f228f0419fb678a8e05fb1fad9b594b15c559fbde43bdb41dc68b780bb1,FGDC-2866;FGDC-3094,held,supported,pass,[],9f11be92f16429808eb52c024ccebcd93c04af9ea31d18f1e18843d61119e04e,
FGDC-2867,f3a1ae81e5df689e3d7ec65780f737807721a81fb515e345a51d4fdc51e10081,sha256:f3a1ae81e5df689e3d7ec65780f737807721a81fb515e345a51d4fdc51e10081,FGDC-2867;FGDC-3095,held,supported,pass,[],21445325b3e999f510624d295b46cffdc5120efd246bc389529bb8db5d544284,
FGDC-2868,dd4cb1ad9e4350173112aa373dbf7b01be6ae296c937bb5c26243ee230ec5f27,sha256:dd4cb1ad9e4350173112aa373dbf7b01be6ae296c937bb5c26243ee230ec5f27,FGDC-2868;FGDC-3096,held,supported,pass,[],69f22b22f4e631c301e604f6c50736d6a620d564fdefc7e6e9695e7e30c354a0,
FGDC-2869,470b7f7c062f0cea050474f109017048e7ba5715421c3eb0dab9189489749738,sha256:470b7f7c062f0cea050474f109017048e7ba5715421c3eb0dab9189489749738,FGDC-2869;FGDC-3097,held,supported,pass,[],e72c7abc9a5f06b95343165a9c8a460811b5b3aeaaf933e2699dd5d923a84760,
FGDC-2870,3d96535765615f35713befc593b61d0b301e39315dd584f3ee48705cd839abf7,sha256:3d96535765615f35713befc593b61d0b301e39315dd584f3ee48705cd839abf7,FGDC-2870;FGDC-3098,held,supported,pass,[],bf9a5e1b8f431881eda381b2d6a7cf6fe536bfca1b61fd413dbc2bdc7020f7b3,
FGDC-2871,30f5b5903c26724f7a5647bba5cc9c5e996888a427093968ce853a340b0d8366,sha256:30f5b5903c26724f7a5647bba5cc9c5e996888a427093968ce853a340b0d8366,FGDC-2871;FGDC-3099,held,supported,pass,[],7b353156b04c468faac491ae3d94097d6afc181b969ac3380ea49e2ae1950a2b,
FGDC-2872,ebcdb3f1f6d5210c3ccb49c59acbb0af3e1bc8f022ef9e56c84317d952e0f76b,sha256:ebcdb3f1f6d5210c3ccb49c59acbb0af3e1bc8f022ef9e56c84317d952e0f76b,FGDC-2872;FGDC-3100,held,held,held,"[""Metadata access terms need source-backed adjudication"",""Field 'title' exceeds character limit: 358 > 250"",""Invalid transformed metadata: Field 'title' exceeds character limit: 358 > 250""]",3cf5b651fda2f5377c660c75164b811589a60dbc09f9960ec2447b571e657d56,
FGDC-2873,7768f41ce00d9e734de944e273a79ee3564d43a671b127d641e135409bf0c377,sha256:7768f41ce00d9e734de944e273a79ee3564d43a671b127d641e135409bf0c377,FGDC-2873;FGDC-3101,held,supported,pass,[],f8bdc4c109c0eea9804040c6c0073b59b874d2e3f2fd46f59c53429449bca983,
FGDC-2874,a2d59b54ce81e9d8010c67cc88909061a5eab4333648de02fd17aa99e315d42e,sha256:a2d59b54ce81e9d8010c67cc88909061a5eab4333648de02fd17aa99e315d42e,FGDC-2874;FGDC-3102,held,supported,pass,[],e58c77ac66a1950ba45978cb6ebab5af3c827bd427add363da0f3890f2da749b,
FGDC-2875,d14425b381dd815b059d5fab973c99db057dc6bbb5331b66ee68522ec8e487a4,sha256:d14425b381dd815b059d5fab973c99db057dc6bbb5331b66ee68522ec8e487a4,FGDC-2875;FGDC-3103,held,supported,pass,[],34e53857da8b4726191472ce033d041292aae3fc06109081094d2e4ae59a8435,
FGDC-2876,ca6d4f64fb3d41b7c6cfbb4884ecd9d9aee4b7e1081794787dcb64e11c3ffd80,sha256:ca6d4f64fb3d41b7c6cfbb4884ecd9d9aee4b7e1081794787dcb64e11c3ffd80,FGDC-2876;FGDC-3104,held,supported,pass,[],4553ded03c28fd6d2f4ba74dbab6ccc0343f341f0c2acf144877cfd075785ca5,
FGDC-2877,ba0d5363cfb8fa331e1feb2748bbeb1e8f68faae2e6a7718deec65363e24f2a6,sha256:ba0d5363cfb8fa331e1feb2748bbeb1e8f68faae2e6a7718deec65363e24f2a6,FGDC-2877;FGDC-3105,held,supported,pass,[],2ac547dbaea64605c5a9766a6b6ec986325f950988eaa2e1514204ec0b93dace,
FGDC-2878,5516bb99b36b1cdfc05243df49970f307e741a0f3e911ac194d9bea307690de2,sha256:5516bb99b36b1cdfc05243df49970f307e741a0f3e911ac194d9bea307690de2,FGDC-2878;FGDC-3106,held,supported,pass,[],a9fb997b3dae93ed892953bd19e8f9aecc0914e2ec5fc8bd094585ad12f19018,
FGDC-2879,00f90ad76b561b0266a3650c8c8e05e5b5087b48ac7e12a05550c7e0f494d799,sha256:00f90ad76b561b0266a3650c8c8e05e5b5087b48ac7e12a05550c7e0f494d799,FGDC-2879;FGDC-3107,held,supported,pass,[],da6ef8c9c24b73a6f365ae84630595cd329e50ab5196793068de29a337185f6f,
FGDC-2880,4a6c8e9c526c723a85e028873bdb38eba523bfaf2cb3f666fdc37246136bf183,sha256:4a6c8e9c526c723a85e028873bdb38eba523bfaf2cb3f666fdc37246136bf183,FGDC-2880;FGDC-3108,held,supported,pass,[],bbd3218bce89cc11c15a44ed8086719fa7a96909806b4844dea2c9d9d561f9ea,
FGDC-2881,3c905a19c9d6af0e1a7fc10c005b855bcf28d2af71c66c0deffa85bb5a845f2c,sha256:3c905a19c9d6af0e1a7fc10c005b855bcf28d2af71c66c0deffa85bb5a845f2c,FGDC-2881;FGDC-3109,held,supported,pass,[],e5b4cf4da1a25a5ef214b5a6c2f29364da2183bed4da0a695e36e7a498f99d2b,
FGDC-2882,8559a9894c79292f102e61412e98b61af18a6045d858fda4b293be99a5793550,sha256:8559a9894c79292f102e61412e98b61af18a6045d858fda4b293be99a5793550,FGDC-2882;FGDC-3110,held,supported,pass,[],240c00b5d027c98559592163d462708592e5001e2c71d23f0aec5834383fdca7,
FGDC-2883,e6160e2ad93b28764b4fc16f021b58b8fbc9f8e02fa9d0f7a2abcb3905c203ac,sha256:e6160e2ad93b28764b4fc16f021b58b8fbc9f8e02fa9d0f7a2abcb3905c203ac,FGDC-2883;FGDC-3111,held,held,pass,"[""Metadata access terms need source-backed adjudication"",""Contradictory or unsupported source access constraints require adjudication""]",d05e49265e72d05df78c3e2123fb84cf5657610c94c0ed467dd4d31f320931ef,
FGDC-2884,65ba604608fd6277520327d80a4b5be6f576ae8a420e5b2f86be802cd6e88ad9,sha256:65ba604608fd6277520327d80a4b5be6f576ae8a420e5b2f86be802cd6e88ad9,FGDC-2884;FGDC-3112,held,supported,pass,[],fd0d9bf930964d8d6024b9af03b5d2707336ba2c477dd5da14302f5490952f1a,
FGDC-2885,6493826fa458a5e69afe0e45462fdec1192df54ba205ffe873c90e567b14854e,sha256:6493826fa458a5e69afe0e45462fdec1192df54ba205ffe873c90e567b14854e,FGDC-2885;FGDC-3113,held,supported,pass,[],1842ee4327db319294b270bcb0dde9f6386f7f25db755a45aa7a25aecd648add,
FGDC-2886,b792de0a2b5293b8a2bb0a0cd8d3bc49d28d9d7bdf78d2b8956491cdfa649e1d,sha256:b792de0a2b5293b8a2bb0a0cd8d3bc49d28d9d7bdf78d2b8956491cdfa649e1d,FGDC-2886;FGDC-3114,held,supported,pass,[],33b219667c5603ee4867b91ffe81871dae7423a0855cf542783520741ae12be5,
FGDC-2887,b3a866604fdded20289f6c79ccc85ae78b8e249d4c8dae1625c14ebb4dea402f,sha256:b3a866604fdded20289f6c79ccc85ae78b8e249d4c8dae1625c14ebb4dea402f,FGDC-2887;FGDC-3115,held,supported,pass,[],2e02660f37019d3fd11928c6ac323069e81ae35c3ed90f62a136f5be25354e21,
FGDC-2888,6176b570865f7a31238aa1d32c66940626986b116e26b85cea9830eedb69968b,sha256:6176b570865f7a31238aa1d32c66940626986b116e26b85cea9830eedb69968b,FGDC-2888;FGDC-3116,held,supported,pass,[],d45ff05dfe1cc5d410097fe1074588eb5dae838fea09e52703e88d6e275d4618,
FGDC-2889,84250f8169dadb247a0c87393ca08ecc43aeb7cbbfa03c0e9150a8c3354288e5,sha256:84250f8169dadb247a0c87393ca08ecc43aeb7cbbfa03c0e9150a8c3354288e5,FGDC-2889;FGDC-3117,held,supported,pass,[],7be97ca081d69a12d8c9e00a0a3e3f77f1360c0741a15008cdae75dec458a74b,
FGDC-2890,74c5abf19a61208749cec092f85e18eb28496f4fa9b4aec6dd5184dadfbab310,sha256:74c5abf19a61208749cec092f85e18eb28496f4fa9b4aec6dd5184dadfbab310,FGDC-2890;FGDC-3118,held,supported,pass,[],2f4677c3f3b2aa5ad5786f5509e2e0dc8e8b64f50aecba88a0b78b2ddda08427,
FGDC-2891,0234c82e1eee02e1bf8ff89f130bfe7a586636a558899bd9649a98488063238e,sha256:0234c82e1eee02e1bf8ff89f130bfe7a586636a558899bd9649a98488063238e,FGDC-2891;FGDC-3119,held,supported,pass,[],297a65a9e82d94727c6e4cf39cbbdd8530b1034ee7a628a794468d34fea2b792,
FGDC-2892,dc90d6b237428c9be842bfd729edd2ad6f1d11ac0e76209d5cbfccd280764a8e,sha256:dc90d6b237428c9be842bfd729edd2ad6f1d11ac0e76209d5cbfccd280764a8e,FGDC-2892;FGDC-3120,held,supported,pass,[],7fdb31747c5832b52b2c1d70ed8ce63b28eb85b25ca79eafa6dc455e326d6da0,
FGDC-2893,4eb59ae7182fc297582ba615dd6ee966bb47b3df522578ea98dec3c677b5d630,sha256:4eb59ae7182fc297582ba615dd6ee966bb47b3df522578ea98dec3c677b5d630,FGDC-2893;FGDC-3121,held,supported,pass,[],f7d05555b63444f75a77b0b8641ff394f5162417c6a5e586ae44c43686a8d429,
FGDC-2894,927bb889e309c91bdbd22053c78bfb88e9f37d6f693ef785c3679dc892dd024f,sha256:927bb889e309c91bdbd22053c78bfb88e9f37d6f693ef785c3679dc892dd024f,FGDC-2894;FGDC-3122,held,held,held,"[""Metadata access terms need source-backed adjudication"",""Field 'title' exceeds character limit: 276 > 250"",""Invalid transformed metadata: Field 'title' exceeds character limit: 276 > 250""]",e2ff49edf4a45715f2c1af471dae702706ac8a49610f75270023484d2d51b386,
FGDC-2895,48fbdd49ad53843d2b41b9f71baaf8d0563d7718040357d22a8d87e7015c3af1,sha256:48fbdd49ad53843d2b41b9f71baaf8d0563d7718040357d22a8d87e7015c3af1,FGDC-2895;FGDC-3123,held,supported,pass,[],073368a9746e4743a0baa2d80fbc0563c8db3f3c8556d509027f40cd23627120,
FGDC-2896,6131517411f850cc6e9ece3c7adbae8dffac3eec4ad9da9e1c321992b1a3dff6,sha256:6131517411f850cc6e9ece3c7adbae8dffac3eec4ad9da9e1c321992b1a3dff6,FGDC-2896;FGDC-3124,held,supported,pass,[],101704b37d0bdb14b183159301595b49ac50082584138e29ab43454b433ae157,
FGDC-2897,d99e58947157d22b9d56409c5c49ca6f772c94d5e83ab5f8630b13391a12ea1e,sha256:d99e58947157d22b9d56409c5c49ca6f772c94d5e83ab5f8630b13391a12ea1e,FGDC-2897;FGDC-3125,held,supported,pass,[],d7145d71c28ba9c6f218e9916cba54f9ee6d7b70464c37588cd119722b3be9c8,
FGDC-2898,3e0e5b245b9a83830bc694de8d4041c98511a96b42b070a88677f6485f8b2eb8,sha256:3e0e5b245b9a83830bc694de8d4041c98511a96b42b070a88677f6485f8b2eb8,FGDC-2898;FGDC-3126,held,supported,pass,[],2eff6210f7e958be27baa16dee73213c3bf68913250686e494846c01ab5140fe,
FGDC-2899,4f2a8a205fa1b14a2ba01965e9e93607c55c7d2d425bdb456bdd0a8136841874,sha256:4f2a8a205fa1b14a2ba01965e9e93607c55c7d2d425bdb456bdd0a8136841874,FGDC-2899;FGDC-3127,held,supported,pass,[],13c8e6370ce6dcf95496184c138019f06beddfbda79f627e99ae59d7d92c6250,
FGDC-2900,419a9f1c02cdc54276a4c316b5ef04f088562f6e1144a1601d2197c04c17f6c5,sha256:419a9f1c02cdc54276a4c316b5ef04f088562f6e1144a1601d2197c04c17f6c5,FGDC-2900;FGDC-3128,held,supported,pass,[],42f94b4ecf60a126bb541b4fc34fdbe4f17cf7c0a82c9bc82213f7309e474295,
FGDC-2901,2b75d335087d2048a6f8dad2e3b984a6f313c8ccb3850b47d78ba4c278955a44,sha256:2b75d335087d2048a6f8dad2e3b984a6f313c8ccb3850b47d78ba4c278955a44,FGDC-2901;FGDC-3129,held,supported,pass,[],d02ce6a4bd0ce49e689d77a15a3b5e71a28c7e26059941fd4805e71e1de1c106,
FGDC-2902,78c33e1d6bb7551d87fee7cf4fc41d4d3ea92cfdfd0b320971c093d7ca165b2a,sha256:78c33e1d6bb7551d87fee7cf4fc41d4d3ea92cfdfd0b320971c093d7ca165b2a,FGDC-2902;FGDC-3130,held,supported,pass,[],5d20cc90a12686f76e6f178ef89f8c0ac9ad1da5d06155628b01a94d9e1a872a,
FGDC-2903,6dc21b61ad5e3b29eb6efdb74e918ccfe1fa1c9b76aec5fdd150cd21dc121e75,sha256:6dc21b61ad5e3b29eb6efdb74e918ccfe1fa1c9b76aec5fdd150cd21dc121e75,FGDC-2903;FGDC-3131,held,supported,pass,[],6258e1523dc24b310a0854a2a977c47718d32bab56d82f7d471f42a7177d18c6,
FGDC-2904,80c261cd5465afee8dab90e7428160c66b0ca63a5482a9733784e51c91c2778a,sha256:80c261cd5465afee8dab90e7428160c66b0ca63a5482a9733784e51c91c2778a,FGDC-2904;FGDC-3132,held,held,pass,"[""Metadata access terms need source-backed adjudication"",""Contradictory or unsupported source access constraints require adjudication""]",2bd32ce361097c3bcc717aa9f792fb126df5de1e81cf50d66b7014b2d17fb21b,
FGDC-2905,cfeff877201b752e1828ef3d812edd61b7f73769ded42fdeb769deae3b3b11e8,sha256:cfeff877201b752e1828ef3d812edd61b7f73769ded42fdeb769deae3b3b11e8,FGDC-2905;FGDC-3133,held,supported,pass,[],440e1f37e361550df86415f3e6de4cfc33623bf44513818ee56cb992f8e88f9c,
FGDC-2906,7299a7fbc4a6a6f27923f502a5ee54091d183e6d8d9888d8c1c30b9c48272c46,sha256:7299a7fbc4a6a6f27923f502a5ee54091d183e6d8d9888d8c1c30b9c48272c46,FGDC-2906;FGDC-3134,held,supported,pass,[],797b89108faf93e6117ccea88d34fd85ea0dbb6093229f8bce372af0855229fc,
FGDC-2907,97a837ae20a074387091b097a3d9eb9db4524c047c10b5b4b9a1eb3075873612,sha256:97a837ae20a074387091b097a3d9eb9db4524c047c10b5b4b9a1eb3075873612,FGDC-2907;FGDC-3135,held,supported,pass,[],b70fb33c94550b9fe9e8b295b9c1c949513c175d79231b525002bf7c0239df3f,
FGDC-2908,7bfe1cbb1c85f4b11217c7168eb2305407696b63f846df8d8461ef55f8292433,sha256:7bfe1cbb1c85f4b11217c7168eb2305407696b63f846df8d8461ef55f8292433,FGDC-2908;FGDC-3136,held,supported,pass,[],85dd94936b4c10b41455dfb194abb6f282d2959b3c16c7715d3b2ce7f2eb2b2d,
FGDC-2909,ae70668401c1c70565e0e2ce49b26706c6761beef8278d9179925f5b5d88ed77,sha256:ae70668401c1c70565e0e2ce49b26706c6761beef8278d9179925f5b5d88ed77,FGDC-2909;FGDC-3137,held,supported,pass,[],e2596e49e34c564bd81235d94b96a168e3fc65444397763620deb7d794bc22d6,
FGDC-2910,55d334aaa499684878f5b5d73fc3f7cada57d056c365cb306016482b5e5c9bf6,sha256:55d334aaa499684878f5b5d73fc3f7cada57d056c365cb306016482b5e5c9bf6,FGDC-2910;FGDC-3138,held,supported,pass,[],28c30c4dd185f6200210b81fdd10155ceb06a876e68e03ec4ba651b4958d87e7,
FGDC-2911,a2b51c74bd83865943aed91f2b47d1f9a0435da00f0f4443b2d7f339a3cca896,sha256:a2b51c74bd83865943aed91f2b47d1f9a0435da00f0f4443b2d7f339a3cca896,FGDC-2911;FGDC-3139,held,supported,pass,[],d70405829c5455603d3d684d1884ef33c8b007525367241d057d12b4083e1467,
FGDC-2912,720e4a09f46a1f9e1daf116d866726ecfff91cdd99718efac27aacc119d65d9d,sha256:720e4a09f46a1f9e1daf116d866726ecfff91cdd99718efac27aacc119d65d9d,FGDC-2912;FGDC-3140,held,supported,pass,[],316d76cd951423d600973aa7b0c7c7783409986623e06f3184b87046e32d7be6,
FGDC-2913,8e2add3b8a3642cadc131c3a6ccadfce4121072592f1fb0d3e4693db5c16cfc9,sha256:8e2add3b8a3642cadc131c3a6ccadfce4121072592f1fb0d3e4693db5c16cfc9,FGDC-2913;FGDC-3141,held,supported,pass,[],47e1881b5650e57d3db7ef088eb582ce77db2698bb7a8c773a6e3d5affbaa26a,
FGDC-2914,aed8dc374f2869c79a746ed40d8129e940d566719b3232a30b80a82b4a69b875,sha256:aed8dc374f2869c79a746ed40d8129e940d566719b3232a30b80a82b4a69b875,FGDC-2914;FGDC-3142,held,supported,pass,[],294d60c6a671772dc503a4e11efc6abe6d5a4db128b9d00bac55e63ccc434d9f,
FGDC-2915,4385a97b249dfbe21ef694ae80bc40c0f7b409f0cdc4b4705f532a90f1549914,sha256:4385a97b249dfbe21ef694ae80bc40c0f7b409f0cdc4b4705f532a90f1549914,FGDC-2915;FGDC-3143,held,held,pass,"[""Metadata access terms need source-backed adjudication"",""Contradictory or unsupported source access constraints require adjudication""]",9cae32daf23173426091459210751d1262497dfdb4b274a25bd11e7c507d8fe6,
FGDC-2916,b2fdc54fa458ac46ef23c2058e70ae8d48ad55f546399562a2aa4aa734c7f26d,sha256:b2fdc54fa458ac46ef23c2058e70ae8d48ad55f546399562a2aa4aa734c7f26d,FGDC-2916;FGDC-3144,held,supported,pass,[],9805d8c7f22048ddf32640a719126424e272e6ed3be18b3955be2a9b1745998b,
FGDC-2917,043e1f5c838e7d20f047722a8e2ed4ec0d1a59c271013690c949f452632ba12e,sha256:043e1f5c838e7d20f047722a8e2ed4ec0d1a59c271013690c949f452632ba12e,FGDC-2917;FGDC-3145,held,supported,pass,[],6caa8c82f297e863796a5d8b782e41407a3a6be48b0947ea1c0b6b245ba58ace,
FGDC-2918,bf1a701c9edd057ed83107c06a4bfd675f7b82e77ebb274967419dca8cb8c862,sha256:bf1a701c9edd057ed83107c06a4bfd675f7b82e77ebb274967419dca8cb8c862,FGDC-2918;FGDC-3146,held,supported,pass,[],d7369a838f9f3ee43f9c04fb7c84adcb222090a22abb4a33f88191f700f36300,
FGDC-2919,dfa2a06d87ff978ceb26315117f8dbe45b2a8fc7ee994ce4d7743b5e6ca82611,sha256:dfa2a06d87ff978ceb26315117f8dbe45b2a8fc7ee994ce4d7743b5e6ca82611,FGDC-2919;FGDC-3147,held,supported,pass,[],57519fec6caee2316d5346b9f7075c36a223462b351431a70d994d02b89cdefa,
FGDC-2920,66097bbcd0f102a76e6fd464be17ded1cbc3ae33ddfcad625f066689f42dcd21,sha256:66097bbcd0f102a76e6fd464be17ded1cbc3ae33ddfcad625f066689f42dcd21,FGDC-2920;FGDC-3148,held,supported,pass,[],9c5ebdfe36c1fc06f9565c8d306e503cab4a7c7f2508f6285cf23c3e59e35aa3,
FGDC-2921,4c7a232a36c52b9da730f8300fc168c94f8baa500a4ee2c4588abb9165092f34,sha256:4c7a232a36c52b9da730f8300fc168c94f8baa500a4ee2c4588abb9165092f34,FGDC-2921;FGDC-3149,held,supported,pass,[],d89d2fb23a0fea9df48718d87f537b5c4231a94152bac8e359a3ad70d2ed42e2,
FGDC-2922,1c72eef972645e3f1b561df91fd7eb08374d8d9d07a5dad8b423774082c1e62d,sha256:1c72eef972645e3f1b561df91fd7eb08374d8d9d07a5dad8b423774082c1e62d,FGDC-2922;FGDC-3150,held,supported,pass,[],98c0ab5380e1d887fd048614f4f68d7b2b29c3b8e3ec02c6055154507d2da51b,
FGDC-2923,d5b2805699de6c4985fc7b8fb9fb0714b8b1454395c8241a6d50993a166b0cb6,sha256:d5b2805699de6c4985fc7b8fb9fb0714b8b1454395c8241a6d50993a166b0cb6,FGDC-2923;FGDC-3151,held,supported,pass,[],a583859ecccdf0dcb591d5c71e9500c0308eadff3d4451cb9e6d94acb284ae8d,
FGDC-2924,20a3bac8b456721eae85a0ca5909f011b0bc1f5e651eda7de5882c7e2e006045,sha256:20a3bac8b456721eae85a0ca5909f011b0bc1f5e651eda7de5882c7e2e006045,FGDC-2924;FGDC-3152,held,supported,pass,[],42cfac940b00311bf16efc767df882cbc0d06c06eb438a8e035b031f79cb5a88,
FGDC-2925,d9d6edc6d7799c73ead9c7e3ae8693b4f696f863e08834ece535c454186bf29c,sha256:d9d6edc6d7799c73ead9c7e3ae8693b4f696f863e08834ece535c454186bf29c,FGDC-2925;FGDC-3153,held,supported,pass,[],a3a99e06b5cb55a03a28b7d599d99b337630fe76e1afa0eb272b192430058deb,
FGDC-2926,d67382ea4475d9d44e1214a171cb98a1a06edd6ce32559694133904e59ae6fb0,sha256:d67382ea4475d9d44e1214a171cb98a1a06edd6ce32559694133904e59ae6fb0,FGDC-2926;FGDC-3154,held,held,pass,"[""Metadata access terms need source-backed adjudication"",""Contradictory or unsupported source access constraints require adjudication""]",fc9e74af6818fb7a0c1bfc8cebe62c94f455111e3b90d58602ad1d4db8b90c9e,
FGDC-2927,e4c38bae9a99b7a9773e57dda165320f2ea55a28d9e8324729837b8ca5be9d18,sha256:e4c38bae9a99b7a9773e57dda165320f2ea55a28d9e8324729837b8ca5be9d18,FGDC-2927;FGDC-3155,held,supported,pass,[],15e1edd786cc64c8c82ea81f5f9f12e7d647272748dc2c1bd4b34b4168d10a6d,
FGDC-2928,bb3f7deef777eac0b5890d37f31f0fe6943db5fe44053b38138ffa655f541432,sha256:bb3f7deef777eac0b5890d37f31f0fe6943db5fe44053b38138ffa655f541432,FGDC-2928;FGDC-3156,held,supported,pass,[],1d02d25c9c6d711f74196d94eb7c858fefa86ced91bd91b4ac784c2afa9710ef,
FGDC-2929,d3982b991a93644657507e51c7d931f20dc810c676b7039613f44d8a5fd50a48,sha256:d3982b991a93644657507e51c7d931f20dc810c676b7039613f44d8a5fd50a48,FGDC-2929;FGDC-3157,held,supported,pass,[],2c652eca0a0c3828165392bab96593617a4199f8f973b525cab7b287aa72b451,
FGDC-2930,f7c6fad0f2ede5d1addc088f999dbff5b89a86ffa60598a18d373cc3c2c227ce,sha256:f7c6fad0f2ede5d1addc088f999dbff5b89a86ffa60598a18d373cc3c2c227ce,FGDC-2930;FGDC-3158,held,supported,pass,[],aafc4f12982d2a54cff00e69e56160631dcc36b93bdee73277037dd7ec8f7b45,
FGDC-2931,8d610ed681161472e5f572cae9d52695d751b8e3f70ec41761e5ba493f4319f4,sha256:8d610ed681161472e5f572cae9d52695d751b8e3f70ec41761e5ba493f4319f4,FGDC-2931;FGDC-3159,held,supported,pass,[],b8997b05dcf0a8f6d53a76f37ecb0cef7d57277856b95f392c99350aa8974f25,
FGDC-2932,86c7a76960666079facd67c81e5a5e5264f82e2efe5f03245c4b1cbf37057ca5,sha256:86c7a76960666079facd67c81e5a5e5264f82e2efe5f03245c4b1cbf37057ca5,FGDC-2932;FGDC-3160,held,supported,pass,[],0e010add4264a489c8fc5bbf40f6b14e3ffaf40927a8775647b49b1e6d572052,
FGDC-2933,96d81f09a53849c8014ffb95c6b986be60db34c33fdf95f209a3f722d11315ee,sha256:96d81f09a53849c8014ffb95c6b986be60db34c33fdf95f209a3f722d11315ee,FGDC-2933;FGDC-3161,held,supported,pass,[],d40e6cf7b89714f4bf9d4a1363af7069b1ca8bdc8d37bd2ab54817fc80089df2,
FGDC-2934,e6cbd9194870c32c0e31b4890a29d6213753aa52b4981d7e929bb56b81c704e1,sha256:e6cbd9194870c32c0e31b4890a29d6213753aa52b4981d7e929bb56b81c704e1,FGDC-2934;FGDC-3162,held,supported,pass,[],612c6952679a0ae41f825fe16f3c5a18d3d5e9131a23bff744e3215e6fc6a6a9,
FGDC-2935,f5deef3c3d9a8acf0e169e35ea06d3d043c39b55230d9eb96cb0a9e887eb7cc3,sha256:f5deef3c3d9a8acf0e169e35ea06d3d043c39b55230d9eb96cb0a9e887eb7cc3,FGDC-2935;FGDC-3163,held,supported,pass,[],be969258682c86a3e7cb9fdd85a38d5d6fec1848566dce933adf39ed13116748,
FGDC-2936,e538752a0a35fe5aee2c97efa8491227a5156e4b68f9a6650b42708e6a396d61,sha256:e538752a0a35fe5aee2c97efa8491227a5156e4b68f9a6650b42708e6a396d61,FGDC-2936;FGDC-3164,held,supported,pass,[],dc289fceb1c9e66e734ea6a2268028e082d0ffd97379aeb9feecc44d3ee9ab18,
FGDC-2937,41d91946ae8c93520bb49b6cfc1b60aad634489ac2e45de9ff4fa4c891684bec,sha256:41d91946ae8c93520bb49b6cfc1b60aad634489ac2e45de9ff4fa4c891684bec,FGDC-2937;FGDC-3165,held,held,pass,"[""Metadata access terms need source-backed adjudication"",""Contradictory or unsupported source access constraints require adjudication""]",a9c70cda9dc7df386532c29839dcca4279c0282808fbfc9e8ebb060085898f88,
FGDC-2938,5b4ae022cfc35250fe5add4f2605cc32fda6e595eea09c0c0b1c7e4dcdaa75cd,sha256:5b4ae022cfc35250fe5add4f2605cc32fda6e595eea09c0c0b1c7e4dcdaa75cd,FGDC-2938;FGDC-3166,held,supported,pass,[],716f9e1be99fe7f9fdd13bf6bf3ab007977b1dc9659b568a1e5088cf50cf1ec1,
FGDC-2939,32788808916a30df8052c73f3cd5927b1835b5bc5ced32da44b1ba1c1c83ea62,sha256:32788808916a30df8052c73f3cd5927b1835b5bc5ced32da44b1ba1c1c83ea62,FGDC-2939;FGDC-3167,held,supported,pass,[],6bd16dc43d166e86afbc9715167b1a87b8531db10d0f9632f8debd813630b2c8,
FGDC-2940,f724e80d30beb34a10a375b071d28ff0025495143bbebc6dccb6ef49c4ee0cc5,sha256:f724e80d30beb34a10a375b071d28ff0025495143bbebc6dccb6ef49c4ee0cc5,FGDC-2940;FGDC-3168,held,supported,pass,[],8cec428bc69985ebcd9ae39905a6398c17b6f6e601c92d3228d0153917c40404,
FGDC-2941,609f4c8cfc54e5e15757cc77b920da55b47461159521b98ac36e74b1ffe963a4,sha256:609f4c8cfc54e5e15757cc77b920da55b47461159521b98ac36e74b1ffe963a4,FGDC-2941;FGDC-3169,held,supported,pass,[],78011e07f1f6fc4876b5601b8e90e6c28fb5102b80a230dc9ed3886c11ce6530,
FGDC-2942,2eaa9caf6eb481eade261a8e3e54f1aaf41d4a32df0a1d076ee9b40246a24c0d,sha256:2eaa9caf6eb481eade261a8e3e54f1aaf41d4a32df0a1d076ee9b40246a24c0d,FGDC-2942;FGDC-3170,held,supported,pass,[],3cbe26bc3be7b3b7ee7f6eb480ba4ab543ca8f4476c0e2f7269d18d0134b8165,
FGDC-2943,50c95f15911411ee3f6a38e926eeb6b035340cf09539fb91b4b873a52e6991ef,sha256:50c95f15911411ee3f6a38e926eeb6b035340cf09539fb91b4b873a52e6991ef,FGDC-2943;FGDC-3171,held,supported,pass,[],202b85283801270aaed1c884e544137182c1b7b98a2b4c95837c6522fa80daf2,
FGDC-2944,3b10c8879de129c36804c7ae4ee72cda774e30b5347f127a2905c7f266685935,sha256:3b10c8879de129c36804c7ae4ee72cda774e30b5347f127a2905c7f266685935,FGDC-2944;FGDC-3172,held,supported,pass,[],da8b44caaa4a154f98f6b2e0c07fe269f6ea00227d8e3de132bc15234eeb9442,
FGDC-2945,42ba13b6ebf5f26f60ba75bd408b9e4d16181f38cf801d10ffb7dbdcaa7a4e36,sha256:42ba13b6ebf5f26f60ba75bd408b9e4d16181f38cf801d10ffb7dbdcaa7a4e36,FGDC-2945;FGDC-3173,held,supported,pass,[],7160405cdf97b968645f60c52a983c2d86b486767861797ef0ab62dbffb59078,
FGDC-2946,da5db54591e32c5b34a1d35332c4c6426ae7565d20e8bb47a24308d9af3ea4ba,sha256:da5db54591e32c5b34a1d35332c4c6426ae7565d20e8bb47a24308d9af3ea4ba,FGDC-2946;FGDC-3174,held,supported,pass,[],f52f9d919ed06bc23d23c12aabbad3ab5ea641e2c51424403231eaa541a41084,
FGDC-2947,08e2c243c30f5bed157281216e01c3d7b6c21647d5e78ddeee1240774380e43a,sha256:08e2c243c30f5bed157281216e01c3d7b6c21647d5e78ddeee1240774380e43a,FGDC-2947;FGDC-3175,held,supported,pass,[],c69cf9ddcd123a0e43ba97d86cd97b716970b56b721d9d9a05a0611eae2909b2,
FGDC-2948,ca9a74702d046a13e70abac603f87b17618ecd2a70c51f1363c80629f574f615,sha256:ca9a74702d046a13e70abac603f87b17618ecd2a70c51f1363c80629f574f615,FGDC-2948;FGDC-3176,held,held,pass,"[""Metadata access terms need source-backed adjudication"",""Contradictory or unsupported source access constraints require adjudication""]",6878f6de2f8ce3d1cdcd277ff7082d92f17014d93c34461fa7127d4761fb5da7,
FGDC-2949,26fdd51ab6cf1a96245eb1609d7732dd34fe8a74ffe9b0ff3b780c8d750ca8a8,sha256:26fdd51ab6cf1a96245eb1609d7732dd34fe8a74ffe9b0ff3b780c8d750ca8a8,FGDC-2949;FGDC-3177,held,held,pass,"[""Metadata access terms need source-backed adjudication"",""Contradictory or unsupported source access constraints require adjudication""]",60a5864fc60375fbf5a91f8c5b6e8b3303118d4234af0f85896ed14fff990538,
FGDC-2950,1c86d7c7c59a1f79c85e944e87aa5cc2aa0ffc408f5c5b8468e222289cf424b8,sha256:1c86d7c7c59a1f79c85e944e87aa5cc2aa0ffc408f5c5b8468e222289cf424b8,FGDC-2950;FGDC-3178,held,supported,pass,[],046bfaf9feb661b73a7015503c668dc774fb9285e63f8b09956be92093aca6ae,
FGDC-2951,2c0b55c3b0889bac1b577b28a73e2ee2777c48cd54564180a636a6e13343febe,sha256:2c0b55c3b0889bac1b577b28a73e2ee2777c48cd54564180a636a6e13343febe,FGDC-2951;FGDC-3179,held,supported,pass,[],d502c31866185921b4366c20d6fcb250384fb40990207fded2e94986e481b4fe,
FGDC-2952,beeb92e66501fc8dd67eb415dfe2bde1c83632890a041ee15cf856ef8eda0aa4,sha256:beeb92e66501fc8dd67eb415dfe2bde1c83632890a041ee15cf856ef8eda0aa4,FGDC-2952;FGDC-3180,held,supported,pass,[],bffa6ee1d92ea9938c2a82f360fd1de0265100ac8015e086375b263d160222b8,
FGDC-2953,0025e59c5556d26b1c14ceac8c4c840057a271724b524c087db2dd0fb4315025,sha256:0025e59c5556d26b1c14ceac8c4c840057a271724b524c087db2dd0fb4315025,FGDC-2953;FGDC-3181,held,supported,pass,[],943eb76f8c0cf3c5d9c785993d871278f300a213ef50632d13838eef20c78b4f,
FGDC-2954,ffee49ac0dc497ed873943ec907f06d870aa42d577a1c7a325e9cc8d9595c0ea,sha256:ffee49ac0dc497ed873943ec907f06d870aa42d577a1c7a325e9cc8d9595c0ea,FGDC-2954;FGDC-3182,held,supported,pass,[],81e677ff921062e05ae51648c384e46a91d1ed35dc230190b81166977cfcba69,
FGDC-2955,262bc60b36121bfc4c218ec771a995ea59d0bccefd87bd2a4ad04a8558919411,sha256:262bc60b36121bfc4c218ec771a995ea59d0bccefd87bd2a4ad04a8558919411,FGDC-2955;FGDC-3183,held,supported,pass,[],766e4220c392520fed6d12b3d02af1d730f99015ad9f350e2e7ed80a87b7dac3,
FGDC-2956,504466cc8ef0a1cf11d858fced405b81d175d503d23b4e2a0e0d0615aa77b956,sha256:504466cc8ef0a1cf11d858fced405b81d175d503d23b4e2a0e0d0615aa77b956,FGDC-2956;FGDC-3184,held,supported,pass,[],9c6aebcbeabce59bf4594c4d7fb0c9d9d8e48cdf87ef758f7ba56d3901e7776d,
FGDC-2957,40b14a334379e5e416b69e6717ba8981c4488bf7d78388ce38cfacf0e614dd99,sha256:40b14a334379e5e416b69e6717ba8981c4488bf7d78388ce38cfacf0e614dd99,FGDC-2957;FGDC-3185,held,supported,pass,[],a077f86fe113ea22cd7c7ec6fc8ee5f8ec8dc40b9c910ff001925a124d7330ef,
FGDC-2958,c106b2016fb714fe16f215daf621102da77b1e5a2fb758e768c60ec65ecb8340,sha256:c106b2016fb714fe16f215daf621102da77b1e5a2fb758e768c60ec65ecb8340,FGDC-2958;FGDC-3186,held,supported,pass,[],78c24a11891aabb3830b092b7c58d0c78d8c5aa9880001df959d8d45e82efbca,
FGDC-2959,99d7f76bb554a2b37c96f3cfa002ba41cdc36a6315fc4ae732ccee1f3c34d469,sha256:99d7f76bb554a2b37c96f3cfa002ba41cdc36a6315fc4ae732ccee1f3c34d469,FGDC-2959;FGDC-3187,held,supported,pass,[],9935e3e96a202580bbae963294cb424750f105448166568cf2c2b98e9a7cb491,
FGDC-2960,b894b4d7dacde8dff0994f6c761d2bc25d1ec580927f74fa84cd5f5676defc44,sha256:b894b4d7dacde8dff0994f6c761d2bc25d1ec580927f74fa84cd5f5676defc44,FGDC-2960;FGDC-3188,held,held,held,"[""Metadata access terms need source-backed adjudication"",""Field 'title' exceeds character limit: 252 > 250"",""Invalid transformed metadata: Field 'title' exceeds character limit: 252 > 250""]",23e754a5a22ec641c0abed54ffb4d221421da108261199caaba020dc5cc70c77,
FGDC-2961,9c378fc791115cc0d99fbbbdaf9e8f72ec3f312263c0dfb50b7d622bc7d61146,sha256:9c378fc791115cc0d99fbbbdaf9e8f72ec3f312263c0dfb50b7d622bc7d61146,FGDC-2961;FGDC-3189,held,supported,pass,[],ed2e216b8378eb4416c777caf8037fe489d15b48b1f8a51ede6f30086a43ccc0,
FGDC-2962,19a4fa5285402b696d11bdff009dca34f604bd190806390ef077a374dbeb9cae,sha256:19a4fa5285402b696d11bdff009dca34f604bd190806390ef077a374dbeb9cae,FGDC-2962;FGDC-3190,held,supported,pass,[],84ccaf00cd3ce5abd18546fbbc96e67c2d186cb843c5696b3bdeaff7555cd12f,
FGDC-2963,0d4162b709669eb7d6cce6b3eaa26776839c32f2b2bea67d7a1ada8363244f6b,sha256:0d4162b709669eb7d6cce6b3eaa26776839c32f2b2bea67d7a1ada8363244f6b,FGDC-2963;FGDC-3191,held,supported,pass,[],329af1d6258f5e357c6a9ea159d7a85d8c861edc56e18e6c3763e24cfa19b52a,
FGDC-2964,c4aa3a85ab4e958077f06612dabf23ea732696bcf657ff57ea2dd6150db4bae9,sha256:c4aa3a85ab4e958077f06612dabf23ea732696bcf657ff57ea2dd6150db4bae9,FGDC-2964;FGDC-3192,held,supported,pass,[],325c296b76dc38acb43a1025e219a4d8419fe09501f609d37361c7fdaaa944b6,
FGDC-2965,a5cc5c7b825adb5fadcd4cc9f1ddbef1a58ef5099c3cd392b020feeeeac4e383,sha256:a5cc5c7b825adb5fadcd4cc9f1ddbef1a58ef5099c3cd392b020feeeeac4e383,FGDC-2965;FGDC-3193,held,supported,pass,[],356e1a7e0caaef0e328936b31259c3acad6f3cc34f368d86725a6dd47086ab44,
FGDC-2966,81ec0fbb7ecb7dd50f4a119a67e9428934b7de66cb8ee3cbedff85640a8ded7e,sha256:81ec0fbb7ecb7dd50f4a119a67e9428934b7de66cb8ee3cbedff85640a8ded7e,FGDC-2966;FGDC-3194,held,supported,pass,[],18c369ff1e517c3e1a70d0d8e0aae798f03dec63f62aa44a97a67cf808bc44ac,
FGDC-2967,ee91a456cdf06d0611c9653831fd9f2c6594582bbfea25191f1ec4402147f35e,sha256:ee91a456cdf06d0611c9653831fd9f2c6594582bbfea25191f1ec4402147f35e,FGDC-2967;FGDC-3195,held,supported,pass,[],050a1594362f54ab3365b6ec446ec56a649f579e8d431b99dca998cad7085c9a,
FGDC-2968,d8aaae0145540ed28aa4010f102ac922f301799b39b43ad1a61bb5db130d54d1,sha256:d8aaae0145540ed28aa4010f102ac922f301799b39b43ad1a61bb5db130d54d1,FGDC-2968;FGDC-3196,held,supported,pass,[],4d4621e7fc50fc2e9772c9b01ea0c38f0b60b82f65f72f342ca2b3d406241110,
FGDC-2969,d99fb6f875fbc2b30b8e21f4a94226c84fc02f230ed12762a81b9ff206369f7f,sha256:d99fb6f875fbc2b30b8e21f4a94226c84fc02f230ed12762a81b9ff206369f7f,FGDC-2969;FGDC-3197,held,supported,pass,[],563bf962144d4a21f076408ab8ee24332aa0131124719299f922020b1c1b4c6b,
FGDC-2970,2cb2d7df117b03100e82b5f216dcf9e174b90c644c4f221b4cc638afde922f45,sha256:2cb2d7df117b03100e82b5f216dcf9e174b90c644c4f221b4cc638afde922f45,FGDC-2970;FGDC-3198,held,supported,pass,[],e7d2ee92a24a0fe8d5c36ed41080bc72dacae87471e41ba74047b712b0c0f0c0,
FGDC-2971,f3cb8a667d674df59c9552569750453e3e9584d80499e3b5fea1bbc7fc9fff78,sha256:f3cb8a667d674df59c9552569750453e3e9584d80499e3b5fea1bbc7fc9fff78,FGDC-2971;FGDC-3199,held,held,pass,"[""Metadata access terms need source-backed adjudication"",""Contradictory or unsupported source access constraints require adjudication""]",6fc97a6de9c054b40fc1fd6bd6ee8f54ef3d52a5c6280fa6369f049421a8c39c,
FGDC-2972,d132c7141939dc7fc1d8cb76d9973ef8afb44acd91b50d1d7eab23b9d9c40f09,sha256:d132c7141939dc7fc1d8cb76d9973ef8afb44acd91b50d1d7eab23b9d9c40f09,FGDC-2972;FGDC-3200,held,supported,pass,[],c6e7880e68b8d44db0997abc61f9fa25217ddc7754c4929e5b4adec9511b4776,
FGDC-2973,fdb25d83f05b104d0c73db6365aef56570be101959cf8333217bb12d72f83c46,sha256:fdb25d83f05b104d0c73db6365aef56570be101959cf8333217bb12d72f83c46,FGDC-2973;FGDC-3201,held,supported,pass,[],7b7c1879eaf7ec78034b75a85d51bdaa27473753f100fe33787caf9e0a695a4a,
FGDC-2974,a3a798d1e6c221adfe32580577dd1cbd650ea3340e0a9ef2f90699800903bda3,sha256:a3a798d1e6c221adfe32580577dd1cbd650ea3340e0a9ef2f90699800903bda3,FGDC-2974;FGDC-3202,held,supported,pass,[],c712a6f72de09f9804568107bb3a02060e728ac0f7b796a25da5c24a8eec362e,
FGDC-2975,dde0010f8f4c15891cca79b3658337ca6106bb4fa85b5e59d7516392e53cddae,sha256:dde0010f8f4c15891cca79b3658337ca6106bb4fa85b5e59d7516392e53cddae,FGDC-2975;FGDC-3203,held,supported,pass,[],809b7e7603bc706389c19614021e6e1d3aa309503b9d42716bde533153ea714d,
FGDC-2976,799b119aeca6bab2cf1eabff8bc0c9df1cf4640e15f127c1ef8f86d70677e973,sha256:799b119aeca6bab2cf1eabff8bc0c9df1cf4640e15f127c1ef8f86d70677e973,FGDC-2976;FGDC-3204,held,supported,pass,[],0b3435eab4a41da71a3304c6b33d1058f1a72364a03a210f219daa58aa411cf9,
FGDC-2977,5f8ec5a2cd0ae3f009e785ad3b453fed0e930de79c1b29b096e0533d2e5e0fe6,sha256:5f8ec5a2cd0ae3f009e785ad3b453fed0e930de79c1b29b096e0533d2e5e0fe6,FGDC-2977;FGDC-3205,held,supported,pass,[],88eb56c22789bfc97325404933633efc9b82e7aae5a427aef1d460029465ddfd,
FGDC-2978,584a0f91ec877a42a8a2e9d9669f5ea3f17b342ff535691c77f71528f6aa3774,sha256:584a0f91ec877a42a8a2e9d9669f5ea3f17b342ff535691c77f71528f6aa3774,FGDC-2978;FGDC-3206,held,supported,pass,[],ae6bb61f29b4dc99e0cd75b14d277bdd53c1f1e7517d88a8526316700eeed739,
FGDC-2979,ae45cd6d49bcf671c3cc05ac122d109911c485d1987d426fd4af81bae182190f,sha256:ae45cd6d49bcf671c3cc05ac122d109911c485d1987d426fd4af81bae182190f,FGDC-2979;FGDC-3207,held,supported,pass,[],107e90631a1164c138c945ac7559eef7a4a9d4f21e252984a4e955ad151bbec1,
FGDC-2980,5e25eb276bb38fb4d0ebe2428deea28da3d47365dedaba7fe07332a39d45adac,sha256:5e25eb276bb38fb4d0ebe2428deea28da3d47365dedaba7fe07332a39d45adac,FGDC-2980;FGDC-3208,held,supported,pass,[],65be27f0d76d9f326f43d916edab208ae6c05f756d53f9fdf67a3e650592fda8,
FGDC-2981,eb9d64e32b53037e98dcd6546ab708a971c75ab058a4ee7c637098d523e8a827,sha256:eb9d64e32b53037e98dcd6546ab708a971c75ab058a4ee7c637098d523e8a827,FGDC-2981;FGDC-3209,held,supported,pass,[],78fefd99f41f18fab39544dc26966c5302a3d3fe54f34c0c200598e19086ed89,
FGDC-2982,327e3be013aa03c2795f19a8e79cafc59dfce5628efe0c0eff970ea68461afdd,sha256:327e3be013aa03c2795f19a8e79cafc59dfce5628efe0c0eff970ea68461afdd,FGDC-2982;FGDC-3210,held,held,pass,"[""Metadata access terms need source-backed adjudication"",""Contradictory or unsupported source access constraints require adjudication""]",787d9c6de151463cba442e1cdfa5974495825be645add271ec3bbcc24e9f8f1b,
FGDC-2983,fb44d7c159b58c70a8fe6d6c7f45966038e9354755f2f244400b8ec00d18dab2,sha256:fb44d7c159b58c70a8fe6d6c7f45966038e9354755f2f244400b8ec00d18dab2,FGDC-2983;FGDC-3211,held,supported,pass,[],68343f35156c92d5f64058b8d5e1c0caa108a648405e94fc7318523dd1889e6a,
FGDC-2984,48685e8f431bd1045e5d294441609ee8ca8230fbf3f597155a225c905eef500c,sha256:48685e8f431bd1045e5d294441609ee8ca8230fbf3f597155a225c905eef500c,FGDC-2984;FGDC-3212,held,supported,pass,[],efeee6bf96e8f5aab9b7eb7391f7828aee1dc8146756dc8202dfb7f03cb1330e,
FGDC-2985,ff08f7a3e1e9895bd60895219c43aafee1c182a7defc98f6782f3986ef74bd5a,sha256:ff08f7a3e1e9895bd60895219c43aafee1c182a7defc98f6782f3986ef74bd5a,FGDC-2985;FGDC-3213,held,supported,pass,[],79d2f61be573681b4d7026a7b03d62d2b4620e350ce3d6ea454767ced2b80f3e,
FGDC-2986,ca764287c29de733cba23e0e01235e2c953ac540d342c83779dbaaf518f96f3f,sha256:ca764287c29de733cba23e0e01235e2c953ac540d342c83779dbaaf518f96f3f,FGDC-2986;FGDC-3214,held,supported,pass,[],fd9bb601007345dbfbb7d90a10fecda9941d7bd0e13f0434530e8092f95277be,
FGDC-2987,fc5b3234a1500382dd7667880f51e669a5dfdc3ba94f1257d78a5891d1667503,sha256:fc5b3234a1500382dd7667880f51e669a5dfdc3ba94f1257d78a5891d1667503,FGDC-2987;FGDC-3215,held,supported,pass,[],b3fc216038a083b3a6df1e235337472f3aae6042a7b563ed851ed48cc1bc64f1,
FGDC-2988,8bc96a3db59d988ef8b471639dc09419e921ea0088c8d6c27b674869fea6034c,sha256:8bc96a3db59d988ef8b471639dc09419e921ea0088c8d6c27b674869fea6034c,FGDC-2988;FGDC-3216,held,supported,pass,[],2a3136f16cd2d99af842efd3e0349a1809b116ab1027e755fddd46f9bf5c5d08,
FGDC-2989,32546731a8600267f61b8fc68c5cb8c061139c1b0e8ee4811c07e80f48f1250d,sha256:32546731a8600267f61b8fc68c5cb8c061139c1b0e8ee4811c07e80f48f1250d,FGDC-2989;FGDC-3217,held,supported,pass,[],9cc4ae3d330a91fa95a95284b308213a495a2ae8e3ab90a52124950fb8a58dce,
FGDC-2990,dfbff13d9d4fddc4e0ee420dcf754faefcf033378d35a67d31dc4fe526edb4d9,sha256:dfbff13d9d4fddc4e0ee420dcf754faefcf033378d35a67d31dc4fe526edb4d9,FGDC-2990;FGDC-3218,held,supported,pass,[],6055392400c92aeadab604ebf65c4f03183f01281e242fd276d6fe7c3608a7f4,
FGDC-2991,74b35a5c0aef15067faee807542f3f26c280ed1571d96175f356af0609e92cb2,sha256:74b35a5c0aef15067faee807542f3f26c280ed1571d96175f356af0609e92cb2,FGDC-2991;FGDC-3219,held,supported,pass,[],445893a33b931ff639da023724ec5fe0e2b603e96ac29be5c3a72665fa76dae1,
FGDC-2992,3984ca9b51745f86bc0d903d08c8f0d42a5f21bbd376d94a64eba0604da8e73f,sha256:3984ca9b51745f86bc0d903d08c8f0d42a5f21bbd376d94a64eba0604da8e73f,FGDC-2992;FGDC-3220,held,supported,pass,[],e1f056da4f7deeaae3f6f87ceb7a6a8c4bdee0ab03f8e41b62b6d61e9c7c124e,
FGDC-2993,a65bcdaf08b02f83bb2813a14edb2733a207fcc007a4c41cfd34aef348df024a,sha256:a65bcdaf08b02f83bb2813a14edb2733a207fcc007a4c41cfd34aef348df024a,FGDC-2993;FGDC-3221,held,held,pass,"[""Metadata access terms need source-backed adjudication"",""Contradictory or unsupported source access constraints require adjudication""]",4ae2ccba311dc1d69155d5a4dbf30d926efe51da4297e7a9cdc7cb7fef7a39f9,
FGDC-2994,0b10316dcf9a46cdab7949592918df2cd232ff48cf7636cfb1c5b307260cf701,sha256:0b10316dcf9a46cdab7949592918df2cd232ff48cf7636cfb1c5b307260cf701,FGDC-2994;FGDC-3222,held,supported,pass,[],2ec26f685211e63bec97c1be004645790285a8347c21361fcb7a2a34d79f5bab,
FGDC-2995,ccfdd3e564721c637722bc39528815cb648444b1a6e3de3b0078fab9ff18acfe,sha256:ccfdd3e564721c637722bc39528815cb648444b1a6e3de3b0078fab9ff18acfe,FGDC-2995;FGDC-3223,held,supported,pass,[],628e68be3666f60b129cc4be1680c9e2fbc44d338569f8a8e64195fa2db84579,
FGDC-2996,616a3428414fbf206f245a00b7c5f2c3cae0dc799e3f948b81ac314d19c61463,sha256:616a3428414fbf206f245a00b7c5f2c3cae0dc799e3f948b81ac314d19c61463,FGDC-2996;FGDC-3224,held,supported,pass,[],bfb1b3fa809ba4fb638907a23bac62f212cfd41c9f82ea8f7a775bb4d01381b9,
FGDC-2997,74eb25e08f826c809a8c93e59834501d27a94a1f3d090e004d84abb2271ea190,sha256:74eb25e08f826c809a8c93e59834501d27a94a1f3d090e004d84abb2271ea190,FGDC-2997;FGDC-3225,held,supported,pass,[],e1541c27d82943b892df8890625e8d7c5bda0ed05987127bd42c2633014fbe99,
FGDC-2998,f2d3d71812f8ad8018de017fd9a0cfa2033a58e75d607a77570b171359b8e4e3,sha256:f2d3d71812f8ad8018de017fd9a0cfa2033a58e75d607a77570b171359b8e4e3,FGDC-2998;FGDC-3226,held,supported,pass,[],69db602ee033c0b2435fa58132e6ad30285a025543ff5a282df3ca9693f184de,
FGDC-2999,2e2337ccc08ee551e21c339d2797bb23d96f914b9ab265a4d3007314e944be4b,sha256:2e2337ccc08ee551e21c339d2797bb23d96f914b9ab265a4d3007314e944be4b,FGDC-2999;FGDC-3227,held,supported,pass,[],8cb742a0bec8cda8d8846a187f5f6c2ebca3fa2e8369e4c991c493afb8978d03,
FGDC-3000,d28f8f9a023fb7df4961746479c2cff350e3801e78abbec958979b57ff763ad2,sha256:d28f8f9a023fb7df4961746479c2cff350e3801e78abbec958979b57ff763ad2,FGDC-3000;FGDC-3228,held,supported,pass,[],c8a59dfe3b368dd51431a20b3492c110a9d1400b601337df69d719fff53b9df7,
FGDC-3001,2518cd78ff22d6ac95fb8eec52994771282bc079675fd8aeb97d0e023160aba1,sha256:2518cd78ff22d6ac95fb8eec52994771282bc079675fd8aeb97d0e023160aba1,FGDC-3001;FGDC-3229,held,supported,pass,[],72dde31cdf0994fea0a083f80c1f994629f4dd0e4a9b8ec7e4d2f7b60feef8d0,
FGDC-3002,1a3753ffd98af2e05eeba340d59183d5398d1d08c599fa62a79968e88cd3b040,sha256:1a3753ffd98af2e05eeba340d59183d5398d1d08c599fa62a79968e88cd3b040,FGDC-3002;FGDC-3230,held,supported,pass,[],be99ea171c4b4ca8d62b14d1a2c0dd0784fd1b33f378d52287c881058ff4d73a,
FGDC-3003,9635b61f9423b5e73f41b4b339e717d80f9fbe6baf0dbf54ac15890da436eed1,sha256:9635b61f9423b5e73f41b4b339e717d80f9fbe6baf0dbf54ac15890da436eed1,FGDC-3003;FGDC-3231,held,supported,pass,[],e5f968e8dd77379681bf0b60d7836046d45e9cc977b241da02c705db18a3d16c,
FGDC-3004,f02fcbd12d5147acc0951e4d8ed5e475891937443240c06b8c7062d61fcf9368,sha256:f02fcbd12d5147acc0951e4d8ed5e475891937443240c06b8c7062d61fcf9368,FGDC-3004;FGDC-3232,held,held,pass,"[""Metadata access terms need source-backed adjudication"",""Contradictory or unsupported source access constraints require adjudication""]",33572c88c6756e442fc592a432505221cc6605f386fa993ec9558fb8b2f2dd45,
FGDC-3005,5dc02dbf061253113df5888958036bd3d3cd9625e783cb075f6a4f31e8e85da5,sha256:5dc02dbf061253113df5888958036bd3d3cd9625e783cb075f6a4f31e8e85da5,FGDC-3005;FGDC-3233,held,supported,pass,[],3e4b3486cf6ab79840664eff579ec0df51d647ab565f55d5c6f484098f3feadc,
FGDC-3006,6adb068c6326be1e67f5909c408839979d4eae01cff185ec292ed7c3e3caa9f2,sha256:6adb068c6326be1e67f5909c408839979d4eae01cff185ec292ed7c3e3caa9f2,FGDC-3006;FGDC-3234,held,supported,pass,[],a5c193ee6c01ed0e7b045e3ed8b3b16cedc92f477ebcb8f2cf3f4e62ffc789b6,
FGDC-3007,5a914f0ecea30e39ea6d85318edf7d5c4876ad1303dad659a17347c4ca55ed2b,sha256:5a914f0ecea30e39ea6d85318edf7d5c4876ad1303dad659a17347c4ca55ed2b,FGDC-3007;FGDC-3235,held,supported,pass,[],8face7b53debc129e5ecfa9ca835c43b85c5ae8877aee72f2609f476f9184532,
FGDC-3008,ee6896f0b1a245459af68bda8a118704d59f4ea327e967cfa653af06a37e53e5,sha256:ee6896f0b1a245459af68bda8a118704d59f4ea327e967cfa653af06a37e53e5,FGDC-3008;FGDC-3236,held,supported,pass,[],8e3970ef910f426678230541e73e87092ea912afc9ecfab243f67732ef0e6ad1,
FGDC-3009,c0ef0b53aec8dc71556c2d1ebf8e8267b30f771b749d8b9965e74ef494d72532,sha256:c0ef0b53aec8dc71556c2d1ebf8e8267b30f771b749d8b9965e74ef494d72532,FGDC-3009;FGDC-3237,held,supported,pass,[],8bb7cacf887ff3e91de3aa4fa870ad7caead9ed4684a9e3cdf0905c1cf669ccb,
FGDC-3010,c50297281dd9b0324b9bb7bf48239276627b3f5b780f3cf678536aa257e92063,sha256:c50297281dd9b0324b9bb7bf48239276627b3f5b780f3cf678536aa257e92063,FGDC-3010;FGDC-3238,held,supported,pass,[],7e0038050a90eff94a8b53aabf3db3e860e4bb5eaeebd3f0418ff6651bd959d8,
FGDC-3011,2b4b348c6eae038a39312d362342af68305358cc1e776bc42b4ad959a72f6bdb,sha256:2b4b348c6eae038a39312d362342af68305358cc1e776bc42b4ad959a72f6bdb,FGDC-3011;FGDC-3239,held,supported,pass,[],6c97138531be4e515286edba892497565b3bde808922404f4b131a7b5ab35312,
FGDC-3012,889dcc65cfcf4e8a7be98cf8436d01378b7f5aa63b45b5d57e616ef61b4e0181,sha256:889dcc65cfcf4e8a7be98cf8436d01378b7f5aa63b45b5d57e616ef61b4e0181,FGDC-3012;FGDC-3240,held,supported,pass,[],954bc60c4e614e6ef1880e195775a14e595a6e6647077652eba37e3470a4127c,
FGDC-3013,e457a1a1a3587179bfe1f36b5845ec3d71ece6c34904f23779e5f27a34dbfdb9,sha256:e457a1a1a3587179bfe1f36b5845ec3d71ece6c34904f23779e5f27a34dbfdb9,FGDC-3013;FGDC-3241,held,supported,pass,[],dc904821f016a284b0265a74b5358703d1f9bf2c1ebe9ced8984779bb9c8e775,
FGDC-3014,0a9db9b97fbd4615157cc1260b869d81571349f36213ff349fb9426a8e134546,sha256:0a9db9b97fbd4615157cc1260b869d81571349f36213ff349fb9426a8e134546,FGDC-3014;FGDC-3242,held,supported,pass,[],32b539877074f554f1dc11a35205caff9b1e4ef07c44679c7aebd2ad7e9f5bfd,
FGDC-3015,29238d857a6e7542b14e1efc34964d57be39852a90de70712fd9028c9c8a1eab,sha256:29238d857a6e7542b14e1efc34964d57be39852a90de70712fd9028c9c8a1eab,FGDC-3015;FGDC-3243,held,held,pass,"[""Metadata access terms need source-backed adjudication"",""Contradictory or unsupported source access constraints require adjudication""]",c6897b2c79090b3df0f98e9589711e0aee68e408f18178f6b06980157283df08,
FGDC-3016,60458026de686481840ecc95ab5af8d38e2f7e022bc645ebfe932c3d6ba187aa,sha256:60458026de686481840ecc95ab5af8d38e2f7e022bc645ebfe932c3d6ba187aa,FGDC-3016;FGDC-3244,held,supported,pass,[],cf86e3262566ee4f66ac923dbf645cd51d4bbffe59ae385a14ec43f855f40471,
FGDC-3017,1edf59604b0ce2b7a93ef9a0f22411d83c751f1584e7fde9e7ff9535753a2f6c,sha256:1edf59604b0ce2b7a93ef9a0f22411d83c751f1584e7fde9e7ff9535753a2f6c,FGDC-3017;FGDC-3245,held,supported,pass,[],0dedaa5223622bffaa8e3ec577fb8e13d76e661c0d90b719595b4b774773743e,
FGDC-3018,70749856f3a2562db90e2f2d73dcc8021387eb0be47d0a3ca09d02b5f5285a8c,sha256:70749856f3a2562db90e2f2d73dcc8021387eb0be47d0a3ca09d02b5f5285a8c,FGDC-3018;FGDC-3246,held,supported,pass,[],e39332825816f3c0fb7f83d7f88398afc7d0614a55d1a9a698b29f388ee2904f,
FGDC-3019,646d72f3d0dbab5e13e36626670916230a09be92c9de8ff40a38e08b9e32c514,sha256:646d72f3d0dbab5e13e36626670916230a09be92c9de8ff40a38e08b9e32c514,FGDC-3019;FGDC-3247,held,supported,pass,[],77238ca32b91d059ee6002ee1f23dd87492caf2925bb1614bc128743df7f6cb0,
FGDC-3020,2b78bed889b5eafcafc81911979e9f5174b57b3ada7392d242ab4f01dfd6db95,sha256:2b78bed889b5eafcafc81911979e9f5174b57b3ada7392d242ab4f01dfd6db95,FGDC-3020;FGDC-3248,held,supported,pass,[],5c8d9d2b38ad5cb650e15f056d25736076f101e931f2799d69de9879922ddc99,
FGDC-3021,a73e59b5bd0ec65631ed6b3e1df912117f0d03b95339be08d11f2af6c6a8ddfe,sha256:a73e59b5bd0ec65631ed6b3e1df912117f0d03b95339be08d11f2af6c6a8ddfe,FGDC-3021;FGDC-3249,held,supported,pass,[],3a17d9096c5bcd5e603ca4b9ec1c5574491cfdc744eab4b25cebd34944a5e4ad,
FGDC-3022,d5aa3592053e8b55c36ee4c2d0e25bcb9ff6bbc30074eb2c5c18f26771f8d548,sha256:d5aa3592053e8b55c36ee4c2d0e25bcb9ff6bbc30074eb2c5c18f26771f8d548,FGDC-3022;FGDC-3250,held,supported,pass,[],46636f0df3ebb28caff4d649e657fd384ab86bcf4efc0dc718cf747bf2017637,
FGDC-3023,11e1dd7caf29eb0e05bc31d53db766c2ba2dff7d2a2ac1e96db3cda6b37dd0d3,sha256:11e1dd7caf29eb0e05bc31d53db766c2ba2dff7d2a2ac1e96db3cda6b37dd0d3,FGDC-3023;FGDC-3251,held,supported,pass,[],1b945a596523b6a1ffb6a4841dd04f35a7518105327e1438a251a2043804b389,
FGDC-3024,2c07951e6be5036d5c010846339da8b7adda2d1ffdcb81a34370bdf091ddfd3e,sha256:2c07951e6be5036d5c010846339da8b7adda2d1ffdcb81a34370bdf091ddfd3e,FGDC-3024;FGDC-3252,held,supported,pass,[],583c6c6682e42901ca5c8be6f04a4be8e5a8c8bc38b24ce9dbcd4af1bee86bde,
FGDC-3025,00685901ab0f4706298e64239b1280fa70e0eb3ece713f977f87e294509429a0,sha256:00685901ab0f4706298e64239b1280fa70e0eb3ece713f977f87e294509429a0,FGDC-3025;FGDC-3253,held,supported,pass,[],faf97727151efac9f3df3bef316068c6db3e9f984de68cecf9fb5b2517b08326,
FGDC-3026,650a2e277e5800d95a1ff7017ef08e029a438d9d79396eed0e63af5d213d412c,sha256:650a2e277e5800d95a1ff7017ef08e029a438d9d79396eed0e63af5d213d412c,FGDC-3026;FGDC-3254,held,held,pass,"[""Metadata access terms need source-backed adjudication"",""Contradictory or unsupported source access constraints require adjudication""]",5b88a8ab41e078a787c5bcb02e32d1bf8f5724b852c1eda1ea98f9af5794e54c,
FGDC-3027,06230e76144e6129de3b4daa58aa06614005b7c088089619eab5089ad02b20a9,sha256:06230e76144e6129de3b4daa58aa06614005b7c088089619eab5089ad02b20a9,FGDC-3027;FGDC-3255,held,supported,pass,[],7b9f776e12a7b1b64fbb57d1c4eaa77d2065616ee4ac14fcd2796153a30a94e9,
FGDC-3028,87ab7801a6082edd52d0e1d35500fd96ec19cb8f7008fa73e544fbafabd489b0,sha256:87ab7801a6082edd52d0e1d35500fd96ec19cb8f7008fa73e544fbafabd489b0,FGDC-3028;FGDC-3256,held,supported,pass,[],afbe18e64468ef14755ba1cb1b25e620dd396f772b77a5ff9449521636c11c72,
FGDC-3029,c53c428f13f59263172f5ae9f2afe33394744f09551f1c6a388b6f489c5fafd3,sha256:c53c428f13f59263172f5ae9f2afe33394744f09551f1c6a388b6f489c5fafd3,FGDC-3029;FGDC-3257,held,supported,pass,[],8c53279609dc662b385b5696faff30fe6b687081815f212c5eba4ca4f4c1477a,
FGDC-3030,47b7b632c9ac91138225abf7218374a5199823e017ff3a28e985f3e515e77320,sha256:47b7b632c9ac91138225abf7218374a5199823e017ff3a28e985f3e515e77320,FGDC-3030;FGDC-3258,held,supported,pass,[],e031e160502f8c0c9170c96c70cd20f9b449ece02c46713a1f4a970c789ca667,
FGDC-3031,86a3f70134c5765934806a7980310ff20ab983df7ba86b6ef0d54ed12f8bb976,sha256:86a3f70134c5765934806a7980310ff20ab983df7ba86b6ef0d54ed12f8bb976,FGDC-3031;FGDC-3259,held,supported,pass,[],fd4e29c1c4bcf7141b171655b4cfc7566350de9bde08b847182a8d262a21d263,
FGDC-3032,0d60030cf5cb6089f0cae8dd276fb7f7b1819478dd400fb2014bba32d7c7b2b9,sha256:0d60030cf5cb6089f0cae8dd276fb7f7b1819478dd400fb2014bba32d7c7b2b9,FGDC-3032;FGDC-3260,held,supported,pass,[],d97626c842a78a4c1ed6a48bccdec0846202e0c125336288f725d3548fbb6320,
FGDC-3033,6c6dd852c3be4fe1cb6b672d4694c7885f4e9e5d798e4351011882fecaecfaa6,sha256:6c6dd852c3be4fe1cb6b672d4694c7885f4e9e5d798e4351011882fecaecfaa6,FGDC-3033;FGDC-3261,held,supported,pass,[],aa3f7d2e38cdde4584c56af0ae54f66dd99ce7e71e89965929ec0e46295d64dd,
FGDC-3034,a8bc3edb070724e4a2d4aab23ed90d98c51ea5b97c80cbee63cbbee7c5e3cedd,sha256:a8bc3edb070724e4a2d4aab23ed90d98c51ea5b97c80cbee63cbbee7c5e3cedd,FGDC-3034;FGDC-3262,held,supported,pass,[],00d91d2d3be4cb00c5a23268836a8c89432db395bc9cdde03a46ba02ef3284b1,
FGDC-3035,9e6066fdc509e884b837a6f5b5d8c244a5f289194980392f73fdd0f1207465e4,sha256:9e6066fdc509e884b837a6f5b5d8c244a5f289194980392f73fdd0f1207465e4,FGDC-3035;FGDC-3263,held,supported,pass,[],29713f14da9f6f2c0daa146e0169f4113581bf5cef47db16fa984a381e08e099,
FGDC-3036,b53dc5aa076b2ee54382f4fecb05137ea8b2424da1b43b798a5944453823e295,sha256:b53dc5aa076b2ee54382f4fecb05137ea8b2424da1b43b798a5944453823e295,FGDC-3036;FGDC-3264,held,supported,pass,[],ef43aec616600e190fe0d809479cf91d576727f64af11a2b2b19e0d96b874124,
FGDC-3037,921e4abfddf9d47993f0c606b970035b88ffe2562bad03b6691ce46cbc7eb89b,sha256:921e4abfddf9d47993f0c606b970035b88ffe2562bad03b6691ce46cbc7eb89b,FGDC-3037;FGDC-3265,held,held,pass,"[""Metadata access terms need source-backed adjudication"",""Contradictory or unsupported source access constraints require adjudication""]",916f50cb25dbca0c4e4f803502e71ded8d0bd8f9bc2a794952115f1add067837,
FGDC-3038,dfb2015562ef6060b5a0a56791069d28a658dccf9efbc57dbf80b2e479e9546e,sha256:dfb2015562ef6060b5a0a56791069d28a658dccf9efbc57dbf80b2e479e9546e,FGDC-3038;FGDC-3266,held,supported,pass,[],eeba415c3a77713b4e7dff2f3d14d30ea5b344cb74405af89a3541c51388ae62,
FGDC-3039,876d176de491b359d863972e40fc7c5dbe32dfe3a9c0560ab3b59eeb45740d7d,sha256:876d176de491b359d863972e40fc7c5dbe32dfe3a9c0560ab3b59eeb45740d7d,FGDC-3039;FGDC-3267,held,supported,pass,[],a125dcd0f7426371ddebc990c50ea791948d3f6f1b2a0595c64df375fe5d85ec,
FGDC-3040,1207dd6ecf3e4b68aa6138a898ccf72af12d4fd9a909a0a8bb6afbae59420524,sha256:1207dd6ecf3e4b68aa6138a898ccf72af12d4fd9a909a0a8bb6afbae59420524,FGDC-3040;FGDC-3268,held,supported,pass,[],e613544d4485c7d48158e8ff793e72bcf0db367e36fcdebbd43b2c7a0cbe6d3d,
FGDC-3041,91de35a07e07d70288383ede8c668fbfe80500ba230077d27f27defaa834c609,sha256:91de35a07e07d70288383ede8c668fbfe80500ba230077d27f27defaa834c609,FGDC-3041;FGDC-3269,held,supported,pass,[],d09a5803a8986fd33844b6ea08698cc82fcd172bae6cbddab2f8066b6625ec12,
FGDC-3042,784bedb6bb1cb20de6f852270e81ed635684a46bb151af5ed8e730bc6b29d9ab,sha256:784bedb6bb1cb20de6f852270e81ed635684a46bb151af5ed8e730bc6b29d9ab,FGDC-3042;FGDC-3270,held,supported,pass,[],0909f1cd06a507dbc1618c4d0ac4116ab1acce7fd78b1191c73f30f90b74ea11,
FGDC-3043,a76edf6abe7861fbce5c470cc9a35f4f75b7a5a8e866c6bb1d57fb1e6292f872,sha256:a76edf6abe7861fbce5c470cc9a35f4f75b7a5a8e866c6bb1d57fb1e6292f872,FGDC-3043;FGDC-3271,held,supported,pass,[],37ce4236615735f50088d5dc71abd03c80a4d15a79a0b1c305f1e3ad71bf8d72,
FGDC-3044,ca1d5e2614f0316d28d1729493b2a52ed6b6bb5149508ecbfa631802006ccb1d,sha256:ca1d5e2614f0316d28d1729493b2a52ed6b6bb5149508ecbfa631802006ccb1d,FGDC-3044;FGDC-3272,held,supported,pass,[],4f58afe76ee5d7d9b0f2c15e03c90dee267ab16a9af4ca005595cf5961646e46,
FGDC-3045,8f6721c540a8801682821b1c0497ac87889afdbce2950a3e8e7824a7e78af4ea,sha256:8f6721c540a8801682821b1c0497ac87889afdbce2950a3e8e7824a7e78af4ea,FGDC-3045;FGDC-3273,held,supported,pass,[],7c3345db067c01f66994061268e5a3955fe4b8d6d6fdd4c0c6d02a92a89f27c3,
FGDC-3046,e16de5ff17117454df08682b4578d6828b657e6f60d1347ba7d9f3368b00dea3,sha256:e16de5ff17117454df08682b4578d6828b657e6f60d1347ba7d9f3368b00dea3,FGDC-3046;FGDC-3274,held,supported,pass,[],0b8403d325f225878da327de70901d19781b472e47991334f5c3bb65a89a7d09,
FGDC-3047,dc15ca6a2ef4f8979d08424f3e060ae26ab54f1de11c3fbd6a1168ccfd09754e,sha256:dc15ca6a2ef4f8979d08424f3e060ae26ab54f1de11c3fbd6a1168ccfd09754e,FGDC-3047;FGDC-3275,held,supported,pass,[],38600b8b8409caae4488b1000be2f848e096901d6f41300bbbd0df8a306813f3,
FGDC-3048,fcf77e5bcd5b5e65b25dcfaa7e0db91f2aac3cd875649f3428eb3a93b6644833,sha256:fcf77e5bcd5b5e65b25dcfaa7e0db91f2aac3cd875649f3428eb3a93b6644833,FGDC-3048;FGDC-3276,held,held,pass,"[""Metadata access terms need source-backed adjudication"",""Contradictory or unsupported source access constraints require adjudication""]",99273435d154f5c33966d3000e740c47ca335913bf2799e8c04e0fd03216fa93,
FGDC-3049,8498f8ea45c4bee77c0a75e827faed5e4f1d11b761479d4b5868783b1f1804b9,sha256:8498f8ea45c4bee77c0a75e827faed5e4f1d11b761479d4b5868783b1f1804b9,FGDC-3049;FGDC-3277,held,supported,pass,[],fdd105937d4b06abdd952b3fcf92bc2531829a2dc974fd34e7f07096527aeedb,
FGDC-3050,4238aa318f7f89dfea6fa739b02dfcb0ed6072f98aa49cb7457196632f002fbb,sha256:4238aa318f7f89dfea6fa739b02dfcb0ed6072f98aa49cb7457196632f002fbb,FGDC-3050;FGDC-3278,held,supported,pass,[],3d09c44651101ec1d6e4f331a468a07737ea5a2e69eaff3230ae6d0a9f196aec,
FGDC-3051,79b48ee9dd1de8b837f2c6334bf8d46a1cfca54e3b655883c18b8f76a79ec402,sha256:79b48ee9dd1de8b837f2c6334bf8d46a1cfca54e3b655883c18b8f76a79ec402,FGDC-3051;FGDC-3279,held,supported,pass,[],cd304e40b9d136d9146dfbc02cab7f86fba019c3ed3230548de1b94e9d9d62a2,
FGDC-3052,781c6dff4f379bf308997945728bc0c1174300ae51cdef7cfb68652fd634982e,sha256:781c6dff4f379bf308997945728bc0c1174300ae51cdef7cfb68652fd634982e,FGDC-3052;FGDC-3280,held,supported,pass,[],b915ddabe44d5ce8bca970e9dfa188f4fee8ae664b2b3d0f8a1be37eb77a6916,
FGDC-3053,4ddf6f35e1f49fe67e9357784e591e3613a1b06a219381b5ab095047bede8db9,sha256:4ddf6f35e1f49fe67e9357784e591e3613a1b06a219381b5ab095047bede8db9,FGDC-3053;FGDC-3281,held,supported,pass,[],77a9fbefe8f5c03bb9c6d0633d89f3f2adcfa71515bf182576ff2aa74e992692,
FGDC-3054,5efbdd6ef846dcad940e144e4d78befbd8a67719ac68f81217ba829d192f474e,sha256:5efbdd6ef846dcad940e144e4d78befbd8a67719ac68f81217ba829d192f474e,FGDC-3054;FGDC-3282,held,supported,pass,[],219ddce497fe4fd22235c071f1506aa695829a95dda2fc2c74a31b1324f9e6ff,
FGDC-3055,3241d25b73a618a822925b4bf4345a38c1b8a61c83b02a0ddc7852ee1afa9b75,sha256:3241d25b73a618a822925b4bf4345a38c1b8a61c83b02a0ddc7852ee1afa9b75,FGDC-3055;FGDC-3283,held,supported,pass,[],a17d849aa6f6c11416d8281fc3bb275845ac09674ad4940a7bb5150971aac2ad,
FGDC-3056,83d284b92685c6e91f31712ed1a889d24047c3b88d99c527f399264da983bd6d,sha256:83d284b92685c6e91f31712ed1a889d24047c3b88d99c527f399264da983bd6d,FGDC-3056;FGDC-3284,held,supported,pass,[],cec59a698476be0f02f8d56057a29371e112befc9f2dde3303088af6cdbef6db,
FGDC-3057,66c3546caf70f9d47a877790aafa13e6b38e632d844ce72d46c4fc4670965559,sha256:66c3546caf70f9d47a877790aafa13e6b38e632d844ce72d46c4fc4670965559,FGDC-3057;FGDC-3285,held,supported,pass,[],195de6be5fa84b48c52413e33c6f1548233c38c7a1ed344d3ba3119bab5dcd0d,
FGDC-3058,ef8e51e047d45c906eca150ade55a7fe98eab3814f0c78a7cde7915b5fb7d9e5,sha256:ef8e51e047d45c906eca150ade55a7fe98eab3814f0c78a7cde7915b5fb7d9e5,FGDC-3058;FGDC-3286,held,supported,pass,[],fe215f7ca8c53c8252adcad49356e31442b1db97c53ffb8b4cae3c11c59ddf2a,
FGDC-3059,6e73f6729dcfd517429864b8e189f6ac9597b638c8a011c5a5bbc494c7b84f7f,sha256:6e73f6729dcfd517429864b8e189f6ac9597b638c8a011c5a5bbc494c7b84f7f,FGDC-3059;FGDC-3287,held,held,pass,"[""Metadata access terms need source-backed adjudication"",""Contradictory or unsupported source access constraints require adjudication""]",0e8a40eb7dd56d2af053aa2eb7abd185ad643d2b2c2eafe5d43e5da08389e864,
FGDC-3060,51e1a0c3dbac56958c4d0452dc87558162302a6273e33d237cc74ff4ec79aaf9,sha256:51e1a0c3dbac56958c4d0452dc87558162302a6273e33d237cc74ff4ec79aaf9,FGDC-3060;FGDC-3288,held,held,pass,"[""Metadata access terms need source-backed adjudication"",""Contradictory or unsupported source access constraints require adjudication""]",85d63e86123f762842d2a08ab88d871f97a08b520ebde5a7e116e62b17e1d029,
FGDC-3061,71ed9cbef8d030f90a669f9da751cf3bfe6b6ae99b19db12df93c7df39577cc9,sha256:71ed9cbef8d030f90a669f9da751cf3bfe6b6ae99b19db12df93c7df39577cc9,FGDC-3061;FGDC-3289,held,supported,pass,[],8132079a28c79f615526512c76010553f6bc0bd5d72935c5abc3281c2177d417,
FGDC-3062,679e5bbb8cb42a20a8cd11d97ba5e2fc22c6994d1c7637fdf70d89386f0fd5b0,sha256:679e5bbb8cb42a20a8cd11d97ba5e2fc22c6994d1c7637fdf70d89386f0fd5b0,FGDC-3062;FGDC-3290,held,supported,pass,[],235879f3d3b25e1c53115ac07ad2b618af1f928c98f26d7d631bff9d17211280,
FGDC-3063,c856afbad901e8222c2eece38ade7c3c3f68e27f8b6be14f3e3c9d4de87289ec,sha256:c856afbad901e8222c2eece38ade7c3c3f68e27f8b6be14f3e3c9d4de87289ec,FGDC-3063;FGDC-3291,held,supported,pass,[],097c7a24cb932954a86f4b4074dd09912187ae96e55306468059e8b4d7deba08,
FGDC-3064,61a2ae9b98ffbf2de41fc84cee20ca3871e7bc652b92de09f6e7b265d6e861f3,sha256:61a2ae9b98ffbf2de41fc84cee20ca3871e7bc652b92de09f6e7b265d6e861f3,FGDC-3064;FGDC-3292,held,supported,pass,[],cd01dba7068c1cf573906ce4a9efdad4fe8da5bfca7146f8b36e280ba62cda56,
FGDC-3065,8bef14fd05c7b1ea1ab936bfeb4c5325c29c34f33b46d40b6f82f72055973237,sha256:8bef14fd05c7b1ea1ab936bfeb4c5325c29c34f33b46d40b6f82f72055973237,FGDC-2837;FGDC-3065,held,held,pass,"[""Metadata access terms need source-backed adjudication"",""Creator semantics are ambiguous""]",cac41e37ba634993646b69f18d79bd0bed29a6d8d35db963d1428c9cbeffb67c,
FGDC-3066,3545d2a03e23dd16f246ba2e836dc33f76dbe1394aa645e0debf85c5f55a3d96,sha256:3545d2a03e23dd16f246ba2e836dc33f76dbe1394aa645e0debf85c5f55a3d96,FGDC-2838;FGDC-3066,held,supported,pass,[],fdb31221d5fc752a7361813ec21081366e79691a113cc7d8a295299c5cf5ac5b,
FGDC-3067,d62c478268c54ac21ba33336fec9c930554165bdf0882217f0863aea4d4d68ae,sha256:d62c478268c54ac21ba33336fec9c930554165bdf0882217f0863aea4d4d68ae,FGDC-2839;FGDC-3067,held,held,pass,"[""Metadata access terms need source-backed adjudication"",""Contradictory or unsupported source access constraints require adjudication""]",6e0e4ec3db2a058c2a213982e3827327fc9d29108e0c58ca3f5923d72de5dc4d,
FGDC-3068,20005c353ba7931f4dc96e0698adfc994b42c07bd6bbaa4b3946650c80ea49a6,sha256:20005c353ba7931f4dc96e0698adfc994b42c07bd6bbaa4b3946650c80ea49a6,FGDC-2840;FGDC-3068,held,supported,pass,[],69337f3c03bb1889c650931ab9f805e5449562870116566e5876d0daa08b5680,
FGDC-3069,17f29f788d738512c5e4e3941e98a44a04077473b45c0d92040b8e900e2e7554,sha256:17f29f788d738512c5e4e3941e98a44a04077473b45c0d92040b8e900e2e7554,FGDC-2841;FGDC-3069,held,supported,pass,[],61d89efac2ab5e9cca89fca92ed41166821270a7ce680cfc2ab9ec606e653c36,
FGDC-3070,97e7a16fd54897bfb4368044ac77f4da7de410cab7327d53b68b867a3abeb47c,sha256:97e7a16fd54897bfb4368044ac77f4da7de410cab7327d53b68b867a3abeb47c,FGDC-2842;FGDC-3070,held,supported,pass,[],edd70d7aeb4dbe2c27d1054837f1512985c2499430fbf6a3c7932490e71fba89,
FGDC-3071,a2fdcf96fe190394080710739480913bcef3835c22faf65db50cfcc6796c1008,sha256:a2fdcf96fe190394080710739480913bcef3835c22faf65db50cfcc6796c1008,FGDC-2843;FGDC-3071,held,supported,pass,[],f0da4d546cb27c9dd31957f1a0a07e44ffb2e31d1f15023f0febead206526aa4,
FGDC-3072,7c2c4ea5f2cf48c589c5e3afa48457b1ff229efe93aa194e4380890639f9a26c,sha256:7c2c4ea5f2cf48c589c5e3afa48457b1ff229efe93aa194e4380890639f9a26c,FGDC-2844;FGDC-3072,held,supported,pass,[],adc0476126ec4ad9b90b5b63d4618cfcbe265dbc14274221533343fb84369818,
FGDC-3073,8bf3be3528cb2cc69aa815d3baae5264b4b4b64017b90f256a93981e6bfab98a,sha256:8bf3be3528cb2cc69aa815d3baae5264b4b4b64017b90f256a93981e6bfab98a,FGDC-2845;FGDC-3073,held,supported,pass,[],d129a873a54da2b17d78ec1a794d4050786bdb3a087ec6d7c98fd84efb81b4d9,
FGDC-3074,4cf60c5201a00edd9beec3571c3efe2c9db2f3b47905c14e663ac6a9d30c2051,sha256:4cf60c5201a00edd9beec3571c3efe2c9db2f3b47905c14e663ac6a9d30c2051,FGDC-2846;FGDC-3074,held,supported,pass,[],eb8d3daef58a707f477890919ccac1eb91f96bd4bcafdc62223bb0793a0e5582,
FGDC-3075,58694608b7ad8153849b25cdf6fb675eddd244e3cc992e2ce1aab3949d03fc4f,sha256:58694608b7ad8153849b25cdf6fb675eddd244e3cc992e2ce1aab3949d03fc4f,FGDC-2847;FGDC-3075,held,supported,pass,[],a50fc169a4943271906e1b6ef92df8578ee5bb54311d174cb5d024f73da9636b,
FGDC-3076,dac74b3bc27dbc14f92e84f6a0686e02d02301e29923c7ccb8b6c181edcffff9,sha256:dac74b3bc27dbc14f92e84f6a0686e02d02301e29923c7ccb8b6c181edcffff9,FGDC-2848;FGDC-3076,held,supported,pass,[],2f25a768a2cb4d4eef518a0a02aa815e547dfdc601b1a4dd4f2a063b2728161f,
FGDC-3077,7dbffdb96305ff3a71894702b3e07fa0f526d22253fb329c0dd3770f53ca3e96,sha256:7dbffdb96305ff3a71894702b3e07fa0f526d22253fb329c0dd3770f53ca3e96,FGDC-2849;FGDC-3077,held,supported,pass,[],831dd7accd5dae0a31078d515381700bd3c21f5f583f36d40e0124ebf23e16d4,
FGDC-3078,d3c01de168200db59092a5d24e0d0b302042b772488fada1b8d381e700e83df3,sha256:d3c01de168200db59092a5d24e0d0b302042b772488fada1b8d381e700e83df3,FGDC-2850;FGDC-3078,held,held,pass,"[""Metadata access terms need source-backed adjudication"",""Contradictory or unsupported source access constraints require adjudication""]",0ff3005502a577db499c8727d595e711fc24c5a2a1ca67e9d85c6c1269365af8,
FGDC-3079,02d1e5ffb9eb185b0ba9db9d47d45094c46ddd647b4fbe7388066ea4f0db16da,sha256:02d1e5ffb9eb185b0ba9db9d47d45094c46ddd647b4fbe7388066ea4f0db16da,FGDC-2851;FGDC-3079,held,supported,pass,[],0c6543dd4c0de0a4cbec195178645673489c9ccf60e88935929d0584457b73ef,
FGDC-3080,37eefff650fe433fc92f5ba4e0b32b24c2c7609689babb6e78d11de02904401f,sha256:37eefff650fe433fc92f5ba4e0b32b24c2c7609689babb6e78d11de02904401f,FGDC-2852;FGDC-3080,held,supported,pass,[],6184cb677a566f168a954ed2ce6aab5346c9f3546d6a6fe683972eb1ab686b3c,
FGDC-3081,b468b50cb099b16ed21e87e58d73ea460f006d983815f953f6a22f35fcb6e59e,sha256:b468b50cb099b16ed21e87e58d73ea460f006d983815f953f6a22f35fcb6e59e,FGDC-2853;FGDC-3081,held,supported,pass,[],85a98fd9f08318bde0df312808771a4c73b1288faaf5dddf33521b1acc015070,
FGDC-3082,1036eba58a9301cec826f665458a0305e44ae5543300640fb18f201098f9faed,sha256:1036eba58a9301cec826f665458a0305e44ae5543300640fb18f201098f9faed,FGDC-2854;FGDC-3082,held,supported,pass,[],0f99806e9770620a6b7336c2027c909b11d3afd1e509c63f820e11f4bd9e7c57,
FGDC-3083,b2bd69df0f66730db9182c1c90ae8a4db446fa86b276414f3dde7e974e6535a2,sha256:b2bd69df0f66730db9182c1c90ae8a4db446fa86b276414f3dde7e974e6535a2,FGDC-2855;FGDC-3083,held,supported,pass,[],109072c0f41d42bb04afa7610f3e989ee65a41ed25816245b567d50dae9b398b,
FGDC-3084,9c243d1b1f312b0a0513db7b1b7600486f00d243d2fc7368cfec393b42fbf5c5,sha256:9c243d1b1f312b0a0513db7b1b7600486f00d243d2fc7368cfec393b42fbf5c5,FGDC-2856;FGDC-3084,held,supported,pass,[],d43f1f9b0c2486501c3ff437813175d5ebcf00b49f8db64c0e3f01db92204e1d,
FGDC-3085,3b946823cdcbb4be330da319806c15ae4bfdb7562a051905aff62d1fbae31b5f,sha256:3b946823cdcbb4be330da319806c15ae4bfdb7562a051905aff62d1fbae31b5f,FGDC-2857;FGDC-3085,held,supported,pass,[],f38f805b202ed2fb660b8552a1317681834ee1c5f1c083a9f9a49f5eed07ab12,
FGDC-3086,08a7fe7b1bb1322d326797af74149dea7516fdb29304ca6ef7d05b31ae66c4b7,sha256:08a7fe7b1bb1322d326797af74149dea7516fdb29304ca6ef7d05b31ae66c4b7,FGDC-2858;FGDC-3086,held,supported,pass,[],7d5ef80cd0a248d10e7b65b84162c15bc5a3fda6575ce414f13aea9ac79c8800,
FGDC-3087,3ef04bbf4a0465f33d922658abd048e01ba8bcd1c698ecb016aafc67f2d725f3,sha256:3ef04bbf4a0465f33d922658abd048e01ba8bcd1c698ecb016aafc67f2d725f3,FGDC-2859;FGDC-3087,held,supported,pass,[],2ebed87b133327b818f4272f897e71d3df986eddb06d94bb4aa358190f6630fe,
FGDC-3088,8c9ecf376c60e1b4c1dddb1e18f0865cbbc410887ab100c222e50587500e401b,sha256:8c9ecf376c60e1b4c1dddb1e18f0865cbbc410887ab100c222e50587500e401b,FGDC-2860;FGDC-3088,held,supported,pass,[],e138cca0d89e58570af9246841bf74f478b463508a35539663c889e87733fc73,
FGDC-3089,43f274d62e355529dce0cda7a351796d106f0b9571f68d7ae51a33dd9705c002,sha256:43f274d62e355529dce0cda7a351796d106f0b9571f68d7ae51a33dd9705c002,FGDC-2861;FGDC-3089,held,held,pass,"[""Metadata access terms need source-backed adjudication"",""Contradictory or unsupported source access constraints require adjudication""]",64672d6af62032b7788e8038023e9844db600ace59a81cc06ecd42d5aba730ed,
FGDC-3090,94be051c86453becee850b436dcb304bf27421a51cd6b7e58f74a0c81fe7b82f,sha256:94be051c86453becee850b436dcb304bf27421a51cd6b7e58f74a0c81fe7b82f,FGDC-2862;FGDC-3090,held,supported,pass,[],d106c0804e37d126ef48fd0e266f5d12361008157c95d8717a1ea16d897c3846,
FGDC-3091,9567b76d95a51ac3e07891547df0f161d100777642463fd34c6701a95e1123b0,sha256:9567b76d95a51ac3e07891547df0f161d100777642463fd34c6701a95e1123b0,FGDC-2863;FGDC-3091,held,supported,pass,[],24c1e674fddb140388ea2e15547bf984c28be73640ecba48bff9e8407a7b681b,
FGDC-3092,ef0f622fb85a1dda6a3696a88b5edd92bda71008762d089a0d48a056b7909d4c,sha256:ef0f622fb85a1dda6a3696a88b5edd92bda71008762d089a0d48a056b7909d4c,FGDC-2864;FGDC-3092,held,supported,pass,[],314afba64b147d7a5983dceda8a92fc0caa1e184706534dd2aaeb9a42edcb4f7,
FGDC-3093,0057974985f73e3d541a7247f14adec03cb30d2b00fcadf8095cca415fb94258,sha256:0057974985f73e3d541a7247f14adec03cb30d2b00fcadf8095cca415fb94258,FGDC-2865;FGDC-3093,held,supported,pass,[],c469f036245b3ca839bf71bb67e0bcaa8b0d564b0d568950809c89ebed7502d3,
FGDC-3094,e60f3f228f0419fb678a8e05fb1fad9b594b15c559fbde43bdb41dc68b780bb1,sha256:e60f3f228f0419fb678a8e05fb1fad9b594b15c559fbde43bdb41dc68b780bb1,FGDC-2866;FGDC-3094,held,supported,pass,[],7d5cd24439eb27ae064dd1498b32a31dcf4540126e6c7e69c00a308f4137bde3,
FGDC-3095,f3a1ae81e5df689e3d7ec65780f737807721a81fb515e345a51d4fdc51e10081,sha256:f3a1ae81e5df689e3d7ec65780f737807721a81fb515e345a51d4fdc51e10081,FGDC-2867;FGDC-3095,held,supported,pass,[],eec7c3668e08a63fbe081d9157413876c4e7fff75d6f6c95d2dde2c61886db8f,
FGDC-3096,dd4cb1ad9e4350173112aa373dbf7b01be6ae296c937bb5c26243ee230ec5f27,sha256:dd4cb1ad9e4350173112aa373dbf7b01be6ae296c937bb5c26243ee230ec5f27,FGDC-2868;FGDC-3096,held,supported,pass,[],93225d2ef80a66ccc50d3dcf1885b3e1a63eef6b8d40290010884455782643fd,
FGDC-3097,470b7f7c062f0cea050474f109017048e7ba5715421c3eb0dab9189489749738,sha256:470b7f7c062f0cea050474f109017048e7ba5715421c3eb0dab9189489749738,FGDC-2869;FGDC-3097,held,supported,pass,[],3f7a5e068cf39c010cda3c6c5905bb9af07ae8dbbe447d5b729f6fd6ebcebdd4,
FGDC-3098,3d96535765615f35713befc593b61d0b301e39315dd584f3ee48705cd839abf7,sha256:3d96535765615f35713befc593b61d0b301e39315dd584f3ee48705cd839abf7,FGDC-2870;FGDC-3098,held,supported,pass,[],1895a0cf6f06d6d58d61ffd0afab0074974a725caf862755a68f9d1b07a4e94d,
FGDC-3099,30f5b5903c26724f7a5647bba5cc9c5e996888a427093968ce853a340b0d8366,sha256:30f5b5903c26724f7a5647bba5cc9c5e996888a427093968ce853a340b0d8366,FGDC-2871;FGDC-3099,held,supported,pass,[],b1c94b6a2bc7c578f236e5b3d4deb46f066a2d31826b675c94277bac26af4277,
FGDC-3100,ebcdb3f1f6d5210c3ccb49c59acbb0af3e1bc8f022ef9e56c84317d952e0f76b,sha256:ebcdb3f1f6d5210c3ccb49c59acbb0af3e1bc8f022ef9e56c84317d952e0f76b,FGDC-2872;FGDC-3100,held,held,held,"[""Metadata access terms need source-backed adjudication"",""Field 'title' exceeds character limit: 358 > 250"",""Invalid transformed metadata: Field 'title' exceeds character limit: 358 > 250""]",14850fb02722312d14dcb3eb5cea1fe02faea3f3ca8293d3b0ce7446b7a15454,
FGDC-3101,7768f41ce00d9e734de944e273a79ee3564d43a671b127d641e135409bf0c377,sha256:7768f41ce00d9e734de944e273a79ee3564d43a671b127d641e135409bf0c377,FGDC-2873;FGDC-3101,held,supported,pass,[],13253a1d3136d3948f8ef86f736cbba9b0fb20ab8f971a28d6fc5c25e78b1a48,
FGDC-3102,a2d59b54ce81e9d8010c67cc88909061a5eab4333648de02fd17aa99e315d42e,sha256:a2d59b54ce81e9d8010c67cc88909061a5eab4333648de02fd17aa99e315d42e,FGDC-2874;FGDC-3102,held,supported,pass,[],756eae502f423f5de199c220aff6d36f43d177f9ab4fc850fac55b4f8d82e0cc,
FGDC-3103,d14425b381dd815b059d5fab973c99db057dc6bbb5331b66ee68522ec8e487a4,sha256:d14425b381dd815b059d5fab973c99db057dc6bbb5331b66ee68522ec8e487a4,FGDC-2875;FGDC-3103,held,supported,pass,[],c1f341a69ca7814ade2775e4819e105ce61b3e758176d8a7682c10d85c8c84de,
FGDC-3104,ca6d4f64fb3d41b7c6cfbb4884ecd9d9aee4b7e1081794787dcb64e11c3ffd80,sha256:ca6d4f64fb3d41b7c6cfbb4884ecd9d9aee4b7e1081794787dcb64e11c3ffd80,FGDC-2876;FGDC-3104,held,supported,pass,[],83413a7bde33d3f9d4fd4aaa9a349f8c89b88caa0fa2493487f06c4408dd1e1a,
FGDC-3105,ba0d5363cfb8fa331e1feb2748bbeb1e8f68faae2e6a7718deec65363e24f2a6,sha256:ba0d5363cfb8fa331e1feb2748bbeb1e8f68faae2e6a7718deec65363e24f2a6,FGDC-2877;FGDC-3105,held,supported,pass,[],b5f9c630bd8cc93da440ade3a8d2f4a8c5e95c8cdb5ee0b0c8a6cadb8ca81e31,
FGDC-3106,5516bb99b36b1cdfc05243df49970f307e741a0f3e911ac194d9bea307690de2,sha256:5516bb99b36b1cdfc05243df49970f307e741a0f3e911ac194d9bea307690de2,FGDC-2878;FGDC-3106,held,supported,pass,[],fb40e0e1176685dff536e5b4ecc036a6957689b707d7a349b4c49a9f7b41a7f4,
FGDC-3107,00f90ad76b561b0266a3650c8c8e05e5b5087b48ac7e12a05550c7e0f494d799,sha256:00f90ad76b561b0266a3650c8c8e05e5b5087b48ac7e12a05550c7e0f494d799,FGDC-2879;FGDC-3107,held,supported,pass,[],2600b8c4b95e35a93d8de5d60982a03f19bcf3f72d785a5cc4ecfca2aacdc9f0,
FGDC-3108,4a6c8e9c526c723a85e028873bdb38eba523bfaf2cb3f666fdc37246136bf183,sha256:4a6c8e9c526c723a85e028873bdb38eba523bfaf2cb3f666fdc37246136bf183,FGDC-2880;FGDC-3108,held,supported,pass,[],0bf67bb7db19b0c5137c72caf96041b9a6c3f28e45effb7b6e26891b84dc7875,
FGDC-3109,3c905a19c9d6af0e1a7fc10c005b855bcf28d2af71c66c0deffa85bb5a845f2c,sha256:3c905a19c9d6af0e1a7fc10c005b855bcf28d2af71c66c0deffa85bb5a845f2c,FGDC-2881;FGDC-3109,held,supported,pass,[],49fa5117b69f61f2a15fcabde32f6933f774a67d3f9ce2026040551c3e2f12ae,
FGDC-3110,8559a9894c79292f102e61412e98b61af18a6045d858fda4b293be99a5793550,sha256:8559a9894c79292f102e61412e98b61af18a6045d858fda4b293be99a5793550,FGDC-2882;FGDC-3110,held,supported,pass,[],f3d3df0d25de0c3a7b8ea73a8a5fc42816b07c5dd89fa259741638a78e1c2d63,
FGDC-3111,e6160e2ad93b28764b4fc16f021b58b8fbc9f8e02fa9d0f7a2abcb3905c203ac,sha256:e6160e2ad93b28764b4fc16f021b58b8fbc9f8e02fa9d0f7a2abcb3905c203ac,FGDC-2883;FGDC-3111,held,held,pass,"[""Metadata access terms need source-backed adjudication"",""Contradictory or unsupported source access constraints require adjudication""]",76199a61379c3a5a72750d338babd5a1d110ac0b9f90b690ecec7c3b4b009c50,
FGDC-3112,65ba604608fd6277520327d80a4b5be6f576ae8a420e5b2f86be802cd6e88ad9,sha256:65ba604608fd6277520327d80a4b5be6f576ae8a420e5b2f86be802cd6e88ad9,FGDC-2884;FGDC-3112,held,supported,pass,[],d98f85ae034049617aeac457cf0eb897d2d49763c384d884304d685550b394be,
FGDC-3113,6493826fa458a5e69afe0e45462fdec1192df54ba205ffe873c90e567b14854e,sha256:6493826fa458a5e69afe0e45462fdec1192df54ba205ffe873c90e567b14854e,FGDC-2885;FGDC-3113,held,supported,pass,[],24eae5b5f6d3bb13f30da0865ecb585d99677da15a46ffd9d665cfd1f4d7093c,
FGDC-3114,b792de0a2b5293b8a2bb0a0cd8d3bc49d28d9d7bdf78d2b8956491cdfa649e1d,sha256:b792de0a2b5293b8a2bb0a0cd8d3bc49d28d9d7bdf78d2b8956491cdfa649e1d,FGDC-2886;FGDC-3114,held,supported,pass,[],6e0226f3deccfd96245996ac0ce410a4845ebd80cda056649a32f7e000d19ccf,
FGDC-3115,b3a866604fdded20289f6c79ccc85ae78b8e249d4c8dae1625c14ebb4dea402f,sha256:b3a866604fdded20289f6c79ccc85ae78b8e249d4c8dae1625c14ebb4dea402f,FGDC-2887;FGDC-3115,held,supported,pass,[],f2285fedb1e96467babc6d72450411e13ac0a4e26e5da24c04483673517ca03e,
FGDC-3116,6176b570865f7a31238aa1d32c66940626986b116e26b85cea9830eedb69968b,sha256:6176b570865f7a31238aa1d32c66940626986b116e26b85cea9830eedb69968b,FGDC-2888;FGDC-3116,held,supported,pass,[],0f1a428f771f5e1784d14ce8cf973712b4f57bce88658220889d8d8593d64caa,
FGDC-3117,84250f8169dadb247a0c87393ca08ecc43aeb7cbbfa03c0e9150a8c3354288e5,sha256:84250f8169dadb247a0c87393ca08ecc43aeb7cbbfa03c0e9150a8c3354288e5,FGDC-2889;FGDC-3117,held,supported,pass,[],dc624c906ab0ea0df72bc25e2238fbd41917eb3b8c723447b5a7f9ab0fbad6f3,
FGDC-3118,74c5abf19a61208749cec092f85e18eb28496f4fa9b4aec6dd5184dadfbab310,sha256:74c5abf19a61208749cec092f85e18eb28496f4fa9b4aec6dd5184dadfbab310,FGDC-2890;FGDC-3118,held,supported,pass,[],8a0f887f53b3ac60c07614b230d46bf42b27b8e476519272640fb26cf403b572,
FGDC-3119,0234c82e1eee02e1bf8ff89f130bfe7a586636a558899bd9649a98488063238e,sha256:0234c82e1eee02e1bf8ff89f130bfe7a586636a558899bd9649a98488063238e,FGDC-2891;FGDC-3119,held,supported,pass,[],b4936a041899e285392b93a8e22042fb2766caeab0c0459cd8645b12d2b43864,
FGDC-3120,dc90d6b237428c9be842bfd729edd2ad6f1d11ac0e76209d5cbfccd280764a8e,sha256:dc90d6b237428c9be842bfd729edd2ad6f1d11ac0e76209d5cbfccd280764a8e,FGDC-2892;FGDC-3120,held,supported,pass,[],f87924937056f1c56227639cbef7c0694117143aeffea244d548c131b292280d,
FGDC-3121,4eb59ae7182fc297582ba615dd6ee966bb47b3df522578ea98dec3c677b5d630,sha256:4eb59ae7182fc297582ba615dd6ee966bb47b3df522578ea98dec3c677b5d630,FGDC-2893;FGDC-3121,held,supported,pass,[],5f164dfbe878ab6bda6cf240808c7a0fed7b1bea4e6652e5d6489280ffce5abb,
FGDC-3122,927bb889e309c91bdbd22053c78bfb88e9f37d6f693ef785c3679dc892dd024f,sha256:927bb889e309c91bdbd22053c78bfb88e9f37d6f693ef785c3679dc892dd024f,FGDC-2894;FGDC-3122,held,held,held,"[""Metadata access terms need source-backed adjudication"",""Field 'title' exceeds character limit: 276 > 250"",""Invalid transformed metadata: Field 'title' exceeds character limit: 276 > 250""]",8454746105074588cd02e727763b3a690059f27921525d4d010ee339b513e8ae,
FGDC-3123,48fbdd49ad53843d2b41b9f71baaf8d0563d7718040357d22a8d87e7015c3af1,sha256:48fbdd49ad53843d2b41b9f71baaf8d0563d7718040357d22a8d87e7015c3af1,FGDC-2895;FGDC-3123,held,supported,pass,[],01a5f035ddff3a20d6ddd2e3f7271885cb3aee564123b8e27db60428cac888ca,
FGDC-3124,6131517411f850cc6e9ece3c7adbae8dffac3eec4ad9da9e1c321992b1a3dff6,sha256:6131517411f850cc6e9ece3c7adbae8dffac3eec4ad9da9e1c321992b1a3dff6,FGDC-2896;FGDC-3124,held,supported,pass,[],bd60cd413e4987f7001f4c61492a9825aa0db7ebd94bccf5eeb0f82eb1bf7739,
FGDC-3125,d99e58947157d22b9d56409c5c49ca6f772c94d5e83ab5f8630b13391a12ea1e,sha256:d99e58947157d22b9d56409c5c49ca6f772c94d5e83ab5f8630b13391a12ea1e,FGDC-2897;FGDC-3125,held,supported,pass,[],c475212c37c2f5f58ae45a208f5c2b511393996a7ba9b52a8ade983e3f6edea8,
FGDC-3126,3e0e5b245b9a83830bc694de8d4041c98511a96b42b070a88677f6485f8b2eb8,sha256:3e0e5b245b9a83830bc694de8d4041c98511a96b42b070a88677f6485f8b2eb8,FGDC-2898;FGDC-3126,held,supported,pass,[],8b7f75ec0fe6dec64ef8ba6741563f8488f89ea71eea423700062a6711f1a977,
FGDC-3127,4f2a8a205fa1b14a2ba01965e9e93607c55c7d2d425bdb456bdd0a8136841874,sha256:4f2a8a205fa1b14a2ba01965e9e93607c55c7d2d425bdb456bdd0a8136841874,FGDC-2899;FGDC-3127,held,supported,pass,[],b339f235df4c089490a17e30723ee53c647333344bd1ce90f2eac036c6f3f9cd,
FGDC-3128,419a9f1c02cdc54276a4c316b5ef04f088562f6e1144a1601d2197c04c17f6c5,sha256:419a9f1c02cdc54276a4c316b5ef04f088562f6e1144a1601d2197c04c17f6c5,FGDC-2900;FGDC-3128,held,supported,pass,[],047129dec428d6c2c8616de57f044166b93570b51cc4f4ce14be9cf793d40c4f,
FGDC-3129,2b75d335087d2048a6f8dad2e3b984a6f313c8ccb3850b47d78ba4c278955a44,sha256:2b75d335087d2048a6f8dad2e3b984a6f313c8ccb3850b47d78ba4c278955a44,FGDC-2901;FGDC-3129,held,supported,pass,[],b575d1a1b33fa808fc181a25c237ae89f80f5a8512425f5af381881d8499d300,
FGDC-3130,78c33e1d6bb7551d87fee7cf4fc41d4d3ea92cfdfd0b320971c093d7ca165b2a,sha256:78c33e1d6bb7551d87fee7cf4fc41d4d3ea92cfdfd0b320971c093d7ca165b2a,FGDC-2902;FGDC-3130,held,supported,pass,[],b99619f2a6b666b13c1f5a01351422867ed91c05c20fa65800b72fcbc2a08e19,
FGDC-3131,6dc21b61ad5e3b29eb6efdb74e918ccfe1fa1c9b76aec5fdd150cd21dc121e75,sha256:6dc21b61ad5e3b29eb6efdb74e918ccfe1fa1c9b76aec5fdd150cd21dc121e75,FGDC-2903;FGDC-3131,held,supported,pass,[],dbc30ec24501e35d9ecaf64abd70f24c0b7ea3a3416362b218535331b1d8525f,
FGDC-3132,80c261cd5465afee8dab90e7428160c66b0ca63a5482a9733784e51c91c2778a,sha256:80c261cd5465afee8dab90e7428160c66b0ca63a5482a9733784e51c91c2778a,FGDC-2904;FGDC-3132,held,held,pass,"[""Metadata access terms need source-backed adjudication"",""Contradictory or unsupported source access constraints require adjudication""]",9760a4e0f0c77be4d38e107bb4a5f75029546ec0d629100edd60e8154529fd70,
FGDC-3133,cfeff877201b752e1828ef3d812edd61b7f73769ded42fdeb769deae3b3b11e8,sha256:cfeff877201b752e1828ef3d812edd61b7f73769ded42fdeb769deae3b3b11e8,FGDC-2905;FGDC-3133,held,supported,pass,[],acaccd5c6f8af8744eed62d845c727af6d74b4b2d720cc4cab01278865ffc908,
FGDC-3134,7299a7fbc4a6a6f27923f502a5ee54091d183e6d8d9888d8c1c30b9c48272c46,sha256:7299a7fbc4a6a6f27923f502a5ee54091d183e6d8d9888d8c1c30b9c48272c46,FGDC-2906;FGDC-3134,held,supported,pass,[],536156a68c384e4266285f98bdcdb927be0f63c45c1546b5ab5fde49497e5c1e,
FGDC-3135,97a837ae20a074387091b097a3d9eb9db4524c047c10b5b4b9a1eb3075873612,sha256:97a837ae20a074387091b097a3d9eb9db4524c047c10b5b4b9a1eb3075873612,FGDC-2907;FGDC-3135,held,supported,pass,[],02b409f638dfa7309c36b8285221c8bef0142abd55bb1310f21cd94a851a8caa,
FGDC-3136,7bfe1cbb1c85f4b11217c7168eb2305407696b63f846df8d8461ef55f8292433,sha256:7bfe1cbb1c85f4b11217c7168eb2305407696b63f846df8d8461ef55f8292433,FGDC-2908;FGDC-3136,held,supported,pass,[],c1d778058775090f5182b0c223a5d9e4f82148f484e43b7253f38acc733a8c3d,
FGDC-3137,ae70668401c1c70565e0e2ce49b26706c6761beef8278d9179925f5b5d88ed77,sha256:ae70668401c1c70565e0e2ce49b26706c6761beef8278d9179925f5b5d88ed77,FGDC-2909;FGDC-3137,held,supported,pass,[],24ae32973bb02b747f639aeec8dfb5ed4d0ccfe5dc2a5e43c99ebc1f0b9f770e,
FGDC-3138,55d334aaa499684878f5b5d73fc3f7cada57d056c365cb306016482b5e5c9bf6,sha256:55d334aaa499684878f5b5d73fc3f7cada57d056c365cb306016482b5e5c9bf6,FGDC-2910;FGDC-3138,held,supported,pass,[],39ea4fdc513dd16de1e75abad97cc5559ac1c91d3fb1812611dc7a59a8faf9e9,
FGDC-3139,a2b51c74bd83865943aed91f2b47d1f9a0435da00f0f4443b2d7f339a3cca896,sha256:a2b51c74bd83865943aed91f2b47d1f9a0435da00f0f4443b2d7f339a3cca896,FGDC-2911;FGDC-3139,held,supported,pass,[],9bcf3ca883b3e281b5fa90411e406d428f946b444dec21da26620009715c3dee,
FGDC-3140,720e4a09f46a1f9e1daf116d866726ecfff91cdd99718efac27aacc119d65d9d,sha256:720e4a09f46a1f9e1daf116d866726ecfff91cdd99718efac27aacc119d65d9d,FGDC-2912;FGDC-3140,held,supported,pass,[],db109b53b053775322694b779e53f3ac00e7fcd9679ead478b9656f8d3b3fbef,
FGDC-3141,8e2add3b8a3642cadc131c3a6ccadfce4121072592f1fb0d3e4693db5c16cfc9,sha256:8e2add3b8a3642cadc131c3a6ccadfce4121072592f1fb0d3e4693db5c16cfc9,FGDC-2913;FGDC-3141,held,supported,pass,[],6624d4bb720f3b262ba9a0e26a3baed196322f570e88a0883c9000f7a6d51a52,
FGDC-3142,aed8dc374f2869c79a746ed40d8129e940d566719b3232a30b80a82b4a69b875,sha256:aed8dc374f2869c79a746ed40d8129e940d566719b3232a30b80a82b4a69b875,FGDC-2914;FGDC-3142,held,supported,pass,[],487660fab621d38092b68e1737f0969eab2a3350b7ffa8280602978a8785a175,
FGDC-3143,4385a97b249dfbe21ef694ae80bc40c0f7b409f0cdc4b4705f532a90f1549914,sha256:4385a97b249dfbe21ef694ae80bc40c0f7b409f0cdc4b4705f532a90f1549914,FGDC-2915;FGDC-3143,held,held,pass,"[""Metadata access terms need source-backed adjudication"",""Contradictory or unsupported source access constraints require adjudication""]",f174c8d589c7c9f6193fc45b5adbaa426be8c1d6dc50c62f1a146e93a87506f6,
FGDC-3144,b2fdc54fa458ac46ef23c2058e70ae8d48ad55f546399562a2aa4aa734c7f26d,sha256:b2fdc54fa458ac46ef23c2058e70ae8d48ad55f546399562a2aa4aa734c7f26d,FGDC-2916;FGDC-3144,held,supported,pass,[],ba1137ed56105d28620f95fc45cb0ea5e841f7e5ecffc1f878bb507a71be11f3,
FGDC-3145,043e1f5c838e7d20f047722a8e2ed4ec0d1a59c271013690c949f452632ba12e,sha256:043e1f5c838e7d20f047722a8e2ed4ec0d1a59c271013690c949f452632ba12e,FGDC-2917;FGDC-3145,held,supported,pass,[],735e199a1c0b9d5c013c7c71b08162e3350faa3f2af9f4dcb978292dbf74509b,
FGDC-3146,bf1a701c9edd057ed83107c06a4bfd675f7b82e77ebb274967419dca8cb8c862,sha256:bf1a701c9edd057ed83107c06a4bfd675f7b82e77ebb274967419dca8cb8c862,FGDC-2918;FGDC-3146,held,supported,pass,[],3377e94ef379fca6bfaf563af64044a17d5470159d033ab716365672a884fda1,
FGDC-3147,dfa2a06d87ff978ceb26315117f8dbe45b2a8fc7ee994ce4d7743b5e6ca82611,sha256:dfa2a06d87ff978ceb26315117f8dbe45b2a8fc7ee994ce4d7743b5e6ca82611,FGDC-2919;FGDC-3147,held,supported,pass,[],9516fdd4954695166be47a083c61bc7ff191d806994c95365c411fe84bdd3084,
FGDC-3148,66097bbcd0f102a76e6fd464be17ded1cbc3ae33ddfcad625f066689f42dcd21,sha256:66097bbcd0f102a76e6fd464be17ded1cbc3ae33ddfcad625f066689f42dcd21,FGDC-2920;FGDC-3148,held,supported,pass,[],718a2a53eace4b4d432dcebc4c18619e09d952cd0fdc2c05cd3ef4e97d2407cd,
FGDC-3149,4c7a232a36c52b9da730f8300fc168c94f8baa500a4ee2c4588abb9165092f34,sha256:4c7a232a36c52b9da730f8300fc168c94f8baa500a4ee2c4588abb9165092f34,FGDC-2921;FGDC-3149,held,supported,pass,[],84899becd22aa11a3a0656591abe4170a8013556c9ef1d51bce18452c2242f2a,
FGDC-3150,1c72eef972645e3f1b561df91fd7eb08374d8d9d07a5dad8b423774082c1e62d,sha256:1c72eef972645e3f1b561df91fd7eb08374d8d9d07a5dad8b423774082c1e62d,FGDC-2922;FGDC-3150,held,supported,pass,[],1e1da6c52a79f4ee39de47f7ae25c4cddd56cd0e6a10975a52ba07c280cf1cc8,
FGDC-3151,d5b2805699de6c4985fc7b8fb9fb0714b8b1454395c8241a6d50993a166b0cb6,sha256:d5b2805699de6c4985fc7b8fb9fb0714b8b1454395c8241a6d50993a166b0cb6,FGDC-2923;FGDC-3151,held,supported,pass,[],a85369ea53916c366cdc2912cebbc63a3116930c5fd4693db8df17341061aa3f,
FGDC-3152,20a3bac8b456721eae85a0ca5909f011b0bc1f5e651eda7de5882c7e2e006045,sha256:20a3bac8b456721eae85a0ca5909f011b0bc1f5e651eda7de5882c7e2e006045,FGDC-2924;FGDC-3152,held,supported,pass,[],a4b4dddf2c803140b039083c38a0d98b480a6839595c14b2abf6001a69e8b38c,
FGDC-3153,d9d6edc6d7799c73ead9c7e3ae8693b4f696f863e08834ece535c454186bf29c,sha256:d9d6edc6d7799c73ead9c7e3ae8693b4f696f863e08834ece535c454186bf29c,FGDC-2925;FGDC-3153,held,supported,pass,[],1d7b9c72f51047cb0e8eb5b08ee0db5d978a34b25d7b1257b8b491dc5ef3ac1b,
FGDC-3154,d67382ea4475d9d44e1214a171cb98a1a06edd6ce32559694133904e59ae6fb0,sha256:d67382ea4475d9d44e1214a171cb98a1a06edd6ce32559694133904e59ae6fb0,FGDC-2926;FGDC-3154,held,held,pass,"[""Metadata access terms need source-backed adjudication"",""Contradictory or unsupported source access constraints require adjudication""]",5cbc9ceceba89f1f0d4d14db18440e00eb0c58bbde77b19cce838d85c38f5e0c,
FGDC-3155,e4c38bae9a99b7a9773e57dda165320f2ea55a28d9e8324729837b8ca5be9d18,sha256:e4c38bae9a99b7a9773e57dda165320f2ea55a28d9e8324729837b8ca5be9d18,FGDC-2927;FGDC-3155,held,supported,pass,[],ab85e6d253c89945affcf8d23191947d357a6dc25a4025afe1801b4508a01dca,
FGDC-3156,bb3f7deef777eac0b5890d37f31f0fe6943db5fe44053b38138ffa655f541432,sha256:bb3f7deef777eac0b5890d37f31f0fe6943db5fe44053b38138ffa655f541432,FGDC-2928;FGDC-3156,held,supported,pass,[],8181c52ef2c48e41b363308758c8a748a9447edad079a184988f66de06048b36,
FGDC-3157,d3982b991a93644657507e51c7d931f20dc810c676b7039613f44d8a5fd50a48,sha256:d3982b991a93644657507e51c7d931f20dc810c676b7039613f44d8a5fd50a48,FGDC-2929;FGDC-3157,held,supported,pass,[],b4940f51f469d9c3e8f453cb9d7a56ec724a077fca58468e386823d3439ecc3e,
FGDC-3158,f7c6fad0f2ede5d1addc088f999dbff5b89a86ffa60598a18d373cc3c2c227ce,sha256:f7c6fad0f2ede5d1addc088f999dbff5b89a86ffa60598a18d373cc3c2c227ce,FGDC-2930;FGDC-3158,held,supported,pass,[],3aa1fe07c066d41658634672848e7bf29d7e5b464435965c6c7ba3cde6607e72,
FGDC-3159,8d610ed681161472e5f572cae9d52695d751b8e3f70ec41761e5ba493f4319f4,sha256:8d610ed681161472e5f572cae9d52695d751b8e3f70ec41761e5ba493f4319f4,FGDC-2931;FGDC-3159,held,supported,pass,[],44be359140177b8f7314be008bc7109d5136529cd713c2a150a1528f2d0c8e83,
FGDC-3160,86c7a76960666079facd67c81e5a5e5264f82e2efe5f03245c4b1cbf37057ca5,sha256:86c7a76960666079facd67c81e5a5e5264f82e2efe5f03245c4b1cbf37057ca5,FGDC-2932;FGDC-3160,held,supported,pass,[],5649c6d1390fefca2d365b99157dfd199151a7eca288c945ae648f285929be64,
FGDC-3161,96d81f09a53849c8014ffb95c6b986be60db34c33fdf95f209a3f722d11315ee,sha256:96d81f09a53849c8014ffb95c6b986be60db34c33fdf95f209a3f722d11315ee,FGDC-2933;FGDC-3161,held,supported,pass,[],8b3ff069351ed32c6abfe17be43196d3b6c18da4599bceaa30f1765517877c0d,
FGDC-3162,e6cbd9194870c32c0e31b4890a29d6213753aa52b4981d7e929bb56b81c704e1,sha256:e6cbd9194870c32c0e31b4890a29d6213753aa52b4981d7e929bb56b81c704e1,FGDC-2934;FGDC-3162,held,supported,pass,[],0f24ce4a59d687b5402dddf136164f6a1a8aee0339eb6bb2f9ada747c590dcfb,
FGDC-3163,f5deef3c3d9a8acf0e169e35ea06d3d043c39b55230d9eb96cb0a9e887eb7cc3,sha256:f5deef3c3d9a8acf0e169e35ea06d3d043c39b55230d9eb96cb0a9e887eb7cc3,FGDC-2935;FGDC-3163,held,supported,pass,[],fbe47f73dd79ce10373a30c0206dc89346c06b66d471a13c1c174d9291e54f5c,
FGDC-3164,e538752a0a35fe5aee2c97efa8491227a5156e4b68f9a6650b42708e6a396d61,sha256:e538752a0a35fe5aee2c97efa8491227a5156e4b68f9a6650b42708e6a396d61,FGDC-2936;FGDC-3164,held,supported,pass,[],67d94e6ca24210a913efd743bf4d0b0454e7624ebad4409a70351915894fc928,
FGDC-3165,41d91946ae8c93520bb49b6cfc1b60aad634489ac2e45de9ff4fa4c891684bec,sha256:41d91946ae8c93520bb49b6cfc1b60aad634489ac2e45de9ff4fa4c891684bec,FGDC-2937;FGDC-3165,held,held,pass,"[""Metadata access terms need source-backed adjudication"",""Contradictory or unsupported source access constraints require adjudication""]",8b2dc4eb30fd7ced849a382eebbe77fd37ff4abcf46f7b93789890ac5ef6a308,
FGDC-3166,5b4ae022cfc35250fe5add4f2605cc32fda6e595eea09c0c0b1c7e4dcdaa75cd,sha256:5b4ae022cfc35250fe5add4f2605cc32fda6e595eea09c0c0b1c7e4dcdaa75cd,FGDC-2938;FGDC-3166,held,supported,pass,[],4f1afead3e5acdad33e07354da9453becb9994c0c4aa949d1431265c1b8dde53,
FGDC-3167,32788808916a30df8052c73f3cd5927b1835b5bc5ced32da44b1ba1c1c83ea62,sha256:32788808916a30df8052c73f3cd5927b1835b5bc5ced32da44b1ba1c1c83ea62,FGDC-2939;FGDC-3167,held,supported,pass,[],9f2f4ce3031cbcc825231de33325e4e9e767de26a722427ee208a089d1a7cb70,
FGDC-3168,f724e80d30beb34a10a375b071d28ff0025495143bbebc6dccb6ef49c4ee0cc5,sha256:f724e80d30beb34a10a375b071d28ff0025495143bbebc6dccb6ef49c4ee0cc5,FGDC-2940;FGDC-3168,held,supported,pass,[],ebdcadc62364a66345985cfa4250284f7a4ad05434cb3e370524f8e5b6a4b5c8,
FGDC-3169,609f4c8cfc54e5e15757cc77b920da55b47461159521b98ac36e74b1ffe963a4,sha256:609f4c8cfc54e5e15757cc77b920da55b47461159521b98ac36e74b1ffe963a4,FGDC-2941;FGDC-3169,held,supported,pass,[],cdda3d1a9860675a4d253c8ff4f903e12124980bdf2607dbeead05e98c7760e6,
FGDC-3170,2eaa9caf6eb481eade261a8e3e54f1aaf41d4a32df0a1d076ee9b40246a24c0d,sha256:2eaa9caf6eb481eade261a8e3e54f1aaf41d4a32df0a1d076ee9b40246a24c0d,FGDC-2942;FGDC-3170,held,supported,pass,[],43ee8fe924c9dd52387624781b83b01beacf625ee42f0fe3c144b991e9430ec6,
FGDC-3171,50c95f15911411ee3f6a38e926eeb6b035340cf09539fb91b4b873a52e6991ef,sha256:50c95f15911411ee3f6a38e926eeb6b035340cf09539fb91b4b873a52e6991ef,FGDC-2943;FGDC-3171,held,supported,pass,[],d14e0acbe54d816927aae415fb6c9e4afacc3bcf556424ad542e5981ad81808d,
FGDC-3172,3b10c8879de129c36804c7ae4ee72cda774e30b5347f127a2905c7f266685935,sha256:3b10c8879de129c36804c7ae4ee72cda774e30b5347f127a2905c7f266685935,FGDC-2944;FGDC-3172,held,supported,pass,[],5ae30741e75b8c8b4ea1e7244764610add60b3d6ccdb2f3bcc785cd1032dbeb6,
FGDC-3173,42ba13b6ebf5f26f60ba75bd408b9e4d16181f38cf801d10ffb7dbdcaa7a4e36,sha256:42ba13b6ebf5f26f60ba75bd408b9e4d16181f38cf801d10ffb7dbdcaa7a4e36,FGDC-2945;FGDC-3173,held,supported,pass,[],d509176d270f276c0e6e916b06c143d63d92fe7e837584f9c4a201437fb19d38,
FGDC-3174,da5db54591e32c5b34a1d35332c4c6426ae7565d20e8bb47a24308d9af3ea4ba,sha256:da5db54591e32c5b34a1d35332c4c6426ae7565d20e8bb47a24308d9af3ea4ba,FGDC-2946;FGDC-3174,held,supported,pass,[],f37d481082279f5742c4a4b6c7850717da10ef68f9c416c2ae92c35a23aa6c2a,
FGDC-3175,08e2c243c30f5bed157281216e01c3d7b6c21647d5e78ddeee1240774380e43a,sha256:08e2c243c30f5bed157281216e01c3d7b6c21647d5e78ddeee1240774380e43a,FGDC-2947;FGDC-3175,held,supported,pass,[],c241107b135b15d3de54de3e08151ea46ca1dc9da424218ba658169ec57d8ce9,
FGDC-3176,ca9a74702d046a13e70abac603f87b17618ecd2a70c51f1363c80629f574f615,sha256:ca9a74702d046a13e70abac603f87b17618ecd2a70c51f1363c80629f574f615,FGDC-2948;FGDC-3176,held,held,pass,"[""Metadata access terms need source-backed adjudication"",""Contradictory or unsupported source access constraints require adjudication""]",69f494b24a04aa760aca38ddb36e4650cc967c02364ce787236e84a10571caac,
FGDC-3177,26fdd51ab6cf1a96245eb1609d7732dd34fe8a74ffe9b0ff3b780c8d750ca8a8,sha256:26fdd51ab6cf1a96245eb1609d7732dd34fe8a74ffe9b0ff3b780c8d750ca8a8,FGDC-2949;FGDC-3177,held,held,pass,"[""Metadata access terms need source-backed adjudication"",""Contradictory or unsupported source access constraints require adjudication""]",71e5094a7f825c8f5801c4e99e761d20f6ced32f1166f2d3c905d8a16fac8456,
FGDC-3178,1c86d7c7c59a1f79c85e944e87aa5cc2aa0ffc408f5c5b8468e222289cf424b8,sha256:1c86d7c7c59a1f79c85e944e87aa5cc2aa0ffc408f5c5b8468e222289cf424b8,FGDC-2950;FGDC-3178,held,supported,pass,[],7a7c9f50e619e4b588607a01e95e83a22cbec67e46694fa98642880bbf2b9a21,
FGDC-3179,2c0b55c3b0889bac1b577b28a73e2ee2777c48cd54564180a636a6e13343febe,sha256:2c0b55c3b0889bac1b577b28a73e2ee2777c48cd54564180a636a6e13343febe,FGDC-2951;FGDC-3179,held,supported,pass,[],d31c916f774de7735271ce5c5602d0879105cd276a16206634310f0a0afa0014,
FGDC-3180,beeb92e66501fc8dd67eb415dfe2bde1c83632890a041ee15cf856ef8eda0aa4,sha256:beeb92e66501fc8dd67eb415dfe2bde1c83632890a041ee15cf856ef8eda0aa4,FGDC-2952;FGDC-3180,held,supported,pass,[],8f84b9af5b631c3b3ebd54899a1c0d41e0d7846c3c9228236858dffcd198d4eb,
FGDC-3181,0025e59c5556d26b1c14ceac8c4c840057a271724b524c087db2dd0fb4315025,sha256:0025e59c5556d26b1c14ceac8c4c840057a271724b524c087db2dd0fb4315025,FGDC-2953;FGDC-3181,held,supported,pass,[],781494c0625e6c43b53ff98414d08d81c60106932bb5bf9a2e36a9b6a612a148,
FGDC-3182,ffee49ac0dc497ed873943ec907f06d870aa42d577a1c7a325e9cc8d9595c0ea,sha256:ffee49ac0dc497ed873943ec907f06d870aa42d577a1c7a325e9cc8d9595c0ea,FGDC-2954;FGDC-3182,held,supported,pass,[],4949e429053c7db3aea29c6c39093c44c9254fcfd1f2bf1309a086a66d619f96,
FGDC-3183,262bc60b36121bfc4c218ec771a995ea59d0bccefd87bd2a4ad04a8558919411,sha256:262bc60b36121bfc4c218ec771a995ea59d0bccefd87bd2a4ad04a8558919411,FGDC-2955;FGDC-3183,held,supported,pass,[],6c88720531235703c2e67e036803db172064a64cffdc71c4846e954569841ddd,
FGDC-3184,504466cc8ef0a1cf11d858fced405b81d175d503d23b4e2a0e0d0615aa77b956,sha256:504466cc8ef0a1cf11d858fced405b81d175d503d23b4e2a0e0d0615aa77b956,FGDC-2956;FGDC-3184,held,supported,pass,[],c5f159aae58a6ce5d4319cd7e68d7d82a5e0283f0e841b262fc46234c4239bdc,
FGDC-3185,40b14a334379e5e416b69e6717ba8981c4488bf7d78388ce38cfacf0e614dd99,sha256:40b14a334379e5e416b69e6717ba8981c4488bf7d78388ce38cfacf0e614dd99,FGDC-2957;FGDC-3185,held,supported,pass,[],0dda326fd2193f8ec7275c49b8c9741383c545b0149561b70a438606868d0ffc,
FGDC-3186,c106b2016fb714fe16f215daf621102da77b1e5a2fb758e768c60ec65ecb8340,sha256:c106b2016fb714fe16f215daf621102da77b1e5a2fb758e768c60ec65ecb8340,FGDC-2958;FGDC-3186,held,supported,pass,[],92c5c5c84746ab8c18a218614de0ba3a32cc8c3d75de3a6322ea298d2325cc79,
FGDC-3187,99d7f76bb554a2b37c96f3cfa002ba41cdc36a6315fc4ae732ccee1f3c34d469,sha256:99d7f76bb554a2b37c96f3cfa002ba41cdc36a6315fc4ae732ccee1f3c34d469,FGDC-2959;FGDC-3187,held,supported,pass,[],57b999c1158c910dbb6500e0f2ffc194657b52856d68b79f6f398f1d12e2496f,
FGDC-3188,b894b4d7dacde8dff0994f6c761d2bc25d1ec580927f74fa84cd5f5676defc44,sha256:b894b4d7dacde8dff0994f6c761d2bc25d1ec580927f74fa84cd5f5676defc44,FGDC-2960;FGDC-3188,held,held,held,"[""Metadata access terms need source-backed adjudication"",""Field 'title' exceeds character limit: 252 > 250"",""Invalid transformed metadata: Field 'title' exceeds character limit: 252 > 250""]",fa2b40d43d4c86de7ccdd44e18eabea44ece26b78fdf03df0c5246ef648445eb,
FGDC-3189,9c378fc791115cc0d99fbbbdaf9e8f72ec3f312263c0dfb50b7d622bc7d61146,sha256:9c378fc791115cc0d99fbbbdaf9e8f72ec3f312263c0dfb50b7d622bc7d61146,FGDC-2961;FGDC-3189,held,supported,pass,[],93fbc5334ad9bfbc597b5e76d7302b2c2d5266e1156fb203de520048d7acf8d2,
FGDC-3190,19a4fa5285402b696d11bdff009dca34f604bd190806390ef077a374dbeb9cae,sha256:19a4fa5285402b696d11bdff009dca34f604bd190806390ef077a374dbeb9cae,FGDC-2962;FGDC-3190,held,supported,pass,[],b4ebb1ef9de7d6725591f2012650ce99e7220c6a4a699e07569eb9ac78b136e6,
FGDC-3191,0d4162b709669eb7d6cce6b3eaa26776839c32f2b2bea67d7a1ada8363244f6b,sha256:0d4162b709669eb7d6cce6b3eaa26776839c32f2b2bea67d7a1ada8363244f6b,FGDC-2963;FGDC-3191,held,supported,pass,[],451478744cca5739dfb6955c9df4743b59f223621f84c680880001f35eed97cc,
FGDC-3192,c4aa3a85ab4e958077f06612dabf23ea732696bcf657ff57ea2dd6150db4bae9,sha256:c4aa3a85ab4e958077f06612dabf23ea732696bcf657ff57ea2dd6150db4bae9,FGDC-2964;FGDC-3192,held,supported,pass,[],53bdba99bfa24a5e9e80b541136011b4f67e19fe0a9ae47e467fd95f851776df,
FGDC-3193,a5cc5c7b825adb5fadcd4cc9f1ddbef1a58ef5099c3cd392b020feeeeac4e383,sha256:a5cc5c7b825adb5fadcd4cc9f1ddbef1a58ef5099c3cd392b020feeeeac4e383,FGDC-2965;FGDC-3193,held,supported,pass,[],0b2e0e696190b58728f1f680e79686ec40801e34b2faa0f3e25686c6ba83ddd9,
FGDC-3194,81ec0fbb7ecb7dd50f4a119a67e9428934b7de66cb8ee3cbedff85640a8ded7e,sha256:81ec0fbb7ecb7dd50f4a119a67e9428934b7de66cb8ee3cbedff85640a8ded7e,FGDC-2966;FGDC-3194,held,supported,pass,[],ba226be445a0f7e5a94fa00a5e04a672815b7a837e29d2c431cbadabc314dfc9,
FGDC-3195,ee91a456cdf06d0611c9653831fd9f2c6594582bbfea25191f1ec4402147f35e,sha256:ee91a456cdf06d0611c9653831fd9f2c6594582bbfea25191f1ec4402147f35e,FGDC-2967;FGDC-3195,held,supported,pass,[],df6d1611e237e23082eb4aa1fd46007ff27a9456529c5e74272dff7a31dc33ca,
FGDC-3196,d8aaae0145540ed28aa4010f102ac922f301799b39b43ad1a61bb5db130d54d1,sha256:d8aaae0145540ed28aa4010f102ac922f301799b39b43ad1a61bb5db130d54d1,FGDC-2968;FGDC-3196,held,supported,pass,[],1b332e16072371cb283a6679265d948ce62e1433cbcba3ab4da2b799e5c7517e,
FGDC-3197,d99fb6f875fbc2b30b8e21f4a94226c84fc02f230ed12762a81b9ff206369f7f,sha256:d99fb6f875fbc2b30b8e21f4a94226c84fc02f230ed12762a81b9ff206369f7f,FGDC-2969;FGDC-3197,held,supported,pass,[],a473cfcc54d0955ee8a6c3fe2dd67926cd7185ace4733f1ea18d5835d8a660ce,
FGDC-3198,2cb2d7df117b03100e82b5f216dcf9e174b90c644c4f221b4cc638afde922f45,sha256:2cb2d7df117b03100e82b5f216dcf9e174b90c644c4f221b4cc638afde922f45,FGDC-2970;FGDC-3198,held,supported,pass,[],3eda894a557268f9ef73dd31d067bef44e89acb408387222f25df314e851c34f,
FGDC-3199,f3cb8a667d674df59c9552569750453e3e9584d80499e3b5fea1bbc7fc9fff78,sha256:f3cb8a667d674df59c9552569750453e3e9584d80499e3b5fea1bbc7fc9fff78,FGDC-2971;FGDC-3199,held,held,pass,"[""Metadata access terms need source-backed adjudication"",""Contradictory or unsupported source access constraints require adjudication""]",31e08dd732ad10aeb01c1bad61f8dee76fc384a22a8c743c15c8beab1bf1fd65,
FGDC-3200,d132c7141939dc7fc1d8cb76d9973ef8afb44acd91b50d1d7eab23b9d9c40f09,sha256:d132c7141939dc7fc1d8cb76d9973ef8afb44acd91b50d1d7eab23b9d9c40f09,FGDC-2972;FGDC-3200,held,supported,pass,[],bea4ce2b01b96aa426f9bc6348cf1616bf415a211b873814250326b265571613,
FGDC-3201,fdb25d83f05b104d0c73db6365aef56570be101959cf8333217bb12d72f83c46,sha256:fdb25d83f05b104d0c73db6365aef56570be101959cf8333217bb12d72f83c46,FGDC-2973;FGDC-3201,held,supported,pass,[],6a1f24c154b2e936a1386df5f7077a36f0b4a89dc248d54165c9d4fe4e82f4dd,
FGDC-3202,a3a798d1e6c221adfe32580577dd1cbd650ea3340e0a9ef2f90699800903bda3,sha256:a3a798d1e6c221adfe32580577dd1cbd650ea3340e0a9ef2f90699800903bda3,FGDC-2974;FGDC-3202,held,supported,pass,[],61f45014554b77ea701aa437090a20259e23aa4c19c22570eef87f02c38dd0f4,
FGDC-3203,dde0010f8f4c15891cca79b3658337ca6106bb4fa85b5e59d7516392e53cddae,sha256:dde0010f8f4c15891cca79b3658337ca6106bb4fa85b5e59d7516392e53cddae,FGDC-2975;FGDC-3203,held,supported,pass,[],93a5db393925cb08e2ea897aa6382b1bf011fe0c58f0b18a69d8795d69b83f25,
FGDC-3204,799b119aeca6bab2cf1eabff8bc0c9df1cf4640e15f127c1ef8f86d70677e973,sha256:799b119aeca6bab2cf1eabff8bc0c9df1cf4640e15f127c1ef8f86d70677e973,FGDC-2976;FGDC-3204,held,supported,pass,[],3a8f1016f6794cb7121ac2f9ef3741d9c9eaeb726575444cfa3b065c29fbe01d,
FGDC-3205,5f8ec5a2cd0ae3f009e785ad3b453fed0e930de79c1b29b096e0533d2e5e0fe6,sha256:5f8ec5a2cd0ae3f009e785ad3b453fed0e930de79c1b29b096e0533d2e5e0fe6,FGDC-2977;FGDC-3205,held,supported,pass,[],30beffe1a49cd0834ebeba29c4416b2b2403b8d40d307f1ba8c37ab4557486d9,
FGDC-3206,584a0f91ec877a42a8a2e9d9669f5ea3f17b342ff535691c77f71528f6aa3774,sha256:584a0f91ec877a42a8a2e9d9669f5ea3f17b342ff535691c77f71528f6aa3774,FGDC-2978;FGDC-3206,held,supported,pass,[],b35da05e0b77672688f50b877bde8b52de6d419627a44e1a753113bea3d631aa,
FGDC-3207,ae45cd6d49bcf671c3cc05ac122d109911c485d1987d426fd4af81bae182190f,sha256:ae45cd6d49bcf671c3cc05ac122d109911c485d1987d426fd4af81bae182190f,FGDC-2979;FGDC-3207,held,supported,pass,[],818f961a4383ee0cce075c4f3337aff0cc166f454eb3ab14a3223be07ee704de,
FGDC-3208,5e25eb276bb38fb4d0ebe2428deea28da3d47365dedaba7fe07332a39d45adac,sha256:5e25eb276bb38fb4d0ebe2428deea28da3d47365dedaba7fe07332a39d45adac,FGDC-2980;FGDC-3208,held,supported,pass,[],dac013673268d90c343cea721a5c037684dccf8df670310088e46a8a5c674c75,
FGDC-3209,eb9d64e32b53037e98dcd6546ab708a971c75ab058a4ee7c637098d523e8a827,sha256:eb9d64e32b53037e98dcd6546ab708a971c75ab058a4ee7c637098d523e8a827,FGDC-2981;FGDC-3209,held,supported,pass,[],d260c3f4d190918e6157cc46bd0f69ee817c30e6666065d4f32a86d97d4184b8,
FGDC-3210,327e3be013aa03c2795f19a8e79cafc59dfce5628efe0c0eff970ea68461afdd,sha256:327e3be013aa03c2795f19a8e79cafc59dfce5628efe0c0eff970ea68461afdd,FGDC-2982;FGDC-3210,held,held,pass,"[""Metadata access terms need source-backed adjudication"",""Contradictory or unsupported source access constraints require adjudication""]",105a781cef14313151d22e2e5ae0324e85d66db450c0bb1af628d90b445491dd,
FGDC-3211,fb44d7c159b58c70a8fe6d6c7f45966038e9354755f2f244400b8ec00d18dab2,sha256:fb44d7c159b58c70a8fe6d6c7f45966038e9354755f2f244400b8ec00d18dab2,FGDC-2983;FGDC-3211,held,supported,pass,[],601fb1495b6333b73f4c4aec2781d7c8bc23f7007e847e4ac64ae85698f876bb,
FGDC-3212,48685e8f431bd1045e5d294441609ee8ca8230fbf3f597155a225c905eef500c,sha256:48685e8f431bd1045e5d294441609ee8ca8230fbf3f597155a225c905eef500c,FGDC-2984;FGDC-3212,held,supported,pass,[],4ad684dfecdaf5eabc86a33da9755127bd9639163e8195a3209ace84699f71e0,
FGDC-3213,ff08f7a3e1e9895bd60895219c43aafee1c182a7defc98f6782f3986ef74bd5a,sha256:ff08f7a3e1e9895bd60895219c43aafee1c182a7defc98f6782f3986ef74bd5a,FGDC-2985;FGDC-3213,held,supported,pass,[],838881d1ffb8143f0249728e6ed6639020e6c94122ce8bc1595d82a9e14a911e,
FGDC-3214,ca764287c29de733cba23e0e01235e2c953ac540d342c83779dbaaf518f96f3f,sha256:ca764287c29de733cba23e0e01235e2c953ac540d342c83779dbaaf518f96f3f,FGDC-2986;FGDC-3214,held,supported,pass,[],9f887690103c04ae571c0704c2ebc3dacef0f79eef3d101b37fd997a57e56cf1,
FGDC-3215,fc5b3234a1500382dd7667880f51e669a5dfdc3ba94f1257d78a5891d1667503,sha256:fc5b3234a1500382dd7667880f51e669a5dfdc3ba94f1257d78a5891d1667503,FGDC-2987;FGDC-3215,held,supported,pass,[],a739fea678428134ba8afdac91b3afc100bfbc8589545b607dd6abd994fd878c,
FGDC-3216,8bc96a3db59d988ef8b471639dc09419e921ea0088c8d6c27b674869fea6034c,sha256:8bc96a3db59d988ef8b471639dc09419e921ea0088c8d6c27b674869fea6034c,FGDC-2988;FGDC-3216,held,supported,pass,[],3fefe56370d49e057d14d0178293b27dabe171c700886477ffe6945eef9b47bf,
FGDC-3217,32546731a8600267f61b8fc68c5cb8c061139c1b0e8ee4811c07e80f48f1250d,sha256:32546731a8600267f61b8fc68c5cb8c061139c1b0e8ee4811c07e80f48f1250d,FGDC-2989;FGDC-3217,held,supported,pass,[],ddb78faef31f5c58f10fc6df4fe131599a4bc6eb561faa8aa713bc19969bb72f,
FGDC-3218,dfbff13d9d4fddc4e0ee420dcf754faefcf033378d35a67d31dc4fe526edb4d9,sha256:dfbff13d9d4fddc4e0ee420dcf754faefcf033378d35a67d31dc4fe526edb4d9,FGDC-2990;FGDC-3218,held,supported,pass,[],a0e4e69cc70391989e69ce8763f6fe3f0f8c5f4a56ab11897ea6ec6f04e74478,
FGDC-3219,74b35a5c0aef15067faee807542f3f26c280ed1571d96175f356af0609e92cb2,sha256:74b35a5c0aef15067faee807542f3f26c280ed1571d96175f356af0609e92cb2,FGDC-2991;FGDC-3219,held,supported,pass,[],167f5f1bc0c711b79bfb94061cce0277e240993e2f71f1a0dd248b5d35530e26,
FGDC-3220,3984ca9b51745f86bc0d903d08c8f0d42a5f21bbd376d94a64eba0604da8e73f,sha256:3984ca9b51745f86bc0d903d08c8f0d42a5f21bbd376d94a64eba0604da8e73f,FGDC-2992;FGDC-3220,held,supported,pass,[],767397b3eaec456422a2fe836cc52243a05d24b84951b0fe59ceac304f7b4d54,
FGDC-3221,a65bcdaf08b02f83bb2813a14edb2733a207fcc007a4c41cfd34aef348df024a,sha256:a65bcdaf08b02f83bb2813a14edb2733a207fcc007a4c41cfd34aef348df024a,FGDC-2993;FGDC-3221,held,held,pass,"[""Metadata access terms need source-backed adjudication"",""Contradictory or unsupported source access constraints require adjudication""]",58dba201698c6d178a1569ada098f4d5757dfb3f367ff1438a0376c28227442c,
FGDC-3222,0b10316dcf9a46cdab7949592918df2cd232ff48cf7636cfb1c5b307260cf701,sha256:0b10316dcf9a46cdab7949592918df2cd232ff48cf7636cfb1c5b307260cf701,FGDC-2994;FGDC-3222,held,supported,pass,[],1216ab27eb0ce88a0ff2bb78df63f721b0c5994a1078712d003c51eb5d22ae2e,
FGDC-3223,ccfdd3e564721c637722bc39528815cb648444b1a6e3de3b0078fab9ff18acfe,sha256:ccfdd3e564721c637722bc39528815cb648444b1a6e3de3b0078fab9ff18acfe,FGDC-2995;FGDC-3223,held,supported,pass,[],e8659ccd07817fbcdf3cac06124ca2d32f0eb9d0a5a8985323f6356a67e8d4cb,
FGDC-3224,616a3428414fbf206f245a00b7c5f2c3cae0dc799e3f948b81ac314d19c61463,sha256:616a3428414fbf206f245a00b7c5f2c3cae0dc799e3f948b81ac314d19c61463,FGDC-2996;FGDC-3224,held,supported,pass,[],173c30a261dd2796545b2f8e3ea741dab8129ed9daaf1f9199e2fc9b3f7df638,
FGDC-3225,74eb25e08f826c809a8c93e59834501d27a94a1f3d090e004d84abb2271ea190,sha256:74eb25e08f826c809a8c93e59834501d27a94a1f3d090e004d84abb2271ea190,FGDC-2997;FGDC-3225,held,supported,pass,[],6580895d0b9c61d6035bf3a57a66d471e1f399863339ac2dec1027ba0c5eba9d,
FGDC-3226,f2d3d71812f8ad8018de017fd9a0cfa2033a58e75d607a77570b171359b8e4e3,sha256:f2d3d71812f8ad8018de017fd9a0cfa2033a58e75d607a77570b171359b8e4e3,FGDC-2998;FGDC-3226,held,supported,pass,[],5f36c6e323f8cd857b74b8bbcf9c3d95c3c2ef383f92a0a05a830bd1ac099f7a,
FGDC-3227,2e2337ccc08ee551e21c339d2797bb23d96f914b9ab265a4d3007314e944be4b,sha256:2e2337ccc08ee551e21c339d2797bb23d96f914b9ab265a4d3007314e944be4b,FGDC-2999;FGDC-3227,held,supported,pass,[],234a287c8ee269aed1bf49513042d871cf857989c617585149ed15a98faf528a,
FGDC-3228,d28f8f9a023fb7df4961746479c2cff350e3801e78abbec958979b57ff763ad2,sha256:d28f8f9a023fb7df4961746479c2cff350e3801e78abbec958979b57ff763ad2,FGDC-3000;FGDC-3228,held,supported,pass,[],8966f099fdebb41b528f01646a9b1749053e1dc66ed6ad648eea506c93af60ea,
FGDC-3229,2518cd78ff22d6ac95fb8eec52994771282bc079675fd8aeb97d0e023160aba1,sha256:2518cd78ff22d6ac95fb8eec52994771282bc079675fd8aeb97d0e023160aba1,FGDC-3001;FGDC-3229,held,supported,pass,[],c60c2e523d42de7371137a1ab1846774d949ad2a2d6f6d197f1c501205dbaf63,
FGDC-3230,1a3753ffd98af2e05eeba340d59183d5398d1d08c599fa62a79968e88cd3b040,sha256:1a3753ffd98af2e05eeba340d59183d5398d1d08c599fa62a79968e88cd3b040,FGDC-3002;FGDC-3230,held,supported,pass,[],2915d710d3d1fe611a2c92c644c8823aacfdb024b4e41967f093410f0c4c7be9,
FGDC-3231,9635b61f9423b5e73f41b4b339e717d80f9fbe6baf0dbf54ac15890da436eed1,sha256:9635b61f9423b5e73f41b4b339e717d80f9fbe6baf0dbf54ac15890da436eed1,FGDC-3003;FGDC-3231,held,supported,pass,[],ee64157cd40b2970635f8f26d18797bb3e9cf6c2bf5dc98a25e710cd552936d8,
FGDC-3232,f02fcbd12d5147acc0951e4d8ed5e475891937443240c06b8c7062d61fcf9368,sha256:f02fcbd12d5147acc0951e4d8ed5e475891937443240c06b8c7062d61fcf9368,FGDC-3004;FGDC-3232,held,held,pass,"[""Metadata access terms need source-backed adjudication"",""Contradictory or unsupported source access constraints require adjudication""]",5be1f2d45929bbb883bdb49481ea7e74fa8b0ffb1181e5f3cce0ad7f40427d24,
FGDC-3233,5dc02dbf061253113df5888958036bd3d3cd9625e783cb075f6a4f31e8e85da5,sha256:5dc02dbf061253113df5888958036bd3d3cd9625e783cb075f6a4f31e8e85da5,FGDC-3005;FGDC-3233,held,supported,pass,[],9e364324618dceb27fa2849173dda6f2c0b9dd12800e7c226abf7e0407de60dd,
FGDC-3234,6adb068c6326be1e67f5909c408839979d4eae01cff185ec292ed7c3e3caa9f2,sha256:6adb068c6326be1e67f5909c408839979d4eae01cff185ec292ed7c3e3caa9f2,FGDC-3006;FGDC-3234,held,supported,pass,[],3113d2742e0c0ae36c8d9bb7b3660709afba2ece457ea5e8fb8a7af0d6a8cda9,
FGDC-3235,5a914f0ecea30e39ea6d85318edf7d5c4876ad1303dad659a17347c4ca55ed2b,sha256:5a914f0ecea30e39ea6d85318edf7d5c4876ad1303dad659a17347c4ca55ed2b,FGDC-3007;FGDC-3235,held,supported,pass,[],fe0bb9dee5b333181b60ff18e60a110d21bacc081fe2cc17ca8f2c14f4ba9e59,
FGDC-3236,ee6896f0b1a245459af68bda8a118704d59f4ea327e967cfa653af06a37e53e5,sha256:ee6896f0b1a245459af68bda8a118704d59f4ea327e967cfa653af06a37e53e5,FGDC-3008;FGDC-3236,held,supported,pass,[],cd4895193a3b6b2d6287c63a9bcb0f0c62fc0eeff7fbd4bf201b04519735a043,
FGDC-3237,c0ef0b53aec8dc71556c2d1ebf8e8267b30f771b749d8b9965e74ef494d72532,sha256:c0ef0b53aec8dc71556c2d1ebf8e8267b30f771b749d8b9965e74ef494d72532,FGDC-3009;FGDC-3237,held,supported,pass,[],3ee7b3cd96fa4b33a89595c8725cbcd0dd9ddbfd0b8e073a03d421860ee6ecb1,
FGDC-3238,c50297281dd9b0324b9bb7bf48239276627b3f5b780f3cf678536aa257e92063,sha256:c50297281dd9b0324b9bb7bf48239276627b3f5b780f3cf678536aa257e92063,FGDC-3010;FGDC-3238,held,supported,pass,[],38683beaed9a289beb7f769a626ee4d76b08f6a209d0b3e30a91ad55c31b4c69,
FGDC-3239,2b4b348c6eae038a39312d362342af68305358cc1e776bc42b4ad959a72f6bdb,sha256:2b4b348c6eae038a39312d362342af68305358cc1e776bc42b4ad959a72f6bdb,FGDC-3011;FGDC-3239,held,supported,pass,[],1ce38d08df6cc9bbe49862b7a688a35808775ddf064ce7cb84ae911e7b540003,
FGDC-3240,889dcc65cfcf4e8a7be98cf8436d01378b7f5aa63b45b5d57e616ef61b4e0181,sha256:889dcc65cfcf4e8a7be98cf8436d01378b7f5aa63b45b5d57e616ef61b4e0181,FGDC-3012;FGDC-3240,held,supported,pass,[],a145dc19cf4a66e51a7de6c72a2d5b84626f1980c9e7627c9c30c8f53d8759ef,
FGDC-3241,e457a1a1a3587179bfe1f36b5845ec3d71ece6c34904f23779e5f27a34dbfdb9,sha256:e457a1a1a3587179bfe1f36b5845ec3d71ece6c34904f23779e5f27a34dbfdb9,FGDC-3013;FGDC-3241,held,supported,pass,[],a3edb35d8b26c59b7c235e8c178aae67c936757126aab39f94cc426b4ead9817,
FGDC-3242,0a9db9b97fbd4615157cc1260b869d81571349f36213ff349fb9426a8e134546,sha256:0a9db9b97fbd4615157cc1260b869d81571349f36213ff349fb9426a8e134546,FGDC-3014;FGDC-3242,held,supported,pass,[],40488a379e44c7e3f0c5ed4862b388b88dac1971515ae0e895e016d8d2d66cf9,
FGDC-3243,29238d857a6e7542b14e1efc34964d57be39852a90de70712fd9028c9c8a1eab,sha256:29238d857a6e7542b14e1efc34964d57be39852a90de70712fd9028c9c8a1eab,FGDC-3015;FGDC-3243,held,held,pass,"[""Metadata access terms need source-backed adjudication"",""Contradictory or unsupported source access constraints require adjudication""]",a0fa3549fa138867704921329e15289e1384e6e180ffa2fb86ccaaa581fd58f6,
FGDC-3244,60458026de686481840ecc95ab5af8d38e2f7e022bc645ebfe932c3d6ba187aa,sha256:60458026de686481840ecc95ab5af8d38e2f7e022bc645ebfe932c3d6ba187aa,FGDC-3016;FGDC-3244,held,supported,pass,[],8dd425f06aa606007616490702a2b1d75d528d3d2db4919df754d63b2afcea56,
FGDC-3245,1edf59604b0ce2b7a93ef9a0f22411d83c751f1584e7fde9e7ff9535753a2f6c,sha256:1edf59604b0ce2b7a93ef9a0f22411d83c751f1584e7fde9e7ff9535753a2f6c,FGDC-3017;FGDC-3245,held,supported,pass,[],3b7ff12bac4df59287081ed8e46195b9f1f5e2b175e737f95a3b46b9819ce226,
FGDC-3246,70749856f3a2562db90e2f2d73dcc8021387eb0be47d0a3ca09d02b5f5285a8c,sha256:70749856f3a2562db90e2f2d73dcc8021387eb0be47d0a3ca09d02b5f5285a8c,FGDC-3018;FGDC-3246,held,supported,pass,[],3f304b2b9adf35aff86d4cf87cc7d09440dd3d82caa5142c8b444b3f86abfae3,
FGDC-3247,646d72f3d0dbab5e13e36626670916230a09be92c9de8ff40a38e08b9e32c514,sha256:646d72f3d0dbab5e13e36626670916230a09be92c9de8ff40a38e08b9e32c514,FGDC-3019;FGDC-3247,held,supported,pass,[],a1be2983f25c312c7236dc467d01871cf2e4eceb652ad807cb14683a4c2e9589,
FGDC-3248,2b78bed889b5eafcafc81911979e9f5174b57b3ada7392d242ab4f01dfd6db95,sha256:2b78bed889b5eafcafc81911979e9f5174b57b3ada7392d242ab4f01dfd6db95,FGDC-3020;FGDC-3248,held,supported,pass,[],f3c60d0c0ff57344b3c1069762010e6d574b71dbd2cbca50aa44ceb60c05588a,
FGDC-3249,a73e59b5bd0ec65631ed6b3e1df912117f0d03b95339be08d11f2af6c6a8ddfe,sha256:a73e59b5bd0ec65631ed6b3e1df912117f0d03b95339be08d11f2af6c6a8ddfe,FGDC-3021;FGDC-3249,held,supported,pass,[],6631382259f78d0549ffa8d25e3ec4ff24728a1dd71d229f1d486f93dcc476f7,
FGDC-3250,d5aa3592053e8b55c36ee4c2d0e25bcb9ff6bbc30074eb2c5c18f26771f8d548,sha256:d5aa3592053e8b55c36ee4c2d0e25bcb9ff6bbc30074eb2c5c18f26771f8d548,FGDC-3022;FGDC-3250,held,supported,pass,[],e365e4b0db91dc22ad1cb51843128acc3a02e6fb917f4bb6dd2d8139d46b8739,
FGDC-3251,11e1dd7caf29eb0e05bc31d53db766c2ba2dff7d2a2ac1e96db3cda6b37dd0d3,sha256:11e1dd7caf29eb0e05bc31d53db766c2ba2dff7d2a2ac1e96db3cda6b37dd0d3,FGDC-3023;FGDC-3251,held,supported,pass,[],befa10fc51371783d1a2278135f543a8c22d199e744e99a70df92d9abf64d963,
FGDC-3252,2c07951e6be5036d5c010846339da8b7adda2d1ffdcb81a34370bdf091ddfd3e,sha256:2c07951e6be5036d5c010846339da8b7adda2d1ffdcb81a34370bdf091ddfd3e,FGDC-3024;FGDC-3252,held,supported,pass,[],f22cc9fccac456ddd860e2586626ac87bde8911c76f92dd44136360443af344d,
FGDC-3253,00685901ab0f4706298e64239b1280fa70e0eb3ece713f977f87e294509429a0,sha256:00685901ab0f4706298e64239b1280fa70e0eb3ece713f977f87e294509429a0,FGDC-3025;FGDC-3253,held,supported,pass,[],3900a5356ced4b807d584287485ef3a382ea6782d43d607f7386031db4474900,
FGDC-3254,650a2e277e5800d95a1ff7017ef08e029a438d9d79396eed0e63af5d213d412c,sha256:650a2e277e5800d95a1ff7017ef08e029a438d9d79396eed0e63af5d213d412c,FGDC-3026;FGDC-3254,held,held,pass,"[""Metadata access terms need source-backed adjudication"",""Contradictory or unsupported source access constraints require adjudication""]",29a3ecb12a8dd2c1dadae56ceb29d3ae337b4b7e7a16d0b4f6c89b9005b2c46f,
FGDC-3255,06230e76144e6129de3b4daa58aa06614005b7c088089619eab5089ad02b20a9,sha256:06230e76144e6129de3b4daa58aa06614005b7c088089619eab5089ad02b20a9,FGDC-3027;FGDC-3255,held,supported,pass,[],51c6fcec09101ade92f132ba7f89c92742851e6f9aee31b62b6d79b82d0d00e2,
FGDC-3256,87ab7801a6082edd52d0e1d35500fd96ec19cb8f7008fa73e544fbafabd489b0,sha256:87ab7801a6082edd52d0e1d35500fd96ec19cb8f7008fa73e544fbafabd489b0,FGDC-3028;FGDC-3256,held,supported,pass,[],93581c51af5ccec215b15850a5d21c299efbc8b89b7bbd8d329888b033a9135c,
FGDC-3257,c53c428f13f59263172f5ae9f2afe33394744f09551f1c6a388b6f489c5fafd3,sha256:c53c428f13f59263172f5ae9f2afe33394744f09551f1c6a388b6f489c5fafd3,FGDC-3029;FGDC-3257,held,supported,pass,[],eb2e31d8082c3bbac213c69ae5318a396829c8e8f6bcb580d6d2174a72da1c99,
FGDC-3258,47b7b632c9ac91138225abf7218374a5199823e017ff3a28e985f3e515e77320,sha256:47b7b632c9ac91138225abf7218374a5199823e017ff3a28e985f3e515e77320,FGDC-3030;FGDC-3258,held,supported,pass,[],cc31bf72d4128316c649a4edeaf53f9120638e30980148412efbc0a5df312848,
FGDC-3259,86a3f70134c5765934806a7980310ff20ab983df7ba86b6ef0d54ed12f8bb976,sha256:86a3f70134c5765934806a7980310ff20ab983df7ba86b6ef0d54ed12f8bb976,FGDC-3031;FGDC-3259,held,supported,pass,[],778f29e1c23f7a97d3d4e8642dc8a22d48783145b65180f14cdb4b60a15fb70c,
FGDC-3260,0d60030cf5cb6089f0cae8dd276fb7f7b1819478dd400fb2014bba32d7c7b2b9,sha256:0d60030cf5cb6089f0cae8dd276fb7f7b1819478dd400fb2014bba32d7c7b2b9,FGDC-3032;FGDC-3260,held,supported,pass,[],ac97fd8f6188668c623508af0813e9537115eae771dd9fb649e834d2de2c2184,
FGDC-3261,6c6dd852c3be4fe1cb6b672d4694c7885f4e9e5d798e4351011882fecaecfaa6,sha256:6c6dd852c3be4fe1cb6b672d4694c7885f4e9e5d798e4351011882fecaecfaa6,FGDC-3033;FGDC-3261,held,supported,pass,[],d75ab83c5498cf95d8d84276230d4827af65be657707c21a50822a08bdaaa75c,
FGDC-3262,a8bc3edb070724e4a2d4aab23ed90d98c51ea5b97c80cbee63cbbee7c5e3cedd,sha256:a8bc3edb070724e4a2d4aab23ed90d98c51ea5b97c80cbee63cbbee7c5e3cedd,FGDC-3034;FGDC-3262,held,supported,pass,[],d3cea7646bd0140d98aad69d36ad5713d2574349645df7c9e8ccfb42ac66dd6b,
FGDC-3263,9e6066fdc509e884b837a6f5b5d8c244a5f289194980392f73fdd0f1207465e4,sha256:9e6066fdc509e884b837a6f5b5d8c244a5f289194980392f73fdd0f1207465e4,FGDC-3035;FGDC-3263,held,supported,pass,[],bf8caa406083a52131abafa692a707b9c9d74598dc19079967137ff1199b182b,
FGDC-3264,b53dc5aa076b2ee54382f4fecb05137ea8b2424da1b43b798a5944453823e295,sha256:b53dc5aa076b2ee54382f4fecb05137ea8b2424da1b43b798a5944453823e295,FGDC-3036;FGDC-3264,held,supported,pass,[],e0a3fcc27f25cd7ad337bae64ce7dbb3625eed99b4456f3e2f542afc8eed5dc9,
FGDC-3265,921e4abfddf9d47993f0c606b970035b88ffe2562bad03b6691ce46cbc7eb89b,sha256:921e4abfddf9d47993f0c606b970035b88ffe2562bad03b6691ce46cbc7eb89b,FGDC-3037;FGDC-3265,held,held,pass,"[""Metadata access terms need source-backed adjudication"",""Contradictory or unsupported source access constraints require adjudication""]",ebb5ec9a02592d726a6225c8cef5b483a7e36c6589bb7123b238d2df4fdbabc3,
FGDC-3266,dfb2015562ef6060b5a0a56791069d28a658dccf9efbc57dbf80b2e479e9546e,sha256:dfb2015562ef6060b5a0a56791069d28a658dccf9efbc57dbf80b2e479e9546e,FGDC-3038;FGDC-3266,held,supported,pass,[],02cf4648c919027b3fd94ef9cb7e5477e16645cffd3b038ad37bd32b358fde5f,
FGDC-3267,876d176de491b359d863972e40fc7c5dbe32dfe3a9c0560ab3b59eeb45740d7d,sha256:876d176de491b359d863972e40fc7c5dbe32dfe3a9c0560ab3b59eeb45740d7d,FGDC-3039;FGDC-3267,held,supported,pass,[],833c592f370601d609014d18bda7268c45badc7a936e85d70529f5ffea8cad4b,
FGDC-3268,1207dd6ecf3e4b68aa6138a898ccf72af12d4fd9a909a0a8bb6afbae59420524,sha256:1207dd6ecf3e4b68aa6138a898ccf72af12d4fd9a909a0a8bb6afbae59420524,FGDC-3040;FGDC-3268,held,supported,pass,[],0d2629de3a9b544e4d18de1cb2b4f4e1cbd7cd867319744fdd6a3f8f59369899,
FGDC-3269,91de35a07e07d70288383ede8c668fbfe80500ba230077d27f27defaa834c609,sha256:91de35a07e07d70288383ede8c668fbfe80500ba230077d27f27defaa834c609,FGDC-3041;FGDC-3269,held,supported,pass,[],183ec234b24c4eb711ee2938ca40e51c9c5fb11dfe9425e18e223a325839f289,
FGDC-3270,784bedb6bb1cb20de6f852270e81ed635684a46bb151af5ed8e730bc6b29d9ab,sha256:784bedb6bb1cb20de6f852270e81ed635684a46bb151af5ed8e730bc6b29d9ab,FGDC-3042;FGDC-3270,held,supported,pass,[],70b3f2de5fb3d2f53f384684d379907a00165baa16c4dfd5e52383597dfad81a,
FGDC-3271,a76edf6abe7861fbce5c470cc9a35f4f75b7a5a8e866c6bb1d57fb1e6292f872,sha256:a76edf6abe7861fbce5c470cc9a35f4f75b7a5a8e866c6bb1d57fb1e6292f872,FGDC-3043;FGDC-3271,held,supported,pass,[],ee7518649939e96fe4aa4ea7880ec936a4e7ebf169176e03a89891ed16cbcdaa,
FGDC-3272,ca1d5e2614f0316d28d1729493b2a52ed6b6bb5149508ecbfa631802006ccb1d,sha256:ca1d5e2614f0316d28d1729493b2a52ed6b6bb5149508ecbfa631802006ccb1d,FGDC-3044;FGDC-3272,held,supported,pass,[],e7dfa14aec52043ac1cf5b86fc10a7147d29f031538eaa215804ed0a6ddc3925,
FGDC-3273,8f6721c540a8801682821b1c0497ac87889afdbce2950a3e8e7824a7e78af4ea,sha256:8f6721c540a8801682821b1c0497ac87889afdbce2950a3e8e7824a7e78af4ea,FGDC-3045;FGDC-3273,held,supported,pass,[],1f1ba780ba3d6ca059eedc6803b318d611399432f17316648d321ed1ec2bd928,
FGDC-3274,e16de5ff17117454df08682b4578d6828b657e6f60d1347ba7d9f3368b00dea3,sha256:e16de5ff17117454df08682b4578d6828b657e6f60d1347ba7d9f3368b00dea3,FGDC-3046;FGDC-3274,held,supported,pass,[],b96f2b036be415b98d9402dbfeb839f2724d8137e4bc8954c9ec4625175f7019,
FGDC-3275,dc15ca6a2ef4f8979d08424f3e060ae26ab54f1de11c3fbd6a1168ccfd09754e,sha256:dc15ca6a2ef4f8979d08424f3e060ae26ab54f1de11c3fbd6a1168ccfd09754e,FGDC-3047;FGDC-3275,held,supported,pass,[],5cfadf4efaf42c0357fd2aef303769f8683fe483ecc7f44c92f2b9133273e27f,
FGDC-3276,fcf77e5bcd5b5e65b25dcfaa7e0db91f2aac3cd875649f3428eb3a93b6644833,sha256:fcf77e5bcd5b5e65b25dcfaa7e0db91f2aac3cd875649f3428eb3a93b6644833,FGDC-3048;FGDC-3276,held,held,pass,"[""Metadata access terms need source-backed adjudication"",""Contradictory or unsupported source access constraints require adjudication""]",fd38affdc1af1871f327fc9475c3eff693f5a63ae274859d6b222c5bffb61802,
FGDC-3277,8498f8ea45c4bee77c0a75e827faed5e4f1d11b761479d4b5868783b1f1804b9,sha256:8498f8ea45c4bee77c0a75e827faed5e4f1d11b761479d4b5868783b1f1804b9,FGDC-3049;FGDC-3277,held,supported,pass,[],98fad6eefe9d1d94787feef8609813be43866a96d5db97119ed8eb1883f2c61a,
FGDC-3278,4238aa318f7f89dfea6fa739b02dfcb0ed6072f98aa49cb7457196632f002fbb,sha256:4238aa318f7f89dfea6fa739b02dfcb0ed6072f98aa49cb7457196632f002fbb,FGDC-3050;FGDC-3278,held,supported,pass,[],d1f0b775b0a13b7e784586b5ab7e0d391c126dc9b0012490d2f9977952d21039,
FGDC-3279,79b48ee9dd1de8b837f2c6334bf8d46a1cfca54e3b655883c18b8f76a79ec402,sha256:79b48ee9dd1de8b837f2c6334bf8d46a1cfca54e3b655883c18b8f76a79ec402,FGDC-3051;FGDC-3279,held,supported,pass,[],b378d1f953a8e6fad1aa5bf1df343ef0e1ae1eaa95fe39d43380ad54a96f8f42,
FGDC-3280,781c6dff4f379bf308997945728bc0c1174300ae51cdef7cfb68652fd634982e,sha256:781c6dff4f379bf308997945728bc0c1174300ae51cdef7cfb68652fd634982e,FGDC-3052;FGDC-3280,held,supported,pass,[],d01366456957e2d507bcdb9bb76efdde6a9b7442606c1fa95f099f256f890115,
FGDC-3281,4ddf6f35e1f49fe67e9357784e591e3613a1b06a219381b5ab095047bede8db9,sha256:4ddf6f35e1f49fe67e9357784e591e3613a1b06a219381b5ab095047bede8db9,FGDC-3053;FGDC-3281,held,supported,pass,[],6a38a8b1ae5eae23b64a22a6fecbfc1b3f148a905a8b5303c784ac06e727c5b0,
FGDC-3282,5efbdd6ef846dcad940e144e4d78befbd8a67719ac68f81217ba829d192f474e,sha256:5efbdd6ef846dcad940e144e4d78befbd8a67719ac68f81217ba829d192f474e,FGDC-3054;FGDC-3282,held,supported,pass,[],3e3f83ad2c3b3ab59ce69f33f11365e24143de0484fdd32ace22a6a1bff428e1,
FGDC-3283,3241d25b73a618a822925b4bf4345a38c1b8a61c83b02a0ddc7852ee1afa9b75,sha256:3241d25b73a618a822925b4bf4345a38c1b8a61c83b02a0ddc7852ee1afa9b75,FGDC-3055;FGDC-3283,held,supported,pass,[],1563818cca1a2e99758b3750cfd2de9d9aa46e5f907ed7a70c67099123ba7f08,
FGDC-3284,83d284b92685c6e91f31712ed1a889d24047c3b88d99c527f399264da983bd6d,sha256:83d284b92685c6e91f31712ed1a889d24047c3b88d99c527f399264da983bd6d,FGDC-3056;FGDC-3284,held,supported,pass,[],637a8da69b582902436924e71c9ebab9e3174eaf755dcb0c5ac258431bbcba4e,
FGDC-3285,66c3546caf70f9d47a877790aafa13e6b38e632d844ce72d46c4fc4670965559,sha256:66c3546caf70f9d47a877790aafa13e6b38e632d844ce72d46c4fc4670965559,FGDC-3057;FGDC-3285,held,supported,pass,[],8b8fd7a231652a02a17e20dd5c1471fc73b95c7bc177d662174c5b77b859f9bc,
FGDC-3286,ef8e51e047d45c906eca150ade55a7fe98eab3814f0c78a7cde7915b5fb7d9e5,sha256:ef8e51e047d45c906eca150ade55a7fe98eab3814f0c78a7cde7915b5fb7d9e5,FGDC-3058;FGDC-3286,held,supported,pass,[],1401f22fda2e4bd079cb6c0dd165bd2d27e7d0e27c41304fc71cb33e4b282d2d,
FGDC-3287,6e73f6729dcfd517429864b8e189f6ac9597b638c8a011c5a5bbc494c7b84f7f,sha256:6e73f6729dcfd517429864b8e189f6ac9597b638c8a011c5a5bbc494c7b84f7f,FGDC-3059;FGDC-3287,held,held,pass,"[""Metadata access terms need source-backed adjudication"",""Contradictory or unsupported source access constraints require adjudication""]",f61ad54d210f3cc0c35cda3911dcb975aaf11db426a6c3a13d65776efa1dd91d,
FGDC-3288,51e1a0c3dbac56958c4d0452dc87558162302a6273e33d237cc74ff4ec79aaf9,sha256:51e1a0c3dbac56958c4d0452dc87558162302a6273e33d237cc74ff4ec79aaf9,FGDC-3060;FGDC-3288,held,held,pass,"[""Metadata access terms need source-backed adjudication"",""Contradictory or unsupported source access constraints require adjudication""]",bcd4537ab0eaba26631a1303e445c53ab361d56b4b6cb41ca9a2e108364e877f,
FGDC-3289,71ed9cbef8d030f90a669f9da751cf3bfe6b6ae99b19db12df93c7df39577cc9,sha256:71ed9cbef8d030f90a669f9da751cf3bfe6b6ae99b19db12df93c7df39577cc9,FGDC-3061;FGDC-3289,held,supported,pass,[],f4dd7a7c53af1450a539f6da6e08071e92be9ee4d746e5cfc03364dbfa8e33aa,
FGDC-3290,679e5bbb8cb42a20a8cd11d97ba5e2fc22c6994d1c7637fdf70d89386f0fd5b0,sha256:679e5bbb8cb42a20a8cd11d97ba5e2fc22c6994d1c7637fdf70d89386f0fd5b0,FGDC-3062;FGDC-3290,held,supported,pass,[],c024397129b2dc5f98d0ca712e0da77e103cc755498a4df8ed2e9d6aab7d06b8,
FGDC-3291,c856afbad901e8222c2eece38ade7c3c3f68e27f8b6be14f3e3c9d4de87289ec,sha256:c856afbad901e8222c2eece38ade7c3c3f68e27f8b6be14f3e3c9d4de87289ec,FGDC-3063;FGDC-3291,held,supported,pass,[],3d794423a0b3d75f4633b2623f9d90d5f960d3894742c62d8099708e5f069b54,
FGDC-3292,61a2ae9b98ffbf2de41fc84cee20ca3871e7bc652b92de09f6e7b265d6e861f3,sha256:61a2ae9b98ffbf2de41fc84cee20ca3871e7bc652b92de09f6e7b265d6e861f3,FGDC-3064;FGDC-3292,held,supported,pass,[],834eb83fea7f2d5bdf774ed207e9a1d83acab120284f67b4943b22178923f4ba,
