source_id,source_sha256,source_status,technical_metadata,hold_codes,exact_copy_aliases,metadata_date_precision,primary_date_stratum,origin_stratum
FGDC-1,427b7b5b2f679d25509886ea0c75d0982a855fa74ca46578f7ba7b9e3ca5fa38,held,pass,H67;H3,,day,other,personal_or_unknown
FGDC-10,d6058b56805804d05348d45dd3e4686acc258dfc3495107b1d06cf345bbb592c,held,pass,H67;H64;H3,,day,other,personal_or_unknown
FGDC-100,fc1921212cfe534217440582eba6811d1ac10b4c2183ea41cfc5e3a77b240352,held,pass,H67;H68,,day,other,institutional_or_compound
FGDC-1000,a5bdd78201cc30385e9a669d822a20b6e8bc3c1282ddc075fda2301a68bf8216,held,pass,H67;H64;H1,,day,other,institutional_or_compound
FGDC-1001,bf4ad2c8120137cfef378a4dca25f88dbd6770d947dd427272d0fe178318f8da,held,pass,H67;H64;H1,,day,other,institutional_or_compound
FGDC-1002,229c6067faaaab1fb8f2745b557e2c401530320e9d97a1b6276e29c5c24099fa,held,pass,H67;H64;H1,,day,other,institutional_or_compound
FGDC-1003,740c02bdc7ba6d1106a96e666a13efd79a025297c8f28adc67c429f5de0e25bb,held,pass,H67;H64;H1,,day,other,institutional_or_compound
FGDC-1004,5f0b9ed0499743252e3e219846f2fa1bce29e96309d05efad81e5375d3eef27d,held,pass,H67;H64;H1,,day,other,institutional_or_compound
FGDC-1005,fe055b62b431542aa2eef2e4105739b5a8c72ec22300b3683a362562093df84a,held,pass,H67;H64;H1,,day,other,institutional_or_compound
FGDC-1006,227f6df503e3ca1f1267c02d418092e55c88f15072e928285a26f837b92d5476,held,pass,H67;H64;H1,,day,other,institutional_or_compound
FGDC-1007,acf911255a5dd56b5a09a8858706bd2a002318c99b7dc67b7f2f83ff999bbfc0,held,pass,H67;H64;H1,,day,range_or_status,institutional_or_compound
FGDC-1008,a02fc708266e04a3c2614aeeff52130df1eb359d0665da7b24e1de7e3a16c3a0,held,pass,H67;H64;H1,,day,other,institutional_or_compound
FGDC-1009,31f45c6a412b875a7e733f907cfbdbbccafbaf2265864121db490410800e990c,held,pass,H67;H64;H1,,day,other,institutional_or_compound
FGDC-101,3c3c13fcfa77ca78d42f9e921d6d2331d73caf68c1caea435e91bec5dbfba57e,held,pass,H67;H64;H1,,day,range_or_status,institutional_or_compound
FGDC-1010,34b5e4bb48dd0fab9a6c6ba09944c563ce083ef31fe1f4bd731f38323b164779,held,pass,H67;H64;H1,,day,other,institutional_or_compound
FGDC-1011,f22beec60c8141afb42055e92a4298b5d2fce2dcd4acea7da97896a725171e82,held,pass,H67;H64;H1,,day,other,institutional_or_compound
FGDC-1012,10b826507d75a40f2b9d2bf45fb91d6c480512dc09e8cfc4a0e85cd15fe9fb1d,held,pass,H67;H64;H1,,day,other,institutional_or_compound
FGDC-1013,2b72f0413ff95a6a30c714b6e8d8c1bd386ec74ba517d4f22027e77d16a463ee,held,pass,H67;H64;H1,,day,other,institutional_or_compound
FGDC-1014,b39a676ba6f97e11c3de7b6ee753ee0b570abd9d1f29e4adf199ad85842530c4,held,pass,H67;H64;H1,,day,other,institutional_or_compound
FGDC-1015,7fb5eff494cf53726a981dda98cef4ec9443708d2b2caa6505d782f3d78c667b,held,pass,H67;H64;H1,,day,other,institutional_or_compound
FGDC-1016,e93c4559ce7b80ae547406c0e627382f1b5740f1fc30c42fdaf87fad7129f817,held,pass,H67;H64;H1,,day,other,institutional_or_compound
FGDC-1017,b4ca8d152eb48861d262984b4a06566b0a3d5cf3007fbc3e73001d47a1144c51,held,pass,H67;H64;H1,,day,other,institutional_or_compound
FGDC-1018,a472edcc4e2ecfa3a9eb4ae06fcf7a6078e6d9832686ea327f2be18dc0130cb7,held,pass,H67;H64;H1,,day,range_or_status,institutional_or_compound
FGDC-1019,4589f1ff6ec86d95d14a6d50b87c5ea57b7275fdd27213dd1a9168a7bc540e8e,held,pass,H67;H64;H1,,day,other,institutional_or_compound
FGDC-102,8d8460c0e74e77cd02ba731abe542a1bce8c55d94b14f8904d06724f13b22966,held,pass,H67;H68,,day,other,institutional_or_compound
FGDC-1020,0cca656a0ef424dae323ec0e250eb910b31ea96764a4fc055a5a85667545255c,held,pass,H67;H64;H1,,day,other,institutional_or_compound
FGDC-1021,1522d94144173e4ab2da6e48dd3eafc7f064d75145e926c07d6fad55666ecd3c,held,pass,H67;H64;H1,,day,other,institutional_or_compound
FGDC-1022,7796dd5f87b77be19fa7d926a89991ec93aab3641833737104bde5750e3b9c27,held,pass,H67;H64;H1,,day,other,institutional_or_compound
FGDC-1023,69290e80abbb84cd13877e5186b78ee2d5eec85b7d70bb600f36bc7ffc2b3b8c,held,pass,H67;H64;H1,,day,other,institutional_or_compound
FGDC-1024,6d8d47da944f8189d13c212c00f2008f4cc0df2a222301f33380a3071413b055,held,pass,H67;H64;H1,,day,other,institutional_or_compound
FGDC-1025,701fca01f411b76554315d5bafa984254da2dec1fe390e2fc15527b07f55ad45,held,pass,H67;H64;H1,,day,other,institutional_or_compound
FGDC-1026,defc2591afa627ab883e082b2313cacff77f5e95efc0768239a99b5ed615b4fb,held,pass,H67;H64;H1,,day,other,institutional_or_compound
FGDC-1027,ac942fd8fcf944bd64019a0bd3537c17c99eb529d69800c45349d01c7d3c7566,held,pass,H67;H64;H1,,day,other,institutional_or_compound
FGDC-1028,8f72d527b37435407a71482840edee1755ebbcd0e849c871464decb1dd6c8ac6,held,pass,H67;H64;H1,,day,other,institutional_or_compound
FGDC-1029,22890d979adc1d1512db30e5291d98e5ad8961f117a282bbefa87c75a59426ff,held,pass,H67;H64;H1,,day,range_or_status,institutional_or_compound
FGDC-103,fbc8ffec1184d77802b27ac828984e1ae6e26b5a06ee610529a7b8a692a1e855,held,pass,H67;H68,,day,other,institutional_or_compound
FGDC-1030,cf573b61490048129ed4f2f1424a399c2d19ae120534c314b7e023b7d8cdfacb,held,pass,H67;H64;H1,,day,other,institutional_or_compound
FGDC-1031,1c91ef9554395ad30266eadfe78f95137160ffeb0ff123ae82355b6b76708fbc,held,pass,H67;H64;H1,,day,other,institutional_or_compound
FGDC-1032,41f0e2a0f35d2a0a58ddbcd0ff6273832e9e7ba2377bf088ce536d9fcc308267,held,pass,H67;H64;H1,,day,other,institutional_or_compound
FGDC-1033,29ade89817cd504ebb07daff97b30e08eec68713134cf1635aeac4df4c817ba3,held,pass,H67;H64;H1,,day,other,institutional_or_compound
FGDC-1034,bceac58d27bc4af165adcd48a704f219e4c807b9c36e9c63af9b510c170b857e,held,pass,H67;H64;H1,,day,other,institutional_or_compound
FGDC-1035,dcda906ff2361c34335d0528053c6957f6f0d56a562c05298081782a0c83442e,held,pass,H67;H64;H1,,day,other,institutional_or_compound
FGDC-1036,2fbc6f6f754c20fd0ff950a35ab8a1a2d9c071e597660eba32cb79137a383cc9,held,pass,H67;H64;H1,,day,other,institutional_or_compound
FGDC-1037,db0e24a0b073c87a277004799c6b28e419f978f899f5da4975d9df04bc4c3c6c,held,pass,H67;H64;H1,,day,other,institutional_or_compound
FGDC-1038,10eb930b2156d9930a83155ad0a8aeea73bc6f11c8f9ed3755df9d705385ef21,held,pass,H67;H64;H1,,day,other,institutional_or_compound
FGDC-1039,90597df672b3a9839f6592cf402463e61087ce7a9f87d23ed7db3906862cbe4e,held,pass,H67;H64;H1,,day,other,institutional_or_compound
FGDC-104,8bd6813520d68bee5525e7ec0131efd3ec9c094b2b439b82c1e9dc6a939f29d9,held,pass,H67;H68,,day,other,institutional_or_compound
FGDC-1040,382eb90c8ac29617e46d7d482f3d245c745e4face6c2ec86111cdc3dde8790ba,held,pass,H67;H64;H1,,day,range_or_status,institutional_or_compound
FGDC-1041,e429cf50b06a9044d84786d09744262b87fa9542c29c158e77378aafca90b30f,held,pass,H67;H64;H1,,day,other,institutional_or_compound
FGDC-1042,26bfdce1833f333f944b531b6b1046680a66264a9a8752f94fd09be93b944a6d,held,pass,H67;H64;H1,,day,other,institutional_or_compound
FGDC-1043,cdaf874c70f3993b308aa75b926b53b4d340dcb92ef996e4ed6be27eb29a8961,held,pass,H67;H64;H1,,day,other,institutional_or_compound
FGDC-1044,e7ccb7a46ba20476d77d551cd21b5984c56fe98645c1f8eb8ee1e09420576d4e,held,pass,H67;H64;H1,,day,other,institutional_or_compound
FGDC-1045,3c88bd6a8ab7b29e0cb1c8b43c0e46a5a28dc6c45f5fb4027f81592084ffd532,held,pass,H67;H64;H1,,day,other,institutional_or_compound
FGDC-1046,eadffc86f3b665c5660a7a180b43981d5c9297dde41419479b3946e361266259,held,pass,H67;H64;H1,,day,other,institutional_or_compound
FGDC-1047,b5396e9271eaa3db5a59ffcae0bdcfcafbe06b3394f0fa30e604e98c12eab526,held,pass,H67;H64;H1,,day,other,institutional_or_compound
FGDC-1048,b9a8a6373015cec141c3f665174f67122c47f2e120154ba063e9f83cc0fd172f,held,pass,H67;H64;H1,,day,other,institutional_or_compound
FGDC-1049,bf9ebd655fd90c10a28b8c594e4458620bd9dad2d6d717293ffe6041e4e39345,held,pass,H67;H64;H1,,day,other,institutional_or_compound
FGDC-105,856bd0989a4a94ad7ad996bc0d97a6de2607541b74b3ad9f6a480e98e56420a8,held,pass,H67;H68,,day,other,institutional_or_compound
FGDC-1050,41fea3451c2b28510f81dce6adbec551ca866c6b01b1205a9840a9b78e11c475,held,pass,H67;H64;H1,,day,other,institutional_or_compound
FGDC-1051,5fe2f38f043a27581ea4ef74ec04e4042531e2076b95273592b58e67cd81b31e,held,pass,H67;H64;H1,,day,range_or_status,institutional_or_compound
FGDC-1052,e5b6f00b2a5acd8b8cabcfac5fa2d04bfffa757396749ad028251cf8f1a868e2,held,pass,H67;H64;H1,,day,other,institutional_or_compound
FGDC-1053,2534825b3246134b827bfd2670d6f1acb0fb6f66dede25365f05687e31bf4176,held,pass,H67;H64;H1,,day,other,institutional_or_compound
FGDC-1054,4631d9bc4c4a442e19d89601f86f6c00bb5288a9d5315e62369455bb5e0fac94,held,pass,H67;H64;H1,,day,other,institutional_or_compound
FGDC-1055,44ab95ceccb98ec74cabe79780764418df10f370e875dc0500002b39e2b9bdef,held,pass,H67;H64;H1,,day,other,institutional_or_compound
FGDC-1056,5542a517ede182e10b86cd121a66219ef7dbce7fbdf6329978de83cf64c9387c,held,pass,H67;H64;H1,,day,other,institutional_or_compound
FGDC-1057,91e79aa043e04ee55fe0ec207d7a81990d52ad10e962b8f40e0b67c21f2e3476,held,pass,H67;H64;H1,,day,other,institutional_or_compound
FGDC-1058,eef817b8f35ee628985581f76980a6a6cd97478e1ad97c7c628b2d795356b406,held,pass,H67;H64;H1,,day,other,institutional_or_compound
FGDC-1059,dc42d40a883a6aafd157145a3231f3f2c92b75896c81ff2e2e83e47e0d5c9da6,held,pass,H67;H64;H1,,day,other,institutional_or_compound
FGDC-106,183ad215d80e3876e26b8f41c6879c190f45b77dfb5369b9b3e108f3381a6903,held,pass,H67;H68,,day,other,institutional_or_compound
FGDC-1060,c96cae76ddd597c5da209b178ea78716a3aedb4cbfc7b51c66519a20066eea31,held,pass,H67;H64;H1,,day,other,institutional_or_compound
FGDC-1061,f32de6efcead17db555c9dd9f7a6c7c8ad0f20b8c6abc65165c9727fd8bbea97,held,pass,H67;H64;H1,,day,other,institutional_or_compound
FGDC-1062,cdf3c8bbe1c94ef4fa5ca5bd494776c4f37a9205611fc40a709de0f3e05f4a0c,held,pass,H67;H64;H1,,day,range_or_status,institutional_or_compound
FGDC-1063,b6ef5a83821617404ba2020614a529cbe5e3479555164067ea0c85d469f9ef8f,held,pass,H67;H64;H1,,day,other,institutional_or_compound
FGDC-1064,aed68c94e48351b887e32fd86330c561e5985a9cd369466d900a799b679cda19,held,pass,H67;H64;H1,,day,other,institutional_or_compound
FGDC-1065,ef8b398983f22cd48a00503ca2d2f5380e7634f7feea5b86a6abb6e0559754ab,held,pass,H67;H64;H1,,day,other,institutional_or_compound
FGDC-1066,c238a345982ae07f0a876cf2bfefed2ca181759bb9057d77dded82698bf2d4fb,held,pass,H67;H64;H1,,day,other,institutional_or_compound
FGDC-1067,091a19636d0256b96372c97b04b47e86c030050f9363ddad058086caf549f68d,held,pass,H67;H64;H1,,day,other,institutional_or_compound
FGDC-1068,943073a209b99af1666635cccd8e6a151150eff4eac754abaadc26889ab2a24c,held,pass,H67;H64;H1,,day,other,institutional_or_compound
FGDC-1069,327e5fb67d7b691b30a093c39049d558813d89fc2b5a67dd0f3cddf69fa30234,held,pass,H67;H64;H1,,day,other,institutional_or_compound
FGDC-107,9935f21965f51b16c0a273f563e1f9abff1c36af8b81d3525c93df885d4ab289,held,pass,H67;H68,,day,other,institutional_or_compound
FGDC-1070,ebb16114158e0b389683462bb3c2912201e8635922479b106f16b1493f12be2f,held,pass,H67;H64;H1,,day,other,institutional_or_compound
FGDC-1071,9d0bf47fd9caf262ef8e7d53c73fb10c440d05feddee79e702143ba37af82935,held,pass,H67;H64;H1,,day,other,institutional_or_compound
FGDC-1072,03d407e3ca37af48047569ac8cb25dba711a7367cc28ac753dbf5dd8f76c83d5,held,pass,H67;H64;H1,,day,other,institutional_or_compound
FGDC-1073,12daff20abada35a21a10ca150fa0e04b35e32910bf0f35448d3012fbef8d800,held,pass,H67;H64;H1,,day,range_or_status,institutional_or_compound
FGDC-1074,740848a168eaa6515915cbce213c7936fa2deff1a05c5309cf150ef2a24b9e13,held,pass,H67;H64;H1,,day,other,institutional_or_compound
FGDC-1075,dca7fc746f6a3e08336ea9ddb35ea33167b7fa17c43f24ab1f7bd1867ef3e3d3,held,pass,H67;H64;H1,,day,other,institutional_or_compound
FGDC-1076,386e678785a5398eabf4cd1d01913280edc284dea85c5a353354f08b138d51ea,held,pass,H67;H64;H1,,day,other,institutional_or_compound
FGDC-1077,3bd61f96f3c577fb4c833adf738165127e1bd0c28f736ee856f897cce7ba2b95,held,pass,H67;H64;H1,,day,other,institutional_or_compound
FGDC-1078,35a91851ed9b96c551b3c66d4846ebac2b3d2d53b466f637d0bace357b9d2067,held,pass,H67;H64;H1,,day,other,institutional_or_compound
FGDC-1079,f17efa6678d609df8d97ac0769faee4ecad0179b4f31013c49b127468f7496d0,held,pass,H67;H64;H1,,day,other,institutional_or_compound
FGDC-108,7aa0103f1607cc09f7cf4c4b90b10348159aa992b9808dbb90bb374d1bfa5f39,held,pass,H67;H68,,day,other,institutional_or_compound
FGDC-1080,99191a5a810630a73c2451bce3577fd6a833e6e12b4c7d36ee022150587322df,held,pass,H67;H64;H1,,day,other,institutional_or_compound
FGDC-1081,50f65cbbd269d1902b0aa0125fb98b6af9b0facd66fa053aa558a03c28498583,held,pass,H67;H64;H1,,day,other,institutional_or_compound
FGDC-1082,0780c92b7f4825ec75a8db16790c2cc490060f72f6a61a81ba592afe2889ff22,held,pass,H67;H64;H1,,day,other,institutional_or_compound
FGDC-1083,b3e8ab0f30c1ed63041a86172d4e1f97ecc1f799f016ef1c3637d0ce1fd09e65,held,pass,H67;H64;H1,,day,range_or_status,institutional_or_compound
FGDC-1084,5dfc27c820d69fded92e1119c4fef9a831be91fc56aca9effc13bbf25fc935f4,held,pass,H67;H64;H1,,day,other,institutional_or_compound
FGDC-1085,03002ef9ef8bdc9c825d2ca28cd6c9ff498e5fc702dc78df020302b64805bafa,held,pass,H67;H64;H1,,day,other,institutional_or_compound
FGDC-1086,1f20385e204aeab708228a9f412c5131cbb2043f923588a491ed445cb2358517,held,pass,H67;H64;H1,,day,other,institutional_or_compound
FGDC-1087,f69d143c4fd83d8dfe10e48e6036f766ed1b98dd3759861d19f4e21133558f1f,held,pass,H67;H64;H1,,day,other,institutional_or_compound
FGDC-1088,49dc8a990660329a289bd4b08f338a2c19e6aea641f6edcc07df68479e3f4751,held,pass,H67;H64;H1,,day,other,institutional_or_compound
FGDC-1089,a646bde43dbe875144ad5e1153611aabdecadea44484a87629f44066e9e5e052,held,pass,H67;H64;H1,,day,other,institutional_or_compound
FGDC-109,386a439b635687bd2ad1b3dfd38f9e4bff6b6ff8997525e2403983e5e605a7d4,held,pass,H67;H68,,day,other,institutional_or_compound
FGDC-1090,2941477a24a544353687544116264c9d84b0cf75fa106e9442622c1965f4c489,held,pass,H67;H64;H1,,day,other,institutional_or_compound
FGDC-1091,c16d752c287cee81210f3adfb6c10dd9943a9f81b4e3e813b6308d3fa73e59b8,held,pass,H67;H64;H1,,day,other,institutional_or_compound
FGDC-1092,d3605bac97c0a3a6f3963ba8192c21a6d5b5ec5c824dbe1c83a6eb078da531f8,held,pass,H67;H64;H1,,day,other,institutional_or_compound
FGDC-1093,c55c9b69e49953ed195096610b5c2720ec5a32866654938ec9c4039c96d1f9d2,held,pass,H67;H64;H1,,day,other,institutional_or_compound
FGDC-1094,4f5564c2fbb912cdd8cb1bef55cfb1ea5cb1894650242b5891fbc26d69d17da0,held,pass,H67;H64;H1,,day,range_or_status,institutional_or_compound
FGDC-1095,c0579af157b134c161f173876d471d5bec1c34e5a7da0d6fb16cfbe7aa76659a,held,pass,H67;H3,,day,range_or_status,personal_or_unknown
FGDC-1096,aa3f3924f7801a8092c396afc0504659bdb325a9e6b737776d8313837bfd08e6,held,pass,H67;H64;H1,,day,range_or_status,institutional_or_compound
FGDC-1097,11cf61f4c4e6326b1564316b957cb9bdbc0514c50fc50cc244c7a383b0f1e4f6,held,pass,H67;H64;H1,,day,other,institutional_or_compound
FGDC-1098,dcc932db571ab64a53dcf1121a403c4e1276858d293a2303807aff3e2782c603,held,pass,H67;H64;H1,,day,other,institutional_or_compound
FGDC-1099,a91f4abc29eadb0f09b09cc9eaebe596a77e4f99b6734e75cc750b0064f7b5ae,held,pass,H67;H64;H1,,day,other,institutional_or_compound
FGDC-11,b5f75f989a2222d8ddd2f60ced4deb390fcb9629f9d249853fdd074fa636124e,held,pass,H67;H64;H1,,day,other,institutional_or_compound
FGDC-110,6f9a1a837e62cb342f6a8cead15a97fed26a476f9b54b9584cca36961c819c31,held,pass,H67;H68,,day,other,institutional_or_compound
FGDC-1100,d471e765d1e975c657b09e84e7abf7c7da96ae2fa0f00464549631b744dbe921,held,pass,H67;H64;H1,,day,other,institutional_or_compound
FGDC-1101,708abbf52b21dcff0b25e26efd3453e0f14ae6fc5f566d07a0e8ec815edc31d9,held,pass,H67;H64;H1,,day,other,institutional_or_compound
FGDC-1102,ec5d8cf487a534202b75827720319069552ce1fa3852386fadbca7e6bd39e273,held,pass,H67;H64;H1,,day,other,institutional_or_compound
FGDC-1103,6b3fa2d13d81329a7d8336f530de6ea92bb6fca64a83abfc6ac3e80e48a71fbe,held,pass,H67;H64;H1,,day,other,institutional_or_compound
FGDC-1104,303482cbe62ed746b5223b83df15df343b94b3503e8a9caba82c8d8dfc0447c6,held,pass,H67;H64;H1,,day,other,institutional_or_compound
FGDC-1105,fef3319bcb9c3e9a3cd5a1e1e70ecc2b0271abf4ee06a3ab1f259d9351a02207,held,pass,H67;H64;H1,,day,other,institutional_or_compound
FGDC-1106,f73cc78809bda446f4dfab9267e4cb08c42ab2c8ce19a7bfb7fee84a4f1ec823,held,pass,H67;H64;H1,,day,other,institutional_or_compound
FGDC-1107,b82ebe8f25dc89c824fe48a178d96979272602356189fd0d168c1090b57a97bd,held,pass,H67;H64;H1,,day,range_or_status,institutional_or_compound
FGDC-1108,7a55fce27d2a286d68c5acce9eb40402773c1799a13108eb187a391d1b61c37a,held,pass,H67;H64;H1,,day,other,institutional_or_compound
FGDC-1109,fbb9f20f673890ab7750104539e51d9ae035d08e8346c7abdf049852e35a050b,held,pass,H67;H64;H1,,day,other,institutional_or_compound
FGDC-111,e1213280e39816a5b2c18ec341a015a57f26b0d81a497ccbd7b22f118f457fac,held,pass,H67;H68,,day,other,institutional_or_compound
FGDC-1110,8f6423cb0935511d114e7dffb394b39ee756d3412e3c72530308ca432ee1d3ba,held,pass,H67;H64;H1,,day,other,institutional_or_compound
FGDC-1111,18a39e21d875316183487fc664009f5467a60da72bb87c6815f97c5ef472e16d,held,pass,H67;H64;H1,,day,other,institutional_or_compound
FGDC-1112,a4666ca2af6971b91e417d49939993ffb4a850344760674121296c449f5d473b,held,pass,H67;H64;H1,,day,other,institutional_or_compound
FGDC-1113,307371dca6fac06e26e0b188c56e7ce21ae647210cdc4cdc34f1b75bf5bcc61a,held,pass,H67;H64;H1,,day,other,institutional_or_compound
FGDC-1114,6bfb36487841e17637cccdb4d19747082f9d82d72b5a72149df7c3e1d223cff7,held,pass,H67;H64;H1,,day,other,institutional_or_compound
FGDC-1115,73dd2b5e98112f1fca316a130351212698d9721f64042ef4dafdf8e31b49c96f,held,pass,H67;H64;H1,,day,other,institutional_or_compound
FGDC-1116,d4b078e6a3fb29bc75a3e07b6946317668b5824c5527c2f8f7ad56b0cfa588b5,held,pass,H67;H64;H1,,day,other,institutional_or_compound
FGDC-1117,b3e538c3d89fcf2513d5ab9ecf6a7b03cd7f7847c67b02f8f3b0e728e0ed4af5,held,pass,H67;H64;H1,,day,other,institutional_or_compound
FGDC-1118,845375417ec3ac80ca70c1a3ae630e8379a97470410d4bce74d2b991d930af29,held,pass,H67;H64;H1,,day,range_or_status,institutional_or_compound
FGDC-1119,3fca2302d1356278f1430563dff84eea06171c261fe2218410a56d84227bd325,held,pass,H67;H64;H1,,day,other,institutional_or_compound
FGDC-112,8ee7aa67841553eb633092cdb0a64deea186ef26da16fd39ddf8c76059f46d93,held,pass,H67;H64;H1,,day,range_or_status,institutional_or_compound
FGDC-1120,236bf195d1043bb247d7374aec6f4b977ec614cb0870bc18a8bdc6179da15ecc,held,pass,H67;H64;H1,,day,other,institutional_or_compound
FGDC-1121,09d15ee349d2c036d4de5827842c6a2fa6ea093b85c149e83c403aa607d119ac,held,pass,H67;H64;H1,,day,other,institutional_or_compound
FGDC-1122,e61a9065142f0bf2f308d94cc753e1fcd53085eda018212043f6d2c77b079ff6,held,pass,H67;H64;H1,,day,other,institutional_or_compound
FGDC-1123,646cc403c48466f469990d4413dd299be95f78c0e493e2cd26a898c5d796db62,held,pass,H67;H64;H1,,day,other,institutional_or_compound
FGDC-1124,9aedaf837729c6158979752404430c680b0557eca6fbeee93122790da3bc6aae,held,pass,H67;H64;H1,,day,other,institutional_or_compound
FGDC-1125,06f844b8fdd7a6e34e093d3e52e6790731cb418401795b95a8e732d3f185c03a,held,pass,H67;H64;H1,,day,other,institutional_or_compound
FGDC-1126,95df6f15bcd9309ffb8f09bca3f65e9a12377e727a35eec80b15e39b496a9848,held,pass,H67;H64;H1,,day,other,institutional_or_compound
FGDC-1127,1a7cf659be9649e5b5c13e319ada0fa0d574c43fee0e6cb69d946f5ca5a3d34b,held,pass,H67;H64;H1,,day,other,institutional_or_compound
FGDC-1128,5290cc9424ff1b454f4afda4f79fd3237bcb993f6fabb6d9381b78e9ff652b0e,held,pass,H67;H64;H1,,day,other,institutional_or_compound
FGDC-1129,2145a1c55084968d99056212f419512d8ed8973a0265c7272562f18a456cb5c1,held,pass,H67;H64;H1,,day,range_or_status,institutional_or_compound
FGDC-113,658ddb9a8a1204d3fa139c22c29724e670d63bea0e5c9fb129aebee58a79337d,held,pass,H67;H64;H1,,day,range_or_status,institutional_or_compound
FGDC-1130,7d5927bd4e5046b8b37aa016f85b6f770c4a6feae13b027487bf3dc28aa0454e,held,pass,H67;H64;H1,,day,other,institutional_or_compound
FGDC-1131,0a15e24b3126ffd7045e4404fcc68bbb021d02be50ab872b4d6574864e887402,held,pass,H67;H64;H1,,day,other,institutional_or_compound
FGDC-1132,d112bfcb26e5985d29fdaff8e849edced9a7cd115fa52b2f70b15f536a96cbcf,held,pass,H67;H64;H1,,day,other,institutional_or_compound
FGDC-1133,a242e766df6918ca2f1bf886784fcae60b81bf31aa0ab7d93f0d2893c6e9d464,held,pass,H67;H64;H1,,day,other,institutional_or_compound
FGDC-1134,8ea0399de2da8298a8950a2ce97071aa28933d1cd1b40a6737a12b944b5d9dfb,held,pass,H67;H64;H1,,day,other,institutional_or_compound
FGDC-1135,f02cb4377658624cb3f63a90f6e799c659afeff4e6361b7510a8717b6e5e085f,held,pass,H67;H64;H1,,day,other,institutional_or_compound
FGDC-1136,7ab1d2ee9b1812f914aff70204e787f2d786796c7c83f94ceb8ae6329cdbea83,held,pass,H67;H64;H1,,day,other,institutional_or_compound
FGDC-1137,3f433fc4078bcf8a75ee548bcedbde3d0ed7e36fbba14fb672bfc80a3fd5f4b4,held,pass,H67;H64;H1,,day,other,institutional_or_compound
FGDC-1138,2e98e0ace63c43f4faed193252beaa1ed9a01db360143af5ebc5659b16fb49d0,held,pass,H67;H64;H1,,day,other,institutional_or_compound
FGDC-1139,e4156ee25415bc609acca045d5d605be3f70bde11adf07efa711c96ad496b6a9,held,pass,H67;H64;H1,,day,other,institutional_or_compound
FGDC-114,01a80bdc0dc5986a590181a91667e322a7647fa2cbd83ead780f568911e4db74,held,pass,H67;H68,,day,other,institutional_or_compound
FGDC-1140,638da3c14d4704cb1e54bd7dfc21589ee0d8102d19465f68395403fabac80b8e,held,pass,H67;H64;H1,,day,range_or_status,institutional_or_compound
FGDC-1141,b1a7180d9998ae57d63c993d1cd2b0d00c6f8588e883ef8e558086b162e749cc,held,pass,H67;H64;H1,,day,other,institutional_or_compound
FGDC-1142,b4a028c0928fcbb440a339f4b13d1ac71d59c75e76b63ec12943bcbc5047859c,held,pass,H67;H64;H1,,day,other,institutional_or_compound
FGDC-1143,9e68644cd4c616ac5214b3d74264b533b423662bb810116b8872af0f55770fa7,held,pass,H67;H64;H1,,day,other,institutional_or_compound
FGDC-1144,31ea46c10d57ef61b9178472e924cb066d084334999299c34f63a1fa2fc67875,held,pass,H67;H64;H1,,day,other,institutional_or_compound
FGDC-1145,2e86c7e3d5d19f7273077e21173dc8349dc94ab4233cacdec98d23e31c1f7eee,held,pass,H67;H64;H1,,day,other,institutional_or_compound
FGDC-1146,cb903bbec404b826033d43492a0c1a75da2a8ee3cc9025de3a1157c827b84fa4,held,pass,H67;H64;H1,,day,other,institutional_or_compound
FGDC-1147,4b299b20adaee03a729a7ba99016de195733934bc5e40762790b0ab9a5b3d43a,held,pass,H67;H64;H1,,day,other,institutional_or_compound
FGDC-1148,bb980a39f2fb6dcf43bab1f7ef2a87c2293498e845aefd1f15c75de1bdf39ab5,held,pass,H67;H64;H1,,day,other,institutional_or_compound
FGDC-1149,6b0b646f08215dceb34f35c4d5d68f57c3000818f18cf08f986f945e1858477e,held,pass,H67;H64;H1,,day,other,institutional_or_compound
FGDC-115,96a344481e716d1dc3e8eb115c58b4e9058c0935fa95a6bddeb05a698cee496e,held,pass,H67;H68,,day,other,institutional_or_compound
FGDC-1150,4ae80579a67949f5a3b40b4382b47f5e0c2bd09cb87a06d754d1485c8bd1ad0d,held,pass,H67;H64;H1,,day,other,institutional_or_compound
FGDC-1151,12449946a75085d8b0638b854a3d7c8bdb0f93c30ecb79546a31a7d636046a68,held,pass,H67;H64;H1,,day,range_or_status,institutional_or_compound
FGDC-1152,45a793ceb83e810fd40c16724a8c019ba2835685a3d6551775456aab83f632ef,held,pass,H67;H64;H1,,day,other,institutional_or_compound
FGDC-1153,502f7f31b8352d15b2223e7368a78c5fb149159fc3e5a3e6e627b67d1b5760b8,held,pass,H67;H64;H1,,day,other,institutional_or_compound
FGDC-1154,c7bc873fe38ec5c49b03eb4abf903a0fc42ce86cb0a423f1d71bd122b807511c,held,pass,H67;H64;H1,,day,other,institutional_or_compound
FGDC-1155,52a4bbca8e4cae198258c65d2a3bcbce292a4cd9c84adfad13e79feaa73914fd,held,pass,H67;H64;H1,,day,other,institutional_or_compound
FGDC-1156,d59234c9138248c2d78c6f4fff1bfb3cc0c90cff11939ac1179da1b6a928ada6,held,pass,H67;H64;H1,,day,other,institutional_or_compound
FGDC-1157,dc3b0b86914a5b8f6a7421839559dd33a30f84961febe3d21b50f187fa119c0d,held,pass,H67;H64;H1,,day,other,institutional_or_compound
FGDC-1158,dc1cc1d04ab7510cf28a5ebe7f41b83b11557a47498de060ab0905a9e085a1d1,held,pass,H67;H64;H1,,day,other,institutional_or_compound
FGDC-1159,53f2370b7a7439e462835d3499f464fae68a5c3b3e26971130fb9d810eef0446,held,pass,H67;H64;H1,,day,other,institutional_or_compound
FGDC-116,f196ea7424ef629d36eaf231615db21c805d6a0c7dc22cae6150e11f1956231c,held,pass,H67;H68,,day,other,institutional_or_compound
FGDC-1160,aa2cab4d66f0c9d572ec79338f496fc8b3ad298573718470207481c0c9a239bf,held,pass,H67;H64;H1,,day,other,institutional_or_compound
FGDC-1161,b4f0ea1df7467f53da97e51ec695754ceb3df3eff21fa9c06b46f2ecfd040a55,held,pass,H67;H64;H1,,day,other,institutional_or_compound
FGDC-1162,34aecf9411099963f1ccb0b225acf6f0c28378cd3038ddc0fd03803f1b5ef6cb,held,pass,H67;H64;H1,,day,range_or_status,institutional_or_compound
FGDC-1163,5ddb661a15d706f06d701ade6c789e56051725c0aa211d7e4d9e5f73c586eb73,held,pass,H67;H64;H1,,day,other,institutional_or_compound
FGDC-1164,fcdbf311cbb8b9f618df58164144321790c1538cad10277abe412c53f36c29c9,held,pass,H67;H64;H1,,day,other,institutional_or_compound
FGDC-1165,ff7cf58371868c607455cb84770829e9b9e881e5ddf87696c69935a693f689d4,held,pass,H67;H64;H1,,day,other,institutional_or_compound
FGDC-1166,27cecf5b808b6ff0d6d2c28ef80f0233fb0477720be6581d972dee0ebe331882,held,pass,H67;H64;H1,,day,other,institutional_or_compound
FGDC-1167,002185c89d1f48707f75a3476024e3cfbff7c0d81a25650cf92290ee4737724c,held,pass,H67;H64;H1,,day,other,institutional_or_compound
FGDC-1168,ef42cbe07d42adc41261e2e773afa8bae3d222649ea5c79a973c8cd54af82436,held,pass,H67;H64;H1,,day,other,institutional_or_compound
FGDC-1169,de1d789dc4c4d4f91b1a3b669db0e13d6a906d902011d0ac8e4f7adcd5819baa,held,pass,H67;H64;H1,,day,other,institutional_or_compound
FGDC-117,52644e03d17d1ba9927d0d9fc586c4aa923256f8ea7ebc40aeaf42917c187c48,held,pass,H67;H68,,day,other,institutional_or_compound
FGDC-1170,8a45e16ea9362dc216d2f67bfab49e44e53985cc72e7e5f2f5797763fb1c6d3a,held,pass,H67;H64;H1,,day,other,institutional_or_compound
FGDC-1171,3939143d447bb437d7f91fbdd05bb410f6ee87481f772c0fc0b03fde921ee5a7,held,pass,H67;H64;H1,,day,other,institutional_or_compound
FGDC-1172,f738b03e9ce70604c684c415de3191247fc6e3eaf309d9c6ccaca0adff29d979,held,pass,H67;H64;H1,,day,other,institutional_or_compound
FGDC-1173,c26c26b7bfdea790c253b855264ed091c3ef8cedcbcd266131e83ff2de2dff9f,held,pass,H67;H64;H1,,day,range_or_status,institutional_or_compound
FGDC-1174,c7b889e22d4fc5869a5286558af95237946c19060dcae1ec9ad79fe122b06613,held,pass,H67;H64;H1,,day,other,institutional_or_compound
FGDC-1175,107c4bb4f44fe78cdb89e3230811a7406f6c374a77b8aa1f716b88d9f767afc0,held,pass,H67;H64;H1,,day,other,institutional_or_compound
FGDC-1176,c48a6cf0deb881f67454095f1c6fbdb9226df841f6a643e5c3c24c1525be54e8,held,pass,H67;H64;H1,,day,other,institutional_or_compound
FGDC-1177,ba6c3b879316401ffaa9bbda4aca2011bb380539766f0fab11c02ef8504214b4,held,pass,H67;H64;H1,,day,other,institutional_or_compound
FGDC-1178,f50220fa73589e9daa5c6d3dfb76cb9b5f0b5fa454a82569cf24d2af7798581d,held,pass,H67;H64;H1,,day,other,institutional_or_compound
FGDC-1179,c1576fc6aafd6eeb054deef15fe758430c6a0f56339cda932dab371ec206d15c,held,pass,H67;H64;H1,,day,other,institutional_or_compound
FGDC-118,79a2370933f8b187ef9bacec8512996146a85b1332da4ffc1c717b46e94ab91d,held,pass,H67;H68,,day,other,institutional_or_compound
FGDC-1180,28a9077c8ada678711c58a74bad311e992142b4e811ef88e703d0571655a5a16,held,pass,H67;H64;H1,,day,other,institutional_or_compound
FGDC-1181,6e8a6a73e8983b2458d7f6e12f4d3395fd58787db78ddcb94f28455f53b9cd84,held,pass,H67;H64;H1,,day,other,institutional_or_compound
FGDC-1182,3cb6b0e8bf67ccc29513d4e03e87b6d34f5f49a50cabd3f269652a66622b3dfd,held,pass,H67;H64;H1,,day,other,institutional_or_compound
FGDC-1183,ca6ffc71fd0fa7453041592c20c000d52f7286c7df80ba037ffe032000212d57,held,pass,H67;H64;H1,,day,other,institutional_or_compound
FGDC-1184,4f498ae78e2dcbd4e56cac08456417695bdb5642c3895e9bbbe5a7639a3e3fc0,held,pass,H67;H64;H1,,day,range_or_status,institutional_or_compound
FGDC-1185,d81a1376580fd607e080814b476fafa49c3571a87c17c8828adef8e716f75f9a,held,pass,H67;H64;H1,,day,other,institutional_or_compound
FGDC-1186,503778b4affc362eadba54d8e0ebf0af60b376fe43543a17ad2c0ddbf14dff5c,held,pass,H67;H64;H1,,day,other,institutional_or_compound
FGDC-1187,1da00783594e26a050b3bfef0553c0c8d1a2673f7676655a936d0467b23272ae,held,pass,H67;H64;H1,,day,other,institutional_or_compound
FGDC-1188,0f30fb4dbd79cc017ef8f1d6e7e887319647cdb2b5c8b6730a733fab4460b16b,held,pass,H67;H64;H1,,day,other,institutional_or_compound
FGDC-1189,eaae4eec147cb5f82eef71e126f59ab0112e7f8c21ccd3b0583321d9a0e6b6a1,held,pass,H67;H64;H1,,day,other,institutional_or_compound
FGDC-119,c6a358474728e147e7aac76ed7b7df08e1336b602207160ba275711a45b2e2de,held,pass,H67;H68,,day,other,institutional_or_compound
FGDC-1190,7edd34b56b0b885f221d7f8eb70f66c4871deecacb136558346f3adb36af21ae,held,pass,H67;H64;H1,,day,other,institutional_or_compound
FGDC-1191,de3492dca66e6389e88d06dd113de11b1cf49fbc450a21ec2e594cc72ea7618d,held,pass,H67;H64;H1,,day,other,institutional_or_compound
FGDC-1192,99f64af6b9eb31dc334cb18a0f9296c2afab43f28951950cf92a4df329dfc632,held,pass,H67;H64;H1,,day,other,institutional_or_compound
FGDC-1193,a8fda6b77c5e85aa198d6212a6050721afab0c954a708acd9e89897013bd4ae0,held,pass,H67;H64;H1,,day,other,institutional_or_compound
FGDC-1194,684033f8c535303beb8aa95fbdb278a3fd9474a367598e41770d31c0b833906c,held,pass,H67;H64;H1,,day,other,institutional_or_compound
FGDC-1195,eddcfe89c3a8f2d8fcd514d74f26a211d4664e3d773b52f1bdde4409b9972bd9,held,pass,H67;H64;H1,,day,range_or_status,institutional_or_compound
FGDC-1196,a95012bf52d562340ff14f90c22865dfb47cbab5351792e094adf7e0d4d7d4ce,held,pass,H67;H64;H1,,day,other,institutional_or_compound
FGDC-1197,d28ec2b9e67e28a9db0c61520cc3eb1ddc993a679a8b008e878317a3c6851dbf,held,pass,H67;H64;H1,,day,other,institutional_or_compound
FGDC-1198,2b38583fef66a280dfcb7c3138d548411df4792b230f2fa9bea9410a236a91d5,held,pass,H67;H64;H1,,day,other,institutional_or_compound
FGDC-1199,f0bf7e17d89772c74ead20a140ce0daf7bb362bbc2d33572e2fef01a74c40bae,held,pass,H67;H64;H1,,day,other,institutional_or_compound
FGDC-12,f5c76fa241a89ba545c8291329c51e368412f8f7d626d3e1ed53bcf055174328,held,pass,H67;H64;H1,,day,other,institutional_or_compound
FGDC-120,3cef7847037a9606c870fc35d98b92241c857f200e0e96c86fe362bdbd131803,held,pass,H67;H68,,day,range_or_status,institutional_or_compound
FGDC-1200,681ddfd8b6bfea2670c8c10b05120e7cc970e0a04ec3b6b12de697beb5ab84e7,held,pass,H67;H64;H1,,day,other,institutional_or_compound
FGDC-1201,f883adb92cf8f7b313b4ec2452c8d640932a34c3994183069ed012ab64f3520a,held,pass,H67;H64;H1,,day,other,institutional_or_compound
FGDC-1202,f460d72287064e02be660337555ad951bcf24c23789cdf00ee5403add98d9e31,held,pass,H67;H64;H1,,day,other,institutional_or_compound
FGDC-1203,867f09e8c37fbb5894ff955f7aa2609535a14210458fae8888056af6aced9ef8,held,pass,H67;H64;H1,,day,other,institutional_or_compound
FGDC-1204,36080c1f3c56e1e693817fd351a7c602eca00374df7c7ee3aa75a98c1dcaa72b,held,pass,H67;H64;H1,,day,other,institutional_or_compound
FGDC-1205,6bdaf329961a4ab9aa03029a5ba9587936c226c9802e006c3906b22d03fe8041,held,pass,H67;H64;H1,,day,other,institutional_or_compound
FGDC-1206,cb5d88557bc7d5eb5c5d2b5e48411efab46c5be0977260dccda9162bf614c1a6,held,pass,H67;H3,,day,range_or_status,personal_or_unknown
FGDC-1207,88a2472a1ab64ddd5510e532523de7c84a07e1cb861fcbab4f31f11f1720a81f,held,pass,H67;H64;H1,,day,range_or_status,institutional_or_compound
FGDC-1208,947106dbff5f3242c0a2c110d86589713c1a7d6fdc843e98bbb02abcd26e1746,held,pass,H67;H68,,day,range_or_status,institutional_or_compound
FGDC-1209,1bd25b6632af51c4c10661aaa40de6918d68c4754efb9d168b873833148d3717,held,pass,H67;H64;H1,,day,range_or_status,institutional_or_compound
FGDC-121,a738d9405f8b2643db90693f08e29b793ff679137796dac443221d7848a8a6fd,held,pass,H67;H64;H3,,day,range_or_status,personal_or_unknown
FGDC-1210,fdf047b3eaf9dae45396e12e789c8315becba4e4f167a77db8719ba8a92f855f,held,pass,H67;H64;H1,,day,range_or_status,institutional_or_compound
FGDC-1211,964146ceed5ed0fe615f9d1efcb4f888bef36b70f299e6f9d4b0b50539af3188,held,pass,H67;H64;H1,,day,range_or_status,institutional_or_compound
FGDC-1212,5e9eca38f508731212aa8bf64f412a08a23f508cc3d5dada66f03a21f5320bee,held,pass,H67;H64;H1,,day,range_or_status,institutional_or_compound
FGDC-1213,f67e145a2f6a0eab2ae4b17664f29b75aea165001329e4ea036232b804936714,held,pass,H67;H64;H1,,day,range_or_status,institutional_or_compound
FGDC-1214,ae98af6feeb945f0069d2e3088ab4650b3b8dfd0398ce95ed3d46c742f76f27b,held,pass,H67;H64;H1,,day,range_or_status,institutional_or_compound
FGDC-1215,5719a5432959ec039264fcc3fa952efe5ad48a1285a07064b186cc5be3bb56d6,held,pass,H67;H64;H1,,day,range_or_status,institutional_or_compound
FGDC-1216,43d6d7d7f40acf9673a5f8c03da78b97064b98f15e7d321c36a750b08a00f90f,held,pass,H67;H64;H1,,day,range_or_status,institutional_or_compound
FGDC-1217,d564e44833e9801ff00f32c1b27c2273b1bbd19e380a43dfb835708745fd4773,held,pass,H67;H64;H1,,day,range_or_status,institutional_or_compound
FGDC-1218,4ed68bc97ac128d7bf01d6f79fbed6a58cbb94d7d99201ffc829698b0de04d9a,held,pass,H67;H64;H1,,day,range_or_status,institutional_or_compound
FGDC-1219,09cfa92e0f4e2dd1c2a022513835c84b53d4bcf132446747e3d6b7055d15a7fb,held,pass,H67;H64;H1,,day,range_or_status,institutional_or_compound
FGDC-122,b117c40f9c80c559c48ee05e24e09dadcc97758b2e260e727caece27e9170e2e,held,pass,H67;H64;H1,,day,range_or_status,institutional_or_compound
FGDC-1220,69f1879625635dff99f8cee91d5597cb68546266d5a30c6e5ed0e6e04ada79a3,held,pass,H67;H3,,day,other,personal_or_unknown
FGDC-1221,77523ec7bae30cdea6f6196d642b77989145e445923963c4e1728ade3def0284,held,pass,H67;H68,,day,range_or_status,institutional_or_compound
FGDC-1222,1419fe05a291a9e75f08bd31b7c84bbe6023e8117548b0ea432a98accb84338a,held,pass,H67;H64;H1,,day,other,institutional_or_compound
FGDC-1223,7dc3a2d8ba89a4897d8964f1c911972da03ea3c9537e3fb7a43141fbcc33fe03,held,pass,H67;H64;H1,,day,other,institutional_or_compound
FGDC-1224,e532f1541f9e10dfa6c706328add41fa6fb2683d553e6ad95ecc8e99af562227,held,pass,H67;H64;H1,,day,other,institutional_or_compound
FGDC-1225,5bdf8a9b18cec1a7acf393e43e782b192bd1064fc360d2bfc3a9365e623ca98c,held,pass,H67;H64;H1,,day,other,institutional_or_compound
FGDC-1226,3ca19ace8f23058f2370a07bdcafebf118432c805ab02c4a9ddc8c71ea8129b5,held,pass,H67;H64;H1,,day,other,institutional_or_compound
FGDC-1227,24dd1ebdcc1c315b6d8b859c19017553170a1f7376e164904c998193ee555419,held,pass,H67;H64;H1,,day,other,institutional_or_compound
FGDC-1228,22d294fd49363a1076c9ecf187f7ff8694482fd54265d7b72f45d6e08a3f91f9,held,pass,H67;H64;H1,,day,range_or_status,institutional_or_compound
FGDC-1229,73ff90de336cd60faf1d3b8fd985f9f1cd60e00d3c8e4abeaba1768bc224c9e2,held,pass,H67;H64;H1,,day,other,institutional_or_compound
FGDC-123,a2fa69bb3134414b16037dd12dfaba7b5e68af69857e602051c6f0cd517f6a72,held,pass,H67;H68,,day,range_or_status,institutional_or_compound
FGDC-1230,7c7f559b1db642f342ae069685c5db5446e61ff0cec7d094dfccaf0cb7b8d2d3,held,pass,H67;H64;H1,,day,other,institutional_or_compound
FGDC-1231,55c85cd4fca595f1f8ba4057e12b6a1211a14e6113cae39c22d5a7862d1ef8f3,held,pass,H67;H64;H1,,day,other,institutional_or_compound
FGDC-1232,c7ee914e705bcdb275ede9cdd72f7b59a48bff2866d42a4d2f49e3d459846b30,held,pass,H67;H64;H1,,day,other,institutional_or_compound
FGDC-1233,b216ec9ddaf32d7a87b4acc8389d55db50e7a44a6e9e73d4bd9963e13a7a8ae8,held,pass,H67;H64;H1,,day,other,institutional_or_compound
FGDC-1234,1270c834fc13249edb538c152d69939ddf4635709a6b28256761602af0210f73,held,pass,H67;H64;H1,,day,other,institutional_or_compound
FGDC-1235,b94e4158b9278de4614ea7f35355e459ead02220befea3ad2576871794b09cec,held,pass,H67;H64;H1,,day,other,institutional_or_compound
FGDC-1236,7b2ba8d3101f25bdb094221ba9a686346d01bd861386e56e789d6cfe68062328,held,pass,H67;H64;H1,,day,other,institutional_or_compound
FGDC-1237,4413d697f1a46a33cb6fcd113f4cdbae51b310ba2e6678ce9a927470f4951be1,held,pass,H67;H64;H1,,day,other,institutional_or_compound
FGDC-1238,c559cd8b956683c71c2fd240e583bc5817b2cf7f5bcc390955578c1e1e15aa2f,held,pass,H67;H64;H1,,day,other,institutional_or_compound
FGDC-1239,544c34d32465acaf5a4856b502264cb67da6c1e6eb112128ce5655061ba72777,held,pass,H67;H64;H1,,day,range_or_status,institutional_or_compound
FGDC-124,3319596b99d2376668160b0bef47a706187df95eb808b849ec28418147a87bc8,held,pass,H67;H64;H1,,day,range_or_status,institutional_or_compound
FGDC-1240,8039b2ba1030640028153d8dba492d09b4d93b5f810d43b1c050f8f526ceee62,held,pass,H67;H64;H1,,day,other,institutional_or_compound
FGDC-1241,50cf8881b5449683f9ab93eaa206cbaf767841a1dd9cc6eeeb70820a88a57bd3,held,pass,H67;H64;H1,,day,other,institutional_or_compound
FGDC-1242,c078a53f9bd5f6c9580a059a1062e81e79248d0fb129ec80bd04c1d62eb2f8fb,held,pass,H67;H64;H1,,day,other,institutional_or_compound
FGDC-1243,41739dae47c7a71f95c7e1dd4b9d0a6e223773e7f4de98d9d5d2a81c8fcb5a76,held,pass,H67;H64;H1,,day,other,institutional_or_compound
FGDC-1244,f8a1d2d1f6a83cb34600662fb3e26194130629ec6caf6118395e2964a3fd12d2,held,pass,H67;H64;H1,,day,other,institutional_or_compound
FGDC-1245,50e3a40f7ffc56debfaa8feec8c977de9775a8f7a99853dd7295de0fff75ff4c,held,pass,H67;H64;H1,,day,other,institutional_or_compound
FGDC-1246,db89dce615e086c4c6ec92bc9b439bae77aa0088a4c045ab7b021674a3176b82,held,pass,H67;H64;H1,,day,other,institutional_or_compound
FGDC-1247,3b1b1315cfbd4a3f79fee2c60fd9fe2596676571f81ec3872e20671e0a80ea47,held,pass,H67;H64;H1,,day,other,institutional_or_compound
FGDC-1248,00c4bc71dd2a727e26d2ef05eb438f3dfbdaa4415b175fb96121c1d7b35dac54,held,pass,H67;H64;H1,,day,other,institutional_or_compound
FGDC-1249,f4c45b76e6cc6f67e943d21f142170fb1cae03067d935f2c1e7d3e4ede951db6,held,pass,H67;H64;H1,,day,other,institutional_or_compound
FGDC-125,94b2f0a6706e884c8d54ce369e87bb8b62851ae39731eb114bd826e71c1e8300,held,pass,H67;H3,,day,range_or_status,institutional_or_compound
FGDC-1250,484bf471ee9b00cea33af2be009f150251c975fefaa9da2e5942c330f142caf4,held,pass,H67;H64;H1,,day,range_or_status,institutional_or_compound
FGDC-1251,b0345cfeacb87cdeb533165548531a52d4b702c89dc1b7a472390c6306799cc5,held,pass,H67;H64;H1,,day,other,institutional_or_compound
FGDC-1252,57e9db2bacf40934530cb9122bd7a42249c7c69289dad228c642ee9490f5877a,held,pass,H67;H64;H1,,day,other,institutional_or_compound
FGDC-1253,1b65167cda908ad502eea5de31717736ec1e4c0025ad8f0e9274720844ff6b41,held,pass,H67;H64;H1,,day,other,institutional_or_compound
FGDC-1254,b6ffdda1a4b6d6a0d37bd52dbe5d715600ac2a7c8282086652c6b0edbe38db1b,held,pass,H67;H64;H1,,day,other,institutional_or_compound
FGDC-1255,699ab21cace81e63cf43e1a3dd08d1abe79e6e1b2d0fa4d920d36c3b893605e0,held,pass,H67;H64;H1,,day,other,institutional_or_compound
FGDC-1256,be0ebc8c43e6b66d3a73ec0d896a5379398165bc85233a239e9324166b56059a,held,pass,H67;H64;H3,,day,other,institutional_or_compound
FGDC-1257,343d0e1b6c7d96a3899dfe5173b84ce12f8a5174d77b7fbdf65a897a00416b42,held,pass,H67;H64;H3,,day,other,personal_or_unknown
FGDC-1258,fb72564a17bf0535a1cfeaab04dd92d674dcb164ce4d608cdd17c19a5b1bfac9,held,pass,H67;H64;H3,,day,other,personal_or_unknown
FGDC-1259,624b84b0cb1f08596a7c6212a64fad4eb5ec8b3ad7537815aee7f0a730c57a45,held,pass,H67;H64;H1,,day,other,institutional_or_compound
FGDC-126,20b1c78fb3c862fa728c5090764c83f8218e619d80239a47f4b8e2bf0b0bb26c,held,pass,H67;H3,,day,range_or_status,institutional_or_compound
FGDC-1260,d41dc30c9c88748add6513c12bb2fd2f8babd5fdede16e4f77106fc7745ae3af,held,pass,H67;H64;H1,,day,other,institutional_or_compound
FGDC-1261,1f92cc26f0507aae19e57edb2de861b1aedf4470ddb31fa156f639d5b1ecd323,held,pass,H67;H64;H1,,day,range_or_status,institutional_or_compound
FGDC-1262,3b9761159b7036598d96e2fcee9651c8f1c32428840106c4edb5cf53483d93cc,held,pass,H67;H64;H3,,day,other,personal_or_unknown
FGDC-1263,470a654c76433c464cb35a8f95a2290014357b5109a742b65fe15428e753e44e,held,pass,H67;H64;H3,,day,other,personal_or_unknown
FGDC-1264,30591549ea992e68e92c358d5efb5a6b5970f756c6e4bead89d5483986943b37,held,pass,H67;H64;H1,,day,other,institutional_or_compound
FGDC-1265,822140d568756c49c6fc7cdccd24a4613755df799176b6480444479c16a113be,held,pass,H67;H64;H3,,day,other,personal_or_unknown
FGDC-1266,7560aada160eb6ed87113a8a68d2ce2000d249c27132c16e6a55f179cb1ffb8d,held,pass,H67;H64;H1,,day,other,institutional_or_compound
FGDC-1267,192658f64c7d9087d508d354fcf44ba8a2a8f2dca67654d69471e1ba2e62311e,held,pass,H67;H64;H1,,day,other,institutional_or_compound
FGDC-1268,c5636b682fd6b3ca395bf90475f38ace9fc6ee13132ff4fc0767bcdc483363c8,held,pass,H67;H64;H1,,day,other,institutional_or_compound
FGDC-1269,2f02acb43598afcbcff084d6c324e9672bb43185d2b85109a32936e43d994954,held,pass,H67;H64;H3,,day,other,personal_or_unknown
FGDC-127,9290e1fb90ba80dcdb3f2c94bdbee50bde3499d5034f17ae016c476578725417,held,pass,H67;H68,,day,range_or_status,institutional_or_compound
FGDC-1270,18986ea479ad1632974c7f4e64ce6b4aac285b289a41f1e895a965ed9b1dbf32,held,pass,H67;H64;H1,,day,other,institutional_or_compound
FGDC-1271,96710d45ba9976dfc273123c061d8480e0b1875e82911aedf0e88179bb8d655d,held,pass,H67;H64;H3,,day,other,personal_or_unknown
FGDC-1272,4f2a86bd4f2c44619d3ad36baaef44c986dc6e1ccbb8abe891ba0147453fa6f5,held,pass,H67;H64;H1,,day,range_or_status,institutional_or_compound
FGDC-1273,02957d0e04f214f4f02b72487d71923b613c01d81133967b17c2381626b1309a,held,pass,H67;H64;H3,,day,other,personal_or_unknown
FGDC-1274,3dce349327454fe45092bd45d0f1bccef40ddfb2ce71074d5ebee5e6c85ffe69,held,pass,H67;H64;H1,,day,other,institutional_or_compound
FGDC-1275,966545a815853f6d03b2ece5bc5dbf2b69efe1bbbed489a9a77a26dc467c8364,held,pass,H67;H64;H1,,day,other,institutional_or_compound
FGDC-1276,7e3bca0cb64663760e202100c2ecbc288e079aad031a9f3964d738423d97ed45,held,pass,H67;H64;H1,,day,other,institutional_or_compound
FGDC-1277,96de30ee1303759eb5cd06cc32863ba3700135918ce0898c7fff36b3f2ae0e2a,held,pass,H67;H64;H1,,day,other,institutional_or_compound
FGDC-1278,97fdbe9ca92de53855d8479a0b0d50fe91d02e02b8c5b26b10e2daee65375f20,held,pass,H67;H64;H1,,day,other,institutional_or_compound
FGDC-1279,565603d75e275e866a3031fde7be6914712ec15614d3882caa3e3b70d89f36e1,held,pass,H67;H64;H1,,day,other,institutional_or_compound
FGDC-128,d3f5a690bd4a9d1fb8196673d79558f0330418239aec91908c8b6afec6e282be,held,pass,H67;H68,,day,range_or_status,institutional_or_compound
FGDC-1280,0101a27d09ba1a64c71dfef160c3ff9ef828b687a61fb16cd0ee02936b1b7c15,held,pass,H67;H64;H1,,day,other,institutional_or_compound
FGDC-1281,c5e1c621fd9287ceb5335d4c245f43a721beffeaf9d5c492a7470b9938056dd7,held,pass,H67;H64;H1,,day,other,institutional_or_compound
FGDC-1282,fdc0789aeab6e1e3b241eec81815ce0565919701bf0b038db4b02c7a9b1de627,held,pass,H67;H64;H3,,day,other,personal_or_unknown
FGDC-1283,e262400d961041ba7a9cc63b1febcd0a8321dda5427d6ce974185349da45f134,held,pass,H67;H64;H1,,day,range_or_status,institutional_or_compound
FGDC-1284,db10d0a71624e8597b33e79d796300f97e9ef43be397961c7b78fbf926379553,held,pass,H67;H64;H1,,day,other,institutional_or_compound
FGDC-1285,fffc1fea76665395e6d1d3b39a08349617163dc86994e37a0511d79bcf52090d,held,pass,H67;H64;H1,,day,other,institutional_or_compound
FGDC-1286,166be4df4285137e5c2253287d73b7c52313b8e834d3876bb1dacc710a4d6b6d,held,pass,H67;H64;H1,,day,other,institutional_or_compound
FGDC-1287,bf037a4cc53536aa64b3c848af0c4f025f5b9935b02daffcb5f4e659f32139ac,held,pass,H67;H64;H3,,day,other,personal_or_unknown
FGDC-1288,1dcd39a1432d8e98e40e4b80e6b8b5ebb10fcfb58f5b0a2f4237f21eb2b0f2f1,held,pass,H67;H64;H1,,day,other,institutional_or_compound
FGDC-1289,0b570b4165374be03471b99ea576db712d8b75639563641f2f818e9700edd022,held,pass,H67;H64;H3,,day,other,personal_or_unknown
FGDC-129,776b16618a4a715dd56d1bb06e3ae4d9d23e6851fcff90bbc25b0af39b50af5d,held,pass,H67;H3,,day,range_or_status,personal_or_unknown
FGDC-1290,81e46a5f98f5b40a63bbda483eee0a54e0d258619e3ec7792f40dcd05a62a19f,held,pass,H67;H64;H1,,day,other,institutional_or_compound
FGDC-1291,5058840108166feafe018819f256dfb587224dc249be903cf309b5561972cacb,held,pass,H67;H64;H3,,day,other,personal_or_unknown
FGDC-1292,1b5fb0561a4cf1b4c74f19cc5aa2fccad915a84f8ccb40777fb9709336b2bf10,held,pass,H67;H64;H1,,day,other,institutional_or_compound
FGDC-1293,24d3ffaa8e1662e692984700179cb7673539c6915ea8f272e078ed5a239355f4,held,pass,H67;H64;H1,,day,other,institutional_or_compound
FGDC-1294,2262253ae8385325a15cbecc2fdb5ac24b675ad38aa3f08d255c4bd906aa7a9d,held,pass,H67;H64;H1,,day,range_or_status,institutional_or_compound
FGDC-1295,482b4ba39fef5cb23e8d7c20b50dabb8d2409748bc1f1e412f4008272acfec2d,held,pass,H67;H68,,day,range_or_status,institutional_or_compound
FGDC-1296,1ec827e7d2f0f2212e4e5c0d8c9da4de2a935b884b0a136d87fc4f26cdc377f7,held,pass,H67;H68,,day,range_or_status,institutional_or_compound
FGDC-1297,96ee1b5bf6ea21c8be46882772507419f9be71c4acb9ca1131eba3cacd28a1b9,held,pass,H67;H68,,day,range_or_status,institutional_or_compound
FGDC-1298,be01fe347dda406cf170b72dcbc5749df73d62fc5eb73b1b49d75d5f31964fd8,held,pass,H67;H68,,day,range_or_status,institutional_or_compound
FGDC-1299,521af7019025a9cdac31f448c4260573e57611fb2fabde229ab38cfcd23d4dfa,held,pass,H67;H68,,day,range_or_status,institutional_or_compound
FGDC-13,7213c37050d0492805237b38f4b46caa4c6eb7f6f565e008aa0c91689dc1a69b,held,pass,H67;H64;H1,,day,other,institutional_or_compound
FGDC-130,c49235b6342cfb9c0869370e729a693abe4a5678243b162fdb1a2fbb7eb6baf2,held,pass,H67;H3,,day,range_or_status,institutional_or_compound
FGDC-1300,34f0eabd6eb814826ccefcbc52e736d237367dba499e7dc62bceefad1703e84f,held,pass,H67;H68,,day,range_or_status,institutional_or_compound
FGDC-1301,f6016bded04d5db3991204e14023bb6905119d7023b906949aab54284e31323c,held,pass,H67;H68,,day,range_or_status,institutional_or_compound
FGDC-1302,423d6843f230209f20920eb4951fd51fb58fc20adb3b726b598ca41b10d57d7e,held,pass,H67;H68,,day,range_or_status,institutional_or_compound
FGDC-1303,b4c08c82ac64c294596340c291a062569e8217b24af52301e01fc31ab5ea12ce,held,pass,H67;H68,,day,range_or_status,institutional_or_compound
FGDC-1304,68ec7746c7899fa2a7b0c13b84f03626a867752d18b8f7818c29f98ceb32d0d7,held,pass,H67;H64;H1,,day,range_or_status,institutional_or_compound
FGDC-1305,73e5bf83f361ab5c863e6280312dfaa69794cbe32d6a24bdf822f7629d543771,held,pass,H67;H68,,day,range_or_status,institutional_or_compound
FGDC-1306,4e4ac42b1e7a7a25e62e8b36bbf7aae796d78e9fcfcf2607739bc65066a49368,held,pass,H67;H68,,day,range_or_status,institutional_or_compound
FGDC-1307,74c2de9e09c7c0f6bfd658a4e53607a7b83970eeb394dec06d3a3f2f7009187e,held,pass,H67;H68,,day,range_or_status,institutional_or_compound
FGDC-1308,25ed74ea12450a2b2c86d1d2a2acd0a74b6eedb91572b35aba4db2c346ba8a56,held,pass,H67;H68,,day,range_or_status,institutional_or_compound
FGDC-1309,df25052f27ea89566e0d2ddb09a85021fbeb477d4c5be241cd06fcc7543a8f2b,held,pass,H67;H68,,day,range_or_status,institutional_or_compound
FGDC-131,e468bbdfce076a3b8ea5bb1568575b0076cc84e77662852e99633fc3af712cdb,held,pass,H67;H68,,day,other,institutional_or_compound
FGDC-1310,664ac45b50d18616ccbacf70b60500937d285d934f8e403a42bf59eb3549b252,held,pass,H67;H68,,day,other,institutional_or_compound
FGDC-1311,6f086f17fcd4214e286c5b89dfb13a5b91c3a2c210e3ca6348a8778d8c9d2d43,held,pass,H67;H68,,day,range_or_status,institutional_or_compound
FGDC-1312,a40e69309db238963575f88a6b662992688c1874ebc480909b65d548d14ca757,held,pass,H67;H68,,day,range_or_status,institutional_or_compound
FGDC-1313,49a8d87f50f0ab5806c769dbd1aacd5992fe6ba8104a2f41b9d7467b2095ac56,held,pass,H67;H64;H1,,day,range_or_status,institutional_or_compound
FGDC-1314,ae5faad99f4b0abedd01767ffba167cadbc0a8236598c4d39a5346226903ba8b,held,pass,H67;H3,,day,other,personal_or_unknown
FGDC-1315,fe9b23031427f249f3a46e37cb819ed76ce5f13c128683b0a285d5cf41027fe1,held,pass,H67;H64;H1,,day,range_or_status,institutional_or_compound
FGDC-1316,5425c38ce911b1c28e2565d85b96957883c44acf9e2fb6d66e70ee8e34ce51f4,held,pass,H67;H68,,day,range_or_status,institutional_or_compound
FGDC-1317,db327a3e751314631999caaaee8ef726172c1e410d9cb236d68f628dee138585,held,pass,H67;H68,,day,other,institutional_or_compound
FGDC-1318,4040e8a5f7623585c86507e07517e39ff40cfd2e17af0595b7a164d443ddd84b,held,pass,H67;H64;H1,,day,range_or_status,institutional_or_compound
FGDC-1319,6c572b24fce34938671d7adfc0fa2e043a696b6c46759a9cb6eefb55445c7e5f,held,pass,H67;H3,,day,other,personal_or_unknown
FGDC-132,465d1ea3de7c2c70126cb5e826f5b7a0f50b7929e9ed98851f27851243533758,held,pass,H67;H68,,day,other,institutional_or_compound
FGDC-1320,dd269c08464090adc799f268c506d72ab098397726294beb3e4d72733bd7c1d5,held,pass,H67;H68,,day,range_or_status,institutional_or_compound
FGDC-1321,0f4d6c200e2a8c9c58f57a85577199e452648d852c07f525d0559cb13cc5cbab,held,pass,H67;H68,,day,range_or_status,institutional_or_compound
FGDC-1322,000ddc06c9067701116c878fd83f50fc0f8aee2fcc0f4c9f64eaa804139acf5f,held,pass,H67;H68,,day,range_or_status,institutional_or_compound
FGDC-1323,7c53d02bdb34dc8bfd6876ab2736521848ef12dda30cabe631b91afb1db6d3cc,held,pass,H67;H68,,day,range_or_status,institutional_or_compound
FGDC-1324,3fcd621906c19e7c86f603d969cb8533fdd9dd59dd495b4e06d5156be55989ae,held,pass,H67;H68,,day,other,institutional_or_compound
FGDC-1325,1093c6a2be3235c92b1fa5a44e4d6b6d947b548c17af3d6927a7abdcfcde0a23,held,pass,H67;H68,,day,range_or_status,institutional_or_compound
FGDC-1326,85960a1f7d87fd1415bba4bc294b2775ab7100bbf97e454c25c9ab1240dab65b,held,pass,H67;H64;H1,,day,range_or_status,institutional_or_compound
FGDC-1327,d8cdaba88f3aea80e56e43bc7dd63e38868cc3007e8a5e3de7da8dc251fc0b18,held,pass,H67;H68,,day,range_or_status,institutional_or_compound
FGDC-1328,a553e5114c72866ed68b64c93771a8a2a22e3c41b73b9598b089fa922e62c588,held,pass,H67;H68,,day,range_or_status,institutional_or_compound
FGDC-1329,45d326aa086064e0412a270f2bb9f0a4cf8126d007022a01b35441a18602d992,held,pass,H67;H68,,day,range_or_status,institutional_or_compound
FGDC-133,8b101b6d7db14231210e8a45414db3704d9004a2c31b31d3486907d5040fe651,held,pass,H67;H68,,day,range_or_status,institutional_or_compound
FGDC-1330,5db86b39ba9fe812a4b560fa08a5a9e822ab8e4ac0b8816563e8d894a2afbf53,held,pass,H67;H68,,day,range_or_status,institutional_or_compound
FGDC-1331,63967d4f422751b5a606a9d827b7a48ff133a7a21171d90ea1a71d53ac8cf9fc,held,pass,H67;H68,,day,range_or_status,institutional_or_compound
FGDC-1332,ad9e21fc836faa1e293fe7e927af8d4fd257153366ef4f4761841ada29942fe4,held,pass,H67;H68,,day,range_or_status,institutional_or_compound
FGDC-1333,77152c2aa2f4a5f846dcf80af28a462c131f76e97f4522d77fb2de984d949129,held,pass,H67;H68,,day,range_or_status,institutional_or_compound
FGDC-1334,545be651f136a3caa0968c41bd695535482d32b26043429ba9101ea7f576e863,held,pass,H67;H68,,day,missing,institutional_or_compound
FGDC-1335,d54851920e67fdd3411080ca3fd519e408990fbba399d15581eebb8767bf6c60,held,pass,H67;H68,,day,range_or_status,institutional_or_compound
FGDC-1336,0acd0fb1ff74a7d955136bf05dec3ba3e04da71fdd7ffc9f6fbc2f8477863cc6,held,pass,H67;H68,,day,range_or_status,institutional_or_compound
FGDC-1337,e2a09a4cfdfbc0677abb08336f7e71d1744a856dd2dd1cfa41d1d502daaf9f6c,held,pass,H67;H64;H1,,day,range_or_status,institutional_or_compound
FGDC-1338,8fea3b261d9397de6dd0d3aed9def097a13296827f80555c9c51c00f1fcd7bca,held,pass,H67;H68,,day,range_or_status,institutional_or_compound
FGDC-1339,ecfa4203248cad0a3fed05eebae258bcfb58a2448b091a0469f5f1187edc8342,held,pass,H67;H68,,day,other,institutional_or_compound
FGDC-134,7cecd9945d61c1ae5e53826003703e9aedc92f101ff52dac5bdf541d271c6b9b,held,pass,H67;H68,,day,range_or_status,institutional_or_compound
FGDC-1340,6debff471a9fcb11286400613451da83cff19a7fc476f789aa86374e9bcad173,held,pass,H67;H68,,day,other,institutional_or_compound
FGDC-1341,a54095e598483ff43a6101184cdf9206be06db58281487f30c73e165e39905bc,held,pass,H67;H64;H1,,day,missing,institutional_or_compound
FGDC-1342,13176c489b4da25b22f7c09f659066aca88ad307eba74fb0f1c3f7989b75566b,held,pass,H67;H64;H1,,day,range_or_status,institutional_or_compound
FGDC-1343,8c1204dd1c2881e7a5b3359f9359b1ebc1709868c22644061df7c17b7b48af8d,held,pass,H67;H64;H1,,day,range_or_status,institutional_or_compound
FGDC-1344,3380a4d93886ee54c36d33b67c26461e9c004aeaa52717755bf06cfa583de893,held,pass,H67;H64;H1,,day,range_or_status,institutional_or_compound
FGDC-1345,50c38f506040df03469cf50b9792d21607fccd7ba3e20275a526da24175bf82a,held,pass,H67;H64;H1,,day,range_or_status,institutional_or_compound
FGDC-1346,8eef5fe8bda58af45246e3e261204b7005df879125c1f7e4b25f12600e64b0af,held,pass,H67;H64;H1,,day,range_or_status,institutional_or_compound
FGDC-1347,5bdf246ce453c9d4d3585ae6d52fe284bf40861daad9629343790fd55dcbc6f2,held,pass,H67;H64;H1,,day,range_or_status,institutional_or_compound
FGDC-1348,33f632da76a974f2227c27ebcbde57a471a9ceac1259931b396bbd26cc62288c,held,pass,H67;H64;H1,,day,range_or_status,institutional_or_compound
FGDC-1349,d4e212dc29c1d9c2c4ff44a2d5f9a47a0109accffddd824b105fb68c3527dab3,held,pass,H67;H64;H1,,day,range_or_status,institutional_or_compound
FGDC-135,83f003b4162eea672434585518199cb60d25db3d1e962e8d2f87cc5b485cad70,held,pass,H67;H64;H1,,day,range_or_status,institutional_or_compound
FGDC-1350,d1573251edd4ad2863587a81ae99ca7c6218dca05d158f39125651ca5277766b,held,pass,H67;H64;H1,,day,range_or_status,institutional_or_compound
FGDC-1351,4973cd403f489fa1508a7ec5925e8143a414f5104953a0e9ec09a49b8bbf7cb3,held,pass,H67;H64;H1,,day,range_or_status,institutional_or_compound
FGDC-1352,5b6fe218dcf800fbb668e6da0c5d75589679508dd0576552f16009cf46d61745,held,pass,H67;H64;H1,,day,range_or_status,institutional_or_compound
FGDC-1353,14095a86e29d9b53c78a46e61c15ccd9dbd8118da674f756968aea369f59b5ee,held,pass,H67;H64;H1,,day,range_or_status,institutional_or_compound
FGDC-1354,16041d37803ea2306217c500a3e11b33ea60c021d52350d45107455485381571,held,pass,H67;H64;H1,,day,range_or_status,institutional_or_compound
FGDC-1355,0304245b46f2f9669d7284f4e98c683667d4cb1a4352b7b7d1a04586d8e26d47,held,pass,H67;H64;H1,,day,range_or_status,institutional_or_compound
FGDC-1356,f3d5e635509b83c6b3da9999db262871d5a0409177c0010f07bb93d923fd0f82,held,pass,H67;H64;H1,,day,range_or_status,institutional_or_compound
FGDC-1357,7bb2c5070f4e6410e90d97ec1a63227218a1d48f08d4421c9184d456393f51f2,held,pass,H67;H64;H1,,day,range_or_status,institutional_or_compound
FGDC-1358,15a84ce0e6c4024137a5a35cb0b4a78afb799124a33db3b9af2f45da90126297,held,pass,H67;H64;H1,,day,range_or_status,institutional_or_compound
FGDC-1359,d897d09a92e020b9967b6fd4914dfcaf69b42636711cb2ed51ecb2cdb7c2c1de,held,pass,H67;H64;H1,,day,range_or_status,institutional_or_compound
FGDC-136,951fb8ce878dd567bdd860ce182c28b834fd1684f656149367b35d37c6589f9b,held,pass,H67;H68,,day,range_or_status,institutional_or_compound
FGDC-1360,dda9cfd7b91b6dbb8cf2a65f4598bac87ae74e2c02d8e2f13d8d56fff42c8679,held,pass,H67;H64;H1,,day,range_or_status,institutional_or_compound
FGDC-1361,1629f435733cd5a5bd76b9d83ff326a7ccc96a8c7665c0b39bd32518abc17cad,held,pass,H67;H64;H1,,day,range_or_status,institutional_or_compound
FGDC-1362,17c76655686e7e2bcb382aba877321c34cfead95f663b3a36af33aaa1bea645f,held,pass,H67;H64;H1,,day,range_or_status,institutional_or_compound
FGDC-1363,f1e1d0c47c4ac57099fdf6c4c003a12f73ec0725db739d74e5acf3fe3b0b0ec8,held,pass,H67;H64;H1,,day,range_or_status,institutional_or_compound
FGDC-1364,3b14f96923ee92e92b9cc625422a422eed940189c192fb0bbabe17f9d6cf7d38,held,pass,H67;H64;H1,,day,range_or_status,institutional_or_compound
FGDC-1365,9b4875097c3d752b4820cf41e536f6ede31e213a29a5fc29c5c4c56b8193b713,held,pass,H67;H64;H1,,day,range_or_status,institutional_or_compound
FGDC-1366,1ce7545c8222542a6f2f0f5a9c98942faad760d0a46f779fcf08cca0566c6e49,held,pass,H67;H64;H1,,day,range_or_status,institutional_or_compound
FGDC-1367,e302dcebf9c3720c4898323335641da616f3276f2b88601b48aa70eee97276d1,held,pass,H67;H64;H1,,day,range_or_status,institutional_or_compound
FGDC-1368,60620e8450d8b0e5a359be2ffb4620b16211273db95afff12d5bc878c641154f,held,pass,H67;H64;H1,,day,range_or_status,institutional_or_compound
FGDC-1369,a570e8a44d0d9919343df59d1d2c0b677b42d263a4759578f1aca97aa84bce8d,held,held,H67;H64;H11;H41,,day,range_or_status,institutional_or_compound
FGDC-137,3d3805b1490335f80f87fbeafef53459851e3b9a34f84b6895247f867f072da5,held,pass,H67;H68,,day,other,institutional_or_compound
FGDC-1370,ef77902a2fbaed34ff1eab5a797e19bdb2f6aee1684d31e77353b83b7b8cc1c5,held,pass,H67;H64;H1,,day,range_or_status,institutional_or_compound
FGDC-1371,0e3b82d887c3e27a5e0b6b9e06be1b50eccdb26b78e71d9e5a7967b1b2a1e81e,held,pass,H67;H64;H1,,day,range_or_status,institutional_or_compound
FGDC-1372,0d4e7ebe4c2844de8a99a2c72dd83121f59de8c8ad34d6efca5f3dfb9e196686,held,pass,H67;H64;H1,,day,range_or_status,institutional_or_compound
FGDC-1373,90ef74f6f6159681f8c46cb94b3b3962f3b5f9b047366d180fb67318308204ec,held,pass,H67;H64;H1,,day,range_or_status,institutional_or_compound
FGDC-1374,96824ea4b55592740ce73c111964c7851ca089d7acd2d48a985170b67f16db2a,held,pass,H67;H64;H1,,day,range_or_status,institutional_or_compound
FGDC-1375,fae8a85747f86f11d6ca69c4899737f0a56f7886c24614f12bf0859b1265fed6,held,pass,H67;H64;H1,,day,range_or_status,institutional_or_compound
FGDC-1376,ef08896dd506f48e6bd057b04343b2604c99b193ce4a567e6d96abbe78a28472,held,pass,H67;H64;H1,,day,range_or_status,institutional_or_compound
FGDC-1377,a27e3dbbe7fbd32bd6e157a3c30d8f928418e4f4a81b3268aa9d2a91c3149232,held,pass,H67;H64;H1,,day,range_or_status,institutional_or_compound
FGDC-1378,5c0d5ca203224c98f0774fab0d0fcd168821396bce45b75e2e79226a0a60f6c2,held,pass,H67;H64;H1,,day,range_or_status,institutional_or_compound
FGDC-1379,2c1974877c8ec59733d2588cb6274df86d48aa5953454346960fc3972c3f23a8,held,pass,H67;H64;H1,,day,range_or_status,institutional_or_compound
FGDC-138,df51a0338524860a9ca06271ef6881db4fb73dfd3e48f8e918e5fa9f18354802,held,pass,H67;H68,,day,other,institutional_or_compound
FGDC-1380,ea8d934642bf15ed8a5c4e0e1d816eaa824ddaa2bc5c1ca228c174e4b823102f,held,pass,H67;H64;H1,,day,range_or_status,institutional_or_compound
FGDC-1381,80c29aaa64e8575920ed6d25c31fd2128c4f317ee3101c92cdc7ea431db25b33,held,pass,H67;H64;H1,,day,range_or_status,institutional_or_compound
FGDC-1382,ff05e9a04f1f257b9aa6f9b9a50377200be90f9c5dcd81444ce9ac5ebb21c0ae,held,pass,H67;H64;H1,,day,range_or_status,institutional_or_compound
FGDC-1383,ef60c4fd538ae0ebad095a468a5377c2c0d26270a2bb1c58c413a74b9ac62097,held,pass,H67;H64;H1,,day,range_or_status,institutional_or_compound
FGDC-1384,4c914fc453c931e30521b68322e4bfecffc4ad0df292e2929df84c76a19fb3cc,held,pass,H67;H64;H1,,day,range_or_status,institutional_or_compound
FGDC-1385,9764373608b1bc75a98d405ae42a4a3bee58789882b4217cda35f297de5ddaf6,held,pass,H67;H64;H1,,day,range_or_status,institutional_or_compound
FGDC-1386,b5644366cf6b9aaca3107c69d9899de6f7ab5d36b30788228fd692e38e5c9eed,held,pass,H67;H64;H1,,day,range_or_status,institutional_or_compound
FGDC-1387,8c0ac4ba01180c533631b244d06abd2150eb85de05011f5b60397ec61be45f9c,held,pass,H67;H64;H1,,day,range_or_status,institutional_or_compound
FGDC-1388,a360b1dd8d48a8828932519a4306d68f5dd99f74eb048a48608b3beece708a11,held,pass,H67;H64;H1,,day,range_or_status,institutional_or_compound
FGDC-1389,1cd4ccedeac7ba487ea2247903703f6f8b838d43836feb2b3bfcbdd4b1b9277f,held,pass,H67;H64;H1,,day,other,institutional_or_compound
FGDC-139,f6b93f21b68f38ef197b76eb590ee56dd6e8bd68e6b03abd673205120fc2f90c,held,pass,H67;H68,,day,other,institutional_or_compound
FGDC-1390,e9df8a52f0212f576bc0ac061a65750cfe8e49fb3eb424d9731765651632a5da,held,pass,H67;H64;H3,,day,range_or_status,institutional_or_compound
FGDC-1391,f03251e0ba9fabf6f41ef41e680a78c593161b1c2413489143d3243ae77beaec,held,pass,H67;H64;H1,,day,range_or_status,institutional_or_compound
FGDC-1392,796531da8ce52b53a4091410c4f1935540d530174debda5ce9927389086f5269,held,pass,H67;H64;H1,,day,range_or_status,institutional_or_compound
FGDC-1393,19956a8a84a3060607364fe7a50e85e3393cf4fa1bf6fc9f7aa5521ae7547a1c,held,pass,H67;H64;H1,,day,range_or_status,institutional_or_compound
FGDC-1394,8002d0fe74bf6f097c67c22b2fb700198baad9bd39476f7c8f4c34627b4be7b2,held,pass,H67;H64;H1,,day,range_or_status,institutional_or_compound
FGDC-1395,8dc7e97a29c064e023b8288b1e5e4370207b887e2a7ebfd2b37c4bbb45f4f614,held,pass,H67;H64;H1,,day,range_or_status,institutional_or_compound
FGDC-1396,a0a396473c6aa16c05e758f3e7f619469dbf24c357293d474af6380c1b0afcf0,held,pass,H67;H64;H1,,day,range_or_status,institutional_or_compound
FGDC-1397,5d648da3b685724509dfc70707b38001d070e631a43981d70d7eb2b521da392d,held,pass,H67;H64;H1,,day,range_or_status,institutional_or_compound
FGDC-1398,7257052eb7a7327b6bf0662a2b0fa234bb31227dce14e5a291d27d7fd80b9bf2,held,pass,H67;H64;H1,,day,range_or_status,institutional_or_compound
FGDC-1399,97522cc616e047dd7036ebb530cab2807e269dc039c921c2b304e8eed96180ea,held,pass,H67;H64;H1,,day,range_or_status,institutional_or_compound
FGDC-14,8341b9a7eb0ec219042493f0b6a684fabc838ca70ba5fa2b74201a4fa69df424,held,pass,H67;H64;H1,,day,other,institutional_or_compound
FGDC-140,9cff638ee408cd9e71d464f92fe4a2134ac413f798af637651df2dddf0082a16,held,pass,H67;H68,,day,other,institutional_or_compound
FGDC-1400,c3d48f7357bd3b45ab568da4a0c53b37ae4e6fb6d4c9ecfb13b2b2f06b1eb25f,held,pass,H67;H64;H1,,day,range_or_status,institutional_or_compound
FGDC-1401,1cedb23d605d4a56640387955af6d0044575729261f8b0e87a6aa7ad174b0f41,held,pass,H67;H64;H1,,day,range_or_status,institutional_or_compound
FGDC-1402,b754b508f9dbd8c075c9421c7ee4a2198448a70f367005c954095ca695456e3c,held,pass,H67;H64;H1,,day,range_or_status,institutional_or_compound
FGDC-1403,a936ad6e86ce9743f233a4ccc40cece75c072c072d0081134555609382f3ffc5,held,pass,H67;H64;H1,,day,range_or_status,institutional_or_compound
FGDC-1404,928b4840244ecdce368ff53bd96ffbe640e773c216fd6ee493f47c67562d85cf,held,pass,H67;H64;H1,,day,range_or_status,institutional_or_compound
FGDC-1405,7130e2ae90f68e201b1e8991d1f347fe7fd822cea043a51011f1de235a91fb14,held,pass,H67;H64;H1,,day,range_or_status,institutional_or_compound
FGDC-1406,f2d29fac80a575c08bfcf3c995b3b88d162b05c170a55f9d88714ca7f6effc5f,held,pass,H67;H64;H1,,day,range_or_status,institutional_or_compound
FGDC-1407,7135af643e6e009c0775238052849032234d8eca21d86bbf09b94f1cef6ae408,held,pass,H67;H64;H1,,day,range_or_status,institutional_or_compound
FGDC-1408,26ac182bf09179953b93a6a1a37598a5ef992717d85de820cee4e8dec0ffc2ab,held,pass,H67;H64;H1,,day,range_or_status,institutional_or_compound
FGDC-1409,7f1b5f784f573fafc7000e5c3d6fa0abb7e2a5540633679a9ccfbbfd6876f0ca,held,pass,H67;H64;H1,,day,range_or_status,institutional_or_compound
FGDC-141,3f53f9d0d1d49631ccb6c2885312d3282870c32bd392abe57bd035f8cc139b27,held,pass,H67;H3,,day,other,institutional_or_compound
FGDC-1410,99b630a23fbe25094e1a025e95743021be809830a362a1857e1ad8d46159ed51,held,pass,H67;H64;H1,,day,range_or_status,institutional_or_compound
FGDC-1411,041dec89d7587942639d9736c2b4035054ecb50ac0ed40f1b631e22b5836b29f,held,pass,H67;H64;H1,,day,range_or_status,institutional_or_compound
FGDC-1412,1a12e0a7a030014b7def1015d4e1128b5e0f08042291c5ee34999360e3ed729b,held,pass,H67;H64;H1,,day,range_or_status,institutional_or_compound
FGDC-1413,b807487f2f389463b34a51ee0e1dc13863c5eed135722a170e9b3321f604fcb3,held,pass,H67;H64;H1,,day,range_or_status,institutional_or_compound
FGDC-1414,16471dde01f636d733796ed59590bb9e17e36f43ffdefd499622627b90d181e3,held,pass,H67;H64;H1,,day,range_or_status,institutional_or_compound
FGDC-1415,8c0be449e4341dc384d308bf72fd759207d135b2980be1c947e6a6a0ccfeaf9d,held,pass,H67;H64;H1,,day,range_or_status,institutional_or_compound
FGDC-1416,a8beed4e46e41daf721c2bef1b55208245bb42731f69d86e43f09f6cbb10332c,held,pass,H67;H64;H1,,day,range_or_status,institutional_or_compound
FGDC-1417,b6d28d4c5680d7265297970323d8257c6460a92aa8d0c5d99b2b19a3fc7b558a,held,pass,H67;H64;H1,,day,range_or_status,institutional_or_compound
FGDC-1418,abd2323a4c84141cdc64a91bd2090c6c18864630820e96b429635ac037018bc1,held,pass,H67;H64;H1,,day,range_or_status,institutional_or_compound
FGDC-1419,55012c15dc164027b20b3ded0bbd0775ca9bf4d5c0e3a04b6b0945d8c7569d20,held,pass,H67;H64;H1,,day,range_or_status,institutional_or_compound
FGDC-142,333d4cbecfdf0df89c1e6dedbeb96107e5f9ec87327c28b6f6669fd9c1e9a67f,held,pass,H67;H68,,day,range_or_status,institutional_or_compound
FGDC-1420,eacf2ae38580a8f82f1d8a5d839c5065602b8d79d1aa4d1449d6b7b817c8ac44,held,pass,H67;H64;H1,,day,range_or_status,institutional_or_compound
FGDC-1421,2c6e7ec8e07b45832c928fc85761b236795819b45869960262346c193deee8c4,held,pass,H67;H64;H1,,day,range_or_status,institutional_or_compound
FGDC-1422,3e6506b58ffab3498f5a9c7411d6d25dc12101374d7c44ebc5c612d4d9804a58,held,not_constructed,H67;H64;H66;H65,,unsupported,range_or_status,institutional_or_compound
FGDC-1423,872710e1c650b9a1d28b775bbc4e51466c0328849bd59d781ae127b2c1269890,held,not_constructed,H67;H64;H66;H65,,unsupported,range_or_status,institutional_or_compound
FGDC-1424,586cf7146ec3351af744fa9d97771a1e7513eeaec005925bad94c0f4433885e7,held,pass,H67;H3,,day,range_or_status,personal_or_unknown
FGDC-1425,985af58e453ee17ce19f534760b92cb42b7008765cce0913def80724c312f7af,held,pass,H67;H64;H1,,day,range_or_status,institutional_or_compound
FGDC-1426,a8a504ea7ea60a967ba754c6e3149a608a9bff52d6d2f0aefdd571caa008b0ea,held,pass,H67;H64;H1,,day,range_or_status,institutional_or_compound
FGDC-1427,ade0afaea67bb7d7d4877dc5a67d05599b046c1180c0330fe6c3cc19a9041018,held,pass,H67;H64;H1,,day,range_or_status,institutional_or_compound
FGDC-1428,1645622ebae46cb50b74b70a41d2661386a5f3c58f341b527520a0b71244a931,held,pass,H67;H64;H1,,day,range_or_status,institutional_or_compound
FGDC-1429,19c730c4bd34d52b414d361e1fda958fcd2f0c7e36bf367c52e7fac962de5b19,held,pass,H67;H64;H1,,day,range_or_status,institutional_or_compound
FGDC-143,6fd5cba36e18472934cc1ab8e8d58537ef2c41bcc13a41c25bd27c69aadf359b,held,pass,H67;H3,,day,other,institutional_or_compound
FGDC-1430,0cfb5ca0cdebd515a25ece22f50ff1b36d8ce4dcad4752ad52360a19c01e0d9b,held,pass,H67;H64;H1,,day,range_or_status,institutional_or_compound
FGDC-1431,961a7926b9a6409f06de3306623b19a67781754a43cbe458e4f590ed8eeafb6a,held,pass,H67;H64;H1,,day,range_or_status,institutional_or_compound
FGDC-1432,03bd9a3075c5101035f39de0ce1e763fba71adca4165f19a4ab38db70fcf6a73,held,pass,H67;H64;H1,,day,range_or_status,institutional_or_compound
FGDC-1433,ca1eeb40f37cc48aa92f117ea909c642c44ef80f53b0528c841ab4583bd36374,held,pass,H67;H64;H1,,day,range_or_status,institutional_or_compound
FGDC-1434,35810f0677f82170568a6eef70650d09b89097397ecaca2c8d78e86a186df451,held,pass,H67;H64;H1,,day,range_or_status,institutional_or_compound
FGDC-1435,dae668833e2913fe79c918d308a3ffbda8025633103d039309d2f26938469930,held,pass,H67;H64;H1,,day,range_or_status,institutional_or_compound
FGDC-1436,b6a74984751fad340130cd9b5331f3133b3428b87ce9377dfd0edc678bdcc105,held,pass,H67;H64;H1,,day,range_or_status,institutional_or_compound
FGDC-1437,afb019a5014f1c1bfcc76d4f7a0d7e349dbe08a1187220f217db1cc24f750511,held,pass,H67;H64;H1,,day,range_or_status,institutional_or_compound
FGDC-1438,999b4c0005785998d5db3e488c36b177ca67afe8dcf4692e30fcab0b76754a01,held,pass,H67;H64;H1,,day,range_or_status,institutional_or_compound
FGDC-1439,708c27f754c3ebd48f36e07b5ec05e4ea12fa66e3cf41d23202d66e8ca6bcf47,held,pass,H67;H64;H1,,day,range_or_status,institutional_or_compound
FGDC-144,429e9aa940c21f71d8b7edc9847e09ecd2d0ba0948455e3aa228cca4815b3318,held,pass,H67;H68,,day,other,institutional_or_compound
FGDC-1440,93c5b6721bee538cc5b52f3d5ed2081bbbf2ce3692e2489f472466e6be12deff,held,pass,H67;H64;H1,,day,range_or_status,institutional_or_compound
FGDC-1441,5aaab188daa570e66e81d6a250d11245a5e9d42a668a2b22745d1d9280d80f35,held,pass,H67;H64;H1,,day,range_or_status,institutional_or_compound
FGDC-1442,103e6d39118c8c8c00b434d221a14c754d5eef0148659676cd62a9e98d04decb,held,pass,H67;H64;H1,,day,range_or_status,institutional_or_compound
FGDC-1443,c1e5f2975e78aa7a400ba0ee21d7070e7b50d1acca9a80beccaea2db8f43baf2,held,pass,H67;H64;H1,,day,range_or_status,institutional_or_compound
FGDC-1444,8ab0d73ea684e96ccb6b700a4b7353de51855ff58328a70f442908c765bea08f,held,pass,H67;H64;H1,,day,range_or_status,institutional_or_compound
FGDC-1445,efe91e44d7d81e982f0343edd73f25987215eaacdde7dff1d64a9d1368edb051,held,pass,H67;H64;H1,,day,range_or_status,institutional_or_compound
FGDC-1446,729b16e3348c9cc86a59b9c0dc520c98060aa47dd45d08f9329e5566bed6e2f9,held,pass,H67;H64;H1,,day,range_or_status,institutional_or_compound
FGDC-1447,7c89c571eb8d441cd247298f0ff7de4186ce3b396a6b60c546826130e6caef61,held,held,H67;H64;H24;H54,,day,range_or_status,institutional_or_compound
FGDC-1448,800670b6c0f97bf452b1c43ecc7622c3b79867f0e4201bcf52f10a26b4522656,held,pass,H67;H64;H1,,day,range_or_status,institutional_or_compound
FGDC-1449,9479dba63d9f2092bd60cd29f1ef3ae3abb6026fa5adf1adabb5ea16f9f7bd41,held,pass,H67;H64;H1,,day,range_or_status,institutional_or_compound
FGDC-145,1fcaaf093f44cd59cc4ef1ba66e7fc5e54f06c8324eb44f81544596f267c840b,held,pass,H67;H68,,day,range_or_status,institutional_or_compound
FGDC-1450,b99baa81c4eeb0eb3028fb8910f317b38cf392895fd403f16ff892ce91797737,held,pass,H67;H64;H1,,day,range_or_status,institutional_or_compound
FGDC-1451,c5db1f8c7f75a66491a4543608e93071561a2b1d8be7acc529755bd6f0c82e32,held,pass,H67;H64;H1,,day,range_or_status,institutional_or_compound
FGDC-1452,287aea55e04285db457db49ce05e0dc1fa55c2694f8e6bb3eb1d470bb12ec35b,held,pass,H67;H64;H1,,day,range_or_status,institutional_or_compound
FGDC-1453,ab41526cef283b3958b197cc80fd7fe0ad1df1ca12afa302a1132e7f35279da2,held,pass,H67;H64;H1,,day,range_or_status,institutional_or_compound
FGDC-1454,34fcba3e23bfbc7f325e5bc6685c1e7b9949062aa635111fb49c59cb493b98ff,held,pass,H67;H64;H1,,day,range_or_status,institutional_or_compound
FGDC-1455,92f2a480f374b5a5e80a52d4a25dbd6eab0e782c7ef4dc4664a6ed79a2798bfa,held,pass,H67;H64;H1,,day,range_or_status,institutional_or_compound
FGDC-1456,725c470bad494e8eb39ee28e5dccbe70233cbec92bb9f6cebb8c2f6859c7e3c2,held,pass,H67;H64;H1,,day,range_or_status,institutional_or_compound
FGDC-1457,ca87c59b49cefe29b5d8e91bf65e1ce6af1dbc0000b1c7cf09a4adb9481c7af2,held,pass,H67;H64;H1,,day,range_or_status,institutional_or_compound
FGDC-1458,1b8d72add4b5217c2e926be9cccf4837fbd5bdc48cc143db5c2b70d3a16b9440,held,held,H67;H64;H5;H35,,day,range_or_status,institutional_or_compound
FGDC-1459,800668a6b202f7e3a49e0b060eb7c73a7e015643e8b1cad99ade7d7efcd519fb,held,pass,H67;H64;H1,,day,range_or_status,institutional_or_compound
FGDC-146,7d3367a35d4e004fa4d4d38c8173fdeb486fa00503c4dd9bd4d312deb8bb4488,held,pass,H67;H64;H1,,day,range_or_status,institutional_or_compound
FGDC-1460,e73062a1833ddba5f846ab4d7e9d1a010c3681663990a971a60d895b979f3b6f,held,pass,H67;H64;H1,,day,range_or_status,institutional_or_compound
FGDC-1461,5c58a88e675fc16def30923089bb04d0ad7bce03ba74feb3dfbb899257ae3f88,held,pass,H67;H64;H1,,day,range_or_status,institutional_or_compound
FGDC-1462,71d72d5dd25f3bd6e1b715dab33cdddbb3e3164de9eb14324129faac45e7c0d8,held,pass,H67;H64;H1,,day,range_or_status,institutional_or_compound
FGDC-1463,9ac7d4880f402fc35045cdaa32a3bf0d086c547658d8b5b51ae92668de0628fc,held,pass,H67;H64;H1,,day,range_or_status,institutional_or_compound
FGDC-1464,b325d311bedd9dc92e26309e4c3dc80d6e5692689e52073d8beb5b53641226e1,held,pass,H67;H64;H1,,day,range_or_status,institutional_or_compound
FGDC-1465,f3cc34028e87caae2d3bdfd791157230c113265c3c2ede83cecc0967dff8aed5,held,pass,H67;H64;H1,,day,range_or_status,institutional_or_compound
FGDC-1466,c51a66b0d54c181ab4c347003da6fe4d7ef0057a2a29fba56bef6a7e83e301a5,held,pass,H67;H64;H1,,day,range_or_status,institutional_or_compound
FGDC-1467,1a3dac19e349249696451429c04b3c7947c52111a3db7236d05aab4a1778a4e1,held,pass,H67;H64;H1,,day,range_or_status,institutional_or_compound
FGDC-1468,e190333afadb489af62fcc239341976769aa9ac590195e3f5f8cc554d58a4b4e,held,pass,H67;H64;H1,,day,range_or_status,institutional_or_compound
FGDC-1469,88b8facfae4a8d073223c6673a2d1eaf147373443a4b755744d1f30b7b3ae7a6,held,pass,H67;H64;H1,,day,range_or_status,institutional_or_compound
FGDC-147,9a671a903090516be3000a1b5e295aa192a8c52cd19c2882ad035fac91d9c50a,held,pass,H67;H68,,day,range_or_status,institutional_or_compound
FGDC-1470,a23a33fecbf4c7a493486251999a8aca1aca4b827270a68ec11c550380e3f702,held,pass,H67;H64;H1,,day,range_or_status,institutional_or_compound
FGDC-1471,1c3eecf35c151010966be6f2a6855cacc8280056e557b18d12970e65e81e5766,held,pass,H67;H64;H1,,day,range_or_status,institutional_or_compound
FGDC-1472,cf0fff7d3765ebb82f3ca76b5e66c35d5b7340af234f172ab40cc2b8502088e1,held,pass,H67;H64;H1,,day,range_or_status,institutional_or_compound
FGDC-1473,7a2b840712db021976224738df30d7b289d2be806983aaf53ba1a39cbf2bef0f,held,pass,H67;H64;H1,,day,range_or_status,institutional_or_compound
FGDC-1474,e00d4308503445045b1ee3b22270091363bf532c917fdf6c278dce3161b700b0,held,pass,H67;H64;H1,,day,range_or_status,institutional_or_compound
FGDC-1475,cd4914dd98462724c90406750828c7bb7e746008f1a8f2f114cb4a320e0364e0,held,pass,H67;H64;H1,,day,range_or_status,institutional_or_compound
FGDC-1476,180a26c81b83c2a2fdacb1e90812a5ed614733895df5acb5e5548e6c9ed31b4b,held,pass,H67;H64;H1,,day,range_or_status,institutional_or_compound
FGDC-1477,94f06c7280b1d4574d81b68964b21ff3fac20fb5fc98fa14780319b4df86ec4a,held,pass,H67;H64;H1,,day,range_or_status,institutional_or_compound
FGDC-1478,66941b57c476e341f7503e9210fd075e8e6d4cf9e0fe19764dfe9074716c4987,held,pass,H67;H64;H1,,day,range_or_status,institutional_or_compound
FGDC-1479,7005a069ef7c32369fcb34b9967b28abb8d93f2b75da91d9b42c595620cc359b,held,pass,H67;H64;H1,,day,range_or_status,institutional_or_compound
FGDC-148,e90228c966207e778e17bd5afad56d26adb1be2c72a52a3e08de32dca2e33167,held,pass,H67;H3,,day,range_or_status,institutional_or_compound
FGDC-1480,528b15387c92b83fcd4fd066cffa6e9b87f742dcbfa0095dd8d364a141ca76e7,held,pass,H67;H64;H1,,day,range_or_status,institutional_or_compound
FGDC-1481,c46466ae6bb73bac681b4a5949a3eeeb68925937036b4030a25f8cc9597f8b30,held,pass,H67;H64;H1,,day,range_or_status,institutional_or_compound
FGDC-1482,a6028b4dece18478695cec74b9457f0b492cf80cb3e153cc61688a873dce1b0b,held,pass,H67;H64;H1,,day,range_or_status,institutional_or_compound
FGDC-1483,5e7e1722aa776a32f82582350b6aebdf7c84c984d5db434d6c5ec3af89f2a9b2,held,pass,H67;H64;H1,,day,range_or_status,institutional_or_compound
FGDC-1484,9c79d8edb335c47024a8c187640a078910fa143403decb12c24e15fb5dec645a,held,pass,H67;H64;H1,,day,range_or_status,institutional_or_compound
FGDC-1485,e8f5fc79fc68e46e32da6a792fb2aea31217391786a4076170581cb40203fe55,held,pass,H67;H64;H1,,day,range_or_status,institutional_or_compound
FGDC-1486,0a6c5c06b258690c5b7c48b0e14ccd08ee38940808f28b748dccea0f0578d88e,held,pass,H67;H64;H1,,day,range_or_status,institutional_or_compound
FGDC-1487,bb5ffa131d70c4131eb9fe6934be8955dd25494e0a81776276db4e5fa228eba9,held,pass,H67;H64;H1,,day,range_or_status,institutional_or_compound
FGDC-1488,96d417489b39a27cdd9fd061c64c9b7e82e0970ba6f4047467606d40f55c3218,held,pass,H67;H64;H1,,day,range_or_status,institutional_or_compound
FGDC-1489,ea756391a3aae96f9fa869aa84e5a2469e8d8da00fe22955179a1dd772c33d02,held,pass,H67;H64;H1,,day,range_or_status,institutional_or_compound
FGDC-149,1281866aa4b12ca153fc810d19c5bf87ba0d9148e3bf6d23de1eec52ff6477a1,held,pass,H67;H68,,day,range_or_status,institutional_or_compound
FGDC-1490,f9b6c8be40dacd7e43ffe8bc65486b8fdf384ec037229994caf8c358b5d8c4f8,held,pass,H67;H64;H1,,day,range_or_status,institutional_or_compound
FGDC-1491,657715ec2b684ab983755f46f9bbc057165882e7fe56a2f3bd7b8647f96c7cec,held,pass,H67;H64;H1,,day,range_or_status,institutional_or_compound
FGDC-1492,cb657b43edcc7b8f0c329c7597871c2d1ebfd69a1263ff9df295d81e99fe8010,held,pass,H67;H64;H1,,day,range_or_status,institutional_or_compound
FGDC-1493,65849493c0d786b598e90b646e9d26e741b2bb393874e43757514f76747cf04f,held,pass,H67;H64;H1,,day,range_or_status,institutional_or_compound
FGDC-1494,2f563d8a349b6976902272b2d68a5469781dabfd7f745e43ccb56a0895853320,held,pass,H67;H64;H1,,day,range_or_status,institutional_or_compound
FGDC-1495,5da93e0b4eb0cbc5d2d5e7ffbac056a21640c293ef7b86a9377a0e0ab666c427,held,pass,H67;H64;H1,,day,range_or_status,institutional_or_compound
FGDC-1496,03de355d460f284d5e576a82c665bc2796c09897a74ebabb5c8b0ef5c6f101a0,held,pass,H67;H64;H1,,day,range_or_status,institutional_or_compound
FGDC-1497,e84642097f3d44fc587d24ffb5448fab007f992048398c534aeae8362463f6f4,held,pass,H67;H64;H1,,day,range_or_status,institutional_or_compound
FGDC-1498,c84160681cbbf7f019f8662d98c7ec8c6359cf2eb2313a4f46780a44e411c52e,held,pass,H67;H64;H1,,day,range_or_status,institutional_or_compound
FGDC-1499,3270a580b116c45edb5af8a43a96c4440efe7d6ea194f2f51d6aef0ef27ed006,held,pass,H67;H64;H1,,day,range_or_status,institutional_or_compound
FGDC-15,03f0fbceb0512a20016e97f4d322a93acdd2902478326500b3011190289e5b31,held,pass,H67;H64;H1,,day,range_or_status,institutional_or_compound
FGDC-150,e3ef4ca9223f78d79b6d10421da674e6fbbabee1e7a8ea8af4cfbf484c814df0,held,pass,H67;H68,,day,other,institutional_or_compound
FGDC-1500,487ac5dbfb1df0435f06551707185109dc27be4d44304878e03dc32c709127a0,held,pass,H67;H64;H1,,day,range_or_status,institutional_or_compound
FGDC-1501,bcc99f3c9c11448907344c398991caabb1b43ecc9c78721803e78332f8fc668f,held,pass,H67;H64;H1,,day,range_or_status,institutional_or_compound
FGDC-1502,b2f088f4b3b87d5eea47f873cd2de6321c54df6aef8875624c325cf4898ebaab,held,pass,H67;H64;H1,,day,range_or_status,institutional_or_compound
FGDC-1503,75cab5a978a9b91adf89e124856aa916ad0259550447127c1f7e240446b0ab30,held,pass,H67;H64;H1,,day,range_or_status,institutional_or_compound
FGDC-1504,0a3562a18453116dc7fc76f032bfd1b1aa72749511dc017798994ceddcd2d5fa,held,pass,H67;H64;H1,,day,range_or_status,institutional_or_compound
FGDC-1505,423173cbc6bd7b94349e51fd9e6c9847525f453193c7390d1034a5c2c7adeb62,held,pass,H67;H64;H1,,day,range_or_status,institutional_or_compound
FGDC-1506,0f0d49755b349ac4544a6bbdc8f859d0b82f0aa7ba53e89ff87d36f66557cba4,held,pass,H67;H64;H1,,day,range_or_status,institutional_or_compound
FGDC-1507,1fed1960cc86c93120155f75376ac0f6a638a983f5083da90d55b448c85e1606,held,pass,H67;H64;H1,,day,range_or_status,institutional_or_compound
FGDC-1508,cce0769a2afc65600f75a9bb9cf7227cb8dafba8753dc909649bcb9077f8d3d4,held,pass,H67;H64;H1,,day,range_or_status,institutional_or_compound
FGDC-1509,8d9470cd2d24741e82df14e21c3ae9a52462a4ae852f972f4ce1e3ff6496ee4c,held,pass,H67;H64;H1,,day,range_or_status,institutional_or_compound
FGDC-151,f7d30f6babc42022b4e68b8cd762fe7bef0eef1019f1f2631b55fcd1e3a23b38,held,pass,H67;H3,,day,range_or_status,institutional_or_compound
FGDC-1510,9908facc52096cb5fb39349e2e8947a2500611e9d68618ed63b12742179459c1,held,pass,H67;H64;H1,,day,range_or_status,institutional_or_compound
FGDC-1511,ab4b48df24b59629db44225425fb8674a667cd64a84476a741f10c11316a4666,held,pass,H67;H64;H1,,day,range_or_status,institutional_or_compound
FGDC-1512,998dc9229489ffdc5ba9d1a2ef5a02ca43ace7607b6365e8f15f998ea062ec82,held,pass,H67;H64;H1,,day,range_or_status,institutional_or_compound
FGDC-1513,a61831ace5519265b142c878360a1da1c9cbafa3160b9b52a9f8dab27de1f1b1,held,pass,H67;H64;H1,,day,range_or_status,institutional_or_compound
FGDC-1514,e238bf4634141e2914b07e404a34372aa0098b0eba0196ecfb3604357ef35f78,held,pass,H67;H64;H1,,day,range_or_status,institutional_or_compound
FGDC-1515,be7caf12a04464e6dd4471c8c409fe5a0af026f6e0ca95dd1145591bff110063,held,pass,H67;H64;H1,,day,range_or_status,institutional_or_compound
FGDC-1516,c03e8685712774682c4388d58733238c1a696ea465a51e83960484acf3cd1044,held,pass,H67;H64;H1,,day,range_or_status,institutional_or_compound
FGDC-1517,c126874039ff531bad6d29197ff80b80d9773cbb4f111d37480a82d91df2431a,held,pass,H67;H64;H1,,day,range_or_status,institutional_or_compound
FGDC-1518,5d7ab32050a041a60ce4bb57b6b4dcf5be7a73821b9c9ebc681ccaf0974c937b,held,pass,H67;H64;H1,,day,range_or_status,institutional_or_compound
FGDC-1519,27d61f80e48421a186a268229aedd0f560da3519d833ea3d2e486f786258db8c,held,pass,H67;H64;H1,,day,range_or_status,institutional_or_compound
FGDC-152,76ebbad60140de9a3fa166319ef040560c733fdc7f8bba934d11a223eea815b6,held,pass,H67;H3,,day,other,personal_or_unknown
FGDC-1520,cd1f64f0a22e4857c1ddb78efa159a0b1498fea302762650a8b80f8c820db25b,held,pass,H67;H64;H1,,day,range_or_status,institutional_or_compound
FGDC-1521,caebc59b07d7dbfce60af0769890533036455f7efabb97407f16d7baef24d790,held,pass,H67;H64;H1,,day,range_or_status,institutional_or_compound
FGDC-1522,f156b3a250f84894b3bb6e212df6b02b22af932344d4934b4441cb56482389e0,held,pass,H67;H64;H1,,day,range_or_status,institutional_or_compound
FGDC-1523,50c74379d87c3c8fd3506fcdc227a4bd6fa0607a3ee74bcff6386b4a218cdbbf,held,pass,H67;H64;H1,,day,range_or_status,institutional_or_compound
FGDC-1524,a772b15d6840d520dc6766b11bc7bb1264cfb226ac483c5481f0d56dde961513,held,pass,H67;H64;H1,,day,range_or_status,institutional_or_compound
FGDC-1525,602a3a80bd72f4d79b109ef63304d4428f347a6cdcffcb9e460b63e165d1ed5c,held,pass,H67;H64;H1,,day,range_or_status,institutional_or_compound
FGDC-1526,c9952bdbea5f0e3e9e35273406be949f12b16b58e64dfc97b5100fb30e5dae4d,held,pass,H67;H64;H1,,day,range_or_status,institutional_or_compound
FGDC-1527,d6d9879210275ba4c0f3f5887661a531ed36490bf7cc94a8a668185c4ce6aa5c,held,pass,H67;H64;H1,,day,range_or_status,institutional_or_compound
FGDC-1528,82ff47318506b665bab951b71f5765271f35c3074b330c5c05d4b482a36f0e4d,held,pass,H67;H64;H1,,day,range_or_status,institutional_or_compound
FGDC-1529,d9fed8ecc691041ed13b548ff27572459d92a1ad31f61cf1ae2083ac58ba92aa,held,pass,H67;H64;H1,,day,range_or_status,institutional_or_compound
FGDC-153,f4b3532d249fe8d64781ec9eecf61654bf8814275ecdb635144fdc31694b597d,held,pass,H67;H68,,day,other,institutional_or_compound
FGDC-1530,2d99f234510330752d4f36afe3d29e03dd8f71b97c394472348f763df8179b38,held,pass,H67;H64;H1,,day,range_or_status,institutional_or_compound
FGDC-1531,248b1463810d515b930c4bd2ad2bec7d22a30bb335411f50bdd689481082bb9f,held,pass,H67;H64;H1,,day,range_or_status,institutional_or_compound
FGDC-1532,ec43f70eb0174a867540a4c8bc2ffb87b898175db4841d5bb3ad52fb4108ef44,held,pass,H67;H3,,day,other,personal_or_unknown
FGDC-1533,31104a869016633f036f1140510e598dd8f90c974bd4fc12582ef24d832f27e8,held,pass,H67;H64;H1,,day,range_or_status,institutional_or_compound
FGDC-1534,f4a01a856d6194d1a2d80d9c7d9e8dad3128397ab9cc7259f847821011ae7886,held,pass,H67;H64;H1,,day,range_or_status,institutional_or_compound
FGDC-1535,65859c5cf4d4a30e823af598ebd81e0d03911f68b36e923ea214feec57f71c4a,held,pass,H67;H64;H1,,day,range_or_status,institutional_or_compound
FGDC-1536,593cba50dd65a1099c7a9081ddad8592fe5baa29765b4f5521b9a55da63ed175,held,pass,H67;H64;H1,,day,range_or_status,institutional_or_compound
FGDC-1537,2996b3f20a13fcc4ae4afd9624c30f80a902d7a561b482bedc918bc973fd0add,held,pass,H67;H64;H1,,day,range_or_status,institutional_or_compound
FGDC-1538,ca7e6fbf67e6c362769bf8b43d2e58cdbf039e3b2eef98ff579e0bd16138a756,held,pass,H67;H64;H1,,day,range_or_status,institutional_or_compound
FGDC-1539,2d49dee68fd7f4c3624f044bc22edb9458662ec736563c4e2cb7ff9010b84374,held,pass,H67;H64;H1,,day,range_or_status,institutional_or_compound
FGDC-154,a2e6ae8d4a2ea97884b07baf9298c04922281c9fd42759d77269f7d4add9dc5a,held,pass,H67;H68,,day,range_or_status,institutional_or_compound
FGDC-1540,516a97b072909746bbf0571c14bb3fc12a8f125480c2f2097324bac38fdd6802,held,pass,H67;H64;H1,,day,range_or_status,institutional_or_compound
FGDC-1541,ccb06a73c07a8e2eeba9c24a1f50f1d908242721fa9949afc15e9cdf52bc4e79,held,pass,H67;H64;H1,,day,range_or_status,institutional_or_compound
FGDC-1542,a6ccc9692ef4000a5fb84c4d5c68b97b24bdf4d7b684dcf46b911955e9d89eeb,held,pass,H67;H64;H1,,day,range_or_status,institutional_or_compound
FGDC-1543,ba436e92a639fae7605b9a04cbd69b9d0872752992cebc071cfe861d31893a5a,held,pass,H67;H64;H1,,day,range_or_status,institutional_or_compound
FGDC-1544,5d484a698a7825fa914c21e37a956ff60945ef01fe38ac47733b59452c9c89db,held,pass,H67;H64;H1,,day,range_or_status,institutional_or_compound
FGDC-1545,b77fd9a87d59aad219e9560d29d6aab42eab4cb34f26afc4e83a52bbfe377920,held,pass,H67;H64;H1,,day,range_or_status,institutional_or_compound
FGDC-1546,b6cbab115e1a1caa892de029c0f9b1160d8a971ae0cad489a83c40ceb40a44f8,held,pass,H67;H64;H1,,day,range_or_status,institutional_or_compound
FGDC-1547,a3bddb6958bb44c9a23ca64b603f68fb782eee346a2267f248efddbe6a676293,held,pass,H67;H64;H1,,day,range_or_status,institutional_or_compound
FGDC-1548,dd61ea072736b30a9612be44b1a216a265f5e713ff1e5b281d6afb925e04721c,held,pass,H67;H64;H1,,day,range_or_status,institutional_or_compound
FGDC-1549,ffa27418153b4f4427d91687c06f1c1166ab8792544a75be2d62dd6776c66df6,held,pass,H67;H64;H1,,day,range_or_status,institutional_or_compound
FGDC-155,8eb723c74b64ca9d8e2e6cc6a703513e65fac2a2eb3d122c236e76f33b28da50,held,pass,H67;H68,,day,range_or_status,institutional_or_compound
FGDC-1550,0e80cbdefd3ffe9e3fefa8b804cbb3b07343608236b8c69f8364f895beaf4dff,held,pass,H67;H64;H1,,day,range_or_status,institutional_or_compound
FGDC-1551,56781e04e960b069fe81e3fac1102046762ea65821beeab2065526be7117ffe5,held,pass,H67;H64;H1,,day,range_or_status,institutional_or_compound
FGDC-1552,166d25850a9b12284705d4eae7e3952414746f5ae9fb8d40071b13e978624a77,held,pass,H67;H64;H1,,day,range_or_status,institutional_or_compound
FGDC-1553,3b9a4e3ca971e4dd68a8bcbe0e08e8273f8a41929e65ee69d1390f443a81e28a,held,pass,H67;H64;H1,,day,range_or_status,institutional_or_compound
FGDC-1554,5670d3f090edf8fee7116a8c11a2158d1efc6788893a8329d4f4e8c430621721,held,pass,H67;H64;H1,,day,range_or_status,institutional_or_compound
FGDC-1555,ced9d8f04fa3f5a4d9548753a273f27c2b14d33d1be737a3d053bf831cf7e614,held,pass,H67;H64;H1,,day,range_or_status,institutional_or_compound
FGDC-1556,379403e625355927763a3a8fc897a8f7818b525063c13282235daada2a0e574d,held,pass,H67;H64;H1,,day,range_or_status,institutional_or_compound
FGDC-1557,98e459fee3841eff3fc327df41309995556b2416b0ac932bf12cc4c0507d2dc9,held,pass,H67;H64;H1,,day,range_or_status,institutional_or_compound
FGDC-1558,05b24ea72e3c1c10d74523e1b79de46a48936a4d37b529370470fe4c12ac11a7,held,pass,H67;H64;H1,,day,range_or_status,institutional_or_compound
FGDC-1559,1db350701d95d5739caa55fe67e112fb43ee052c0c32d873b34bf8642eddcc66,held,pass,H67;H64;H1,,day,range_or_status,institutional_or_compound
FGDC-156,6889b0d92aec7695bb8513d0c5885018e74ad89d1a53e02df1ec5b148e210fce,held,pass,H67;H64;H1,,day,range_or_status,institutional_or_compound
FGDC-1560,75e567b91e53f5ef1bd97d62511a642f0f70b95a19756798f2c739db40e796b1,held,pass,H67;H64;H1,,day,range_or_status,institutional_or_compound
FGDC-1561,90704d5071c6b87080bf53c895632f69824a927d73b3dcd2fb46264a3d6d5900,held,pass,H67;H64;H1,,day,range_or_status,institutional_or_compound
FGDC-1562,89fa1cb829756e4bb73f59c7fb9cb1ec5a3e2c1a9678002a692b5a260a9279b2,held,pass,H67;H64;H1,,day,range_or_status,institutional_or_compound
FGDC-1563,8b75041abaa405ef9c2f6fdcfdaafcc1111eff5148d0b08c29c8ce898734e314,held,pass,H67;H64;H1,,day,range_or_status,institutional_or_compound
FGDC-1564,d7fa42cc4c984a1845abca42a481c724a79d4acb4bfb7953943797c79246ff6b,held,pass,H67;H64;H1,,day,range_or_status,institutional_or_compound
FGDC-1565,737b7ae98a9074735560a7e76ce914c334f8baaedc00e206c7a436977deea2bc,held,pass,H67;H64;H1,,day,range_or_status,institutional_or_compound
FGDC-1566,a4cd18de9d834c665205ce99f6dc176d4809d877e3d68a357f3ba8562dd1c71b,held,pass,H67;H64;H1,,day,range_or_status,institutional_or_compound
FGDC-1567,f597bd8bbbc17c89de16e1aca40daf31bd722192198dc90e99e3a6e2af043c42,held,pass,H67;H64;H1,,day,range_or_status,institutional_or_compound
FGDC-1568,b90226cae6f30cf31b6a7424f7f0616aea7a427a24387694b9a5d75604e6a0be,held,pass,H67;H64;H1,,day,range_or_status,institutional_or_compound
FGDC-1569,417d4f38d0c55eaadb1f68341b345a87b4e80fd3965388f4a1c0c049581bea4e,held,pass,H67;H64;H1,,day,range_or_status,institutional_or_compound
FGDC-157,fd83f4e73745c6fcc2541082ce801b8b9a615a100d007b2e31e43ce54e648b9f,held,pass,H67;H68,,day,range_or_status,institutional_or_compound
FGDC-1570,e1ae2fa4ddfbac91bf06cfc50a171a181a6837b7876d3025c0753291364d1588,held,pass,H67;H64;H1,,day,range_or_status,institutional_or_compound
FGDC-1571,f5bade58407942ba27523bb04418ed24b8b99d709ab6b0d14ab7d02ab25b9208,held,pass,H67;H64;H1,,day,range_or_status,institutional_or_compound
FGDC-1572,c0293e4ad5db1d157b97ab9edda4a172764f94dcdbcbeb668e38c6d0cd182155,held,pass,H67;H64;H1,,day,range_or_status,institutional_or_compound
FGDC-1573,e4e3495593e6ebc605dc882834f0ef62bd884c2445cd8fb2235ab154f87a1ad2,held,pass,H67;H64;H1,,day,range_or_status,institutional_or_compound
FGDC-1574,7cdf66700df6a4aa65bda9977341fd8d37532a9f728638d8202f23db3c835f27,held,pass,H67;H64;H1,,day,range_or_status,institutional_or_compound
FGDC-1575,badbb9f7878a5d84304cb7d228a3d609dbc4a61470e3a7d3c1f1aaf3a3659283,held,pass,H67;H64;H1,,day,range_or_status,institutional_or_compound
FGDC-1576,8a36a8bc8ad4d0fae80ee2457b58dd4c4174e9714f363e636120980ea64b82f6,held,pass,H67;H64;H1,,day,range_or_status,institutional_or_compound
FGDC-1577,5f296599138386b49bd9d9afd21b3d2e3e03f705ffec884d368919ae21f01e3c,held,pass,H67;H64;H1,,day,range_or_status,institutional_or_compound
FGDC-1578,b3a548519db9d4442fafcdfd9d04f56ea17d224be2e0c0893a6f542bb61d7485,held,pass,H67;H64;H1,,day,range_or_status,institutional_or_compound
FGDC-1579,7f2d2c114cdd1252bfcbbdd8bff248945ef706bc7d2ab31c2bd31d1ca270ec61,held,pass,H67;H64;H1,,day,range_or_status,institutional_or_compound
FGDC-158,e1bbbf405271c8826d5d0717273de7517d8c1566e7e0b7509e19b04f2a457ba7,held,pass,H67;H68,,day,range_or_status,institutional_or_compound
FGDC-1580,011fcca430cd66f30514755836da4aeeb30601cfc72cab16ca526ed1bc8766bb,held,pass,H67;H64;H1,,day,range_or_status,institutional_or_compound
FGDC-1581,0e9aed3a4ae35fcfdd2e449aa68f2193af23794546caa35b262179f441a80f11,held,pass,H67;H64;H1,,day,range_or_status,institutional_or_compound
FGDC-1582,8595d182aca60cac66191bac610f0b1d6fc43adc64a358fdde80fef596be67e3,held,pass,H67;H64;H1,,day,range_or_status,institutional_or_compound
FGDC-1583,c8126be6981e327ffa06bb79f26df999450dd07eec64713f2352620b2e91348b,held,pass,H67;H64;H1,,day,range_or_status,institutional_or_compound
FGDC-1584,531811404ab9fe1a4a2acbfbcc477877ba79f47e2647cb9fc09491fc7c5f1360,held,pass,H67;H64;H1,,day,range_or_status,institutional_or_compound
FGDC-1585,4eea2d81b1acf71b7ba80af3ad4086c7cc60100b456ef0c5c8d4b4108c5315f4,held,pass,H67;H64;H1,,day,range_or_status,institutional_or_compound
FGDC-1586,b6adf987ce97365435bbfb03785a16f296769816baa2168415612591399ac870,held,pass,H67;H64;H1,,day,range_or_status,institutional_or_compound
FGDC-1587,90a2525b6fee06092be274d1da67d408e60d6caa155abbc22a131e6cba2863cd,held,pass,H67;H64;H1,,day,range_or_status,institutional_or_compound
FGDC-1588,97b29b0fc7926ed117a4268cdd7d45682a7d32be9f4402c391cddaffb2154140,held,pass,H67;H64;H1,,day,range_or_status,institutional_or_compound
FGDC-1589,fbef212a2c25a1f6a1ac3e209e94f5888f0cf9b9c7f54b17d91337d39eea44fe,held,pass,H67;H64;H1,,day,range_or_status,institutional_or_compound
FGDC-159,8decaaf4513b4df42956265c5e8460a4ed6f6b9b9f2d598976c56bcb25ad36f7,held,pass,H67;H68,,day,range_or_status,institutional_or_compound
FGDC-1590,dab8db9545b18c7d320549395bde4a3f00be268e143ae0e93e7b1507db274fd8,held,pass,H67;H64;H1,,day,range_or_status,institutional_or_compound
FGDC-1591,6d83fce32e5cd340bf650188455268a86c7664e96efdd588b6c9f4e22afe9dd0,held,pass,H67;H64;H1,,day,range_or_status,institutional_or_compound
FGDC-1592,d469f59e2a0130503f7249c99e44cb9a60f66e6ddd23d5b1ec2d1e24d2be584b,held,pass,H67;H64;H1,,day,range_or_status,institutional_or_compound
FGDC-1593,540af2046fd3318b9d84cf729d4d1d53a17917b35dc568337293024dba379278,held,pass,H67;H64;H1,,day,range_or_status,institutional_or_compound
FGDC-1594,db0eba005aabb1e4c6198d59661ddcfea6226f4a791a866a8e267f7f7ee1546c,held,pass,H67;H64;H1,,day,range_or_status,institutional_or_compound
FGDC-1595,790f1fc533129d9cece539ddce0d80061d4ddc6a0e0eac5719cd4b3707dab227,held,pass,H67;H64;H1,,day,range_or_status,institutional_or_compound
FGDC-1596,f7a98265eec791f4a2bb41af5922fdbbf2df37e506c45eadc23cf2beba970729,held,pass,H67;H64;H1,,day,range_or_status,institutional_or_compound
FGDC-1597,19fb1cc8dc978642a399028fe6c3813a4f0cefcd9af16cdf119c5a4a565c3c18,held,pass,H67;H64;H1,,day,range_or_status,institutional_or_compound
FGDC-1598,6970890514b4101c3738c69c45a508fa4773a1f994ccfe43c24f36605613a2b4,held,pass,H67;H64;H1,,day,range_or_status,institutional_or_compound
FGDC-1599,daf87f1b52fc571add4dd3f03745787dd18706127bef5b2055a2d2e9d50150ce,held,pass,H67;H64;H1,,day,range_or_status,institutional_or_compound
FGDC-16,a4a4246519809eceffe52f57a9b856ddf4c7cc13adb3ceec1714fc3f1bde11f1,held,pass,H67;H64;H1,,day,other,institutional_or_compound
FGDC-160,26a480b834e3801ff25adc85039ccf19277a6f713c1dd2b5e08000e54e31fb32,held,pass,H67;H68,,day,range_or_status,institutional_or_compound
FGDC-1600,d49c5d0837a859b95710bb56b7965af72840ccb3d6ba8890042473967d27b84e,held,pass,H67;H64;H1,,day,range_or_status,institutional_or_compound
FGDC-1601,4f7debafe0277a36aa6be4d26912d9cab9c21b58f77e49aad4c4489bffdfbb08,held,pass,H67;H64;H1,,day,range_or_status,institutional_or_compound
FGDC-1602,80180170041f50130f3038c1aaba40ec8f105ed70c579050e6f4b0709d84102a,held,pass,H67;H64;H1,,day,range_or_status,institutional_or_compound
FGDC-1603,7801844f8577c6ef308657d6c391359ca396614812eb6a3c0da5d565f71219ee,held,pass,H67;H64;H1,,day,range_or_status,institutional_or_compound
FGDC-1604,de584b7d597c7551b305d767830f70e68c586c0efc7438bd5567e6f7be5519a9,held,pass,H67;H64;H1,,day,range_or_status,institutional_or_compound
FGDC-1605,5fe9ea49078a6f5ea7734b12cba67692d435d0550ad3a9aa5d1014dec8a652be,held,pass,H67;H64;H1,,day,range_or_status,institutional_or_compound
FGDC-1606,9a24b75847c8f1c72da03727ac3550302e22432c88727e902f6d40c4f8d28fee,held,pass,H67;H64;H1,,day,range_or_status,institutional_or_compound
FGDC-1607,ff920c1d60c176630c6d7077950089c1fe8243396942d51a0fe95dc9781cd137,held,pass,H67;H64;H1,,day,range_or_status,institutional_or_compound
FGDC-1608,0a3c31325245f03dcc43f5846cca79a6fcded3cfa6ab65def5919e541cacc003,held,pass,H67;H64;H1,,day,range_or_status,institutional_or_compound
FGDC-1609,52437ed64c6f58841560fcd6697b37acf8f9eb80db113c22c64502a88edcce2e,held,pass,H67;H64;H1,,day,range_or_status,institutional_or_compound
FGDC-161,74fff7bd53ab7f50e92adba8a2c73afd67c9a328907f6ebfb7c48931e6b2aeee,held,pass,H67;H68,,day,range_or_status,institutional_or_compound
FGDC-1610,ceb03b07691e7b136384e8fb5e831703368bbf9c349080b31cb3bcc215bf5374,held,pass,H67;H64;H1,,day,range_or_status,institutional_or_compound
FGDC-1611,21ab00d9b36bb0144a4ba8be8035eb151b8d8ebb04a32bad29401245d3aaf326,held,pass,H67;H64;H1,,day,range_or_status,institutional_or_compound
FGDC-1612,1fb153ccff39496009109113c621e6c24eca20175ef958612aca9a8e8aaec6a0,held,pass,H67;H64;H1,,day,range_or_status,institutional_or_compound
FGDC-1613,69dd38872a8657558d94f3a18570836fb6afacb457993241f839784c4e183606,held,pass,H67;H64;H1,,day,range_or_status,institutional_or_compound
FGDC-1614,8324134881eebaec65a7ecc639e992da237b708c20550ed77573b08115dc0d01,held,pass,H67;H64;H1,,day,range_or_status,institutional_or_compound
FGDC-1615,2cea4ed33c3e9c6597a00c86fb7e24e3dc6624e81ce5f35dcd870e687cf9a1cf,held,pass,H67;H64;H1,,day,range_or_status,institutional_or_compound
FGDC-1616,cf535f7e24011b3e95b98b782a660b20ff9596b25df7079206249c3077284438,held,pass,H67;H64;H1,,day,range_or_status,institutional_or_compound
FGDC-1617,8b007bd0db66002314aa793d99ea83b78b7334d9e9df2d4dad21d741753967b8,held,pass,H67;H64;H1,,day,range_or_status,institutional_or_compound
FGDC-1618,aeb9d0a5069d222a40e2f080e13297b732974936d282d1439633b9ba8f314237,held,pass,H67;H64;H1,,day,range_or_status,institutional_or_compound
FGDC-1619,55b7bcf20df2b0f7ec6d54c92afefc5162db92935fd9c113c16de7ece24266be,held,pass,H67;H64;H1,,day,range_or_status,institutional_or_compound
FGDC-162,f7b20aa3874aeb0db772a1e61b42d2a688832cdde6a18d9e9ac1e1321cfd7c88,held,pass,H67;H68,,day,range_or_status,institutional_or_compound
FGDC-1620,b07e16e38c9d7ba085d36e2531322458286b1586ebe7eba9fb126a8316d3fb44,held,pass,H67;H64;H1,,day,range_or_status,institutional_or_compound
FGDC-1621,ac2200c0a7ed93e85b400f2409cd70b56bde86733f5d40179ce0a9cfabc95495,held,pass,H67;H64;H1,,day,range_or_status,institutional_or_compound
FGDC-1622,7044f25a56ac3c8e487a17db4953cbafad87874e93eabdf4488123ec9991f9e3,held,pass,H67;H64;H1,,day,range_or_status,institutional_or_compound
FGDC-1623,51a50ee3a9ad61c0149acb114becfd0c90ba5f37f02a925f43e6cd9612aee3bd,held,pass,H67;H64;H1,,day,range_or_status,institutional_or_compound
FGDC-1624,7ea42a93ee6a15bb09f25ece7e0e59db01cf58e98cd49c3f58a8a4c48b7f7855,held,pass,H67;H64;H1,,day,range_or_status,institutional_or_compound
FGDC-1625,056c22609227bb05ee6a6834b21b10b28270e41a786056e9ec1ebf22175c14e5,held,pass,H67;H64;H1,,day,range_or_status,institutional_or_compound
FGDC-1626,34679b097139375f81d5aa8b478180301b19b6af2720a3c2a432a5989ecc5cff,held,pass,H67;H64;H1,,day,range_or_status,institutional_or_compound
FGDC-1627,e265a43b918e6e9d64ccc5626be1b145b9156014f1a4c1004d523bbd510f64e4,held,pass,H67;H64;H1,,day,range_or_status,institutional_or_compound
FGDC-1628,6d5fa4a73c20c5bc581f30244fd7d17a30bbc59fe94d5769baa95826e77e9bdc,held,pass,H67;H64;H1,,day,range_or_status,institutional_or_compound
FGDC-1629,e48f6f41003e5c48939f06ef8fd8f23df3946da9580791418dc9520bb0c26406,held,pass,H67;H64;H1,,day,range_or_status,institutional_or_compound
FGDC-163,d196a2d7ecc3e18086d488bd6b437151be228ead3e8d947360f55f5edca0b465,held,pass,H67;H68,,day,range_or_status,institutional_or_compound
FGDC-1630,5bf1d7c4ad28c685f335725a82640902abc110f84100f139e02c3af6d7fc768c,held,pass,H67;H64;H1,,day,range_or_status,institutional_or_compound
FGDC-1631,4a853bbb3496fdf0d98f2def5ebeaaa8e65bd5502bef8c3fe06d7c703d5dd53f,held,pass,H67;H64;H1,,day,range_or_status,institutional_or_compound
FGDC-1632,b255cbba71472ac94ea338ccd1dc753bb1ac1ee564090f377467ac8dfe5ac31f,held,pass,H67;H64;H1,,day,range_or_status,institutional_or_compound
FGDC-1633,2cf64f49af33ae06fac794b5643f96e37ac38e23a7c144dbf3f851b78a16af1a,held,pass,H67;H64;H1,,day,range_or_status,institutional_or_compound
FGDC-1634,3904295c5c8729c4d48aa48919402479c1f1a880193c06588bb3fac467c72bee,held,pass,H67;H64;H1,,day,range_or_status,institutional_or_compound
FGDC-1635,7ffb1afacac6c70f0e3adfe57492820e0d224da1f42a16a7cf3836015064f508,held,pass,H67;H64;H1,,day,range_or_status,institutional_or_compound
FGDC-1636,22f452630ef572064ae16051f3637db16d57cd2bc96dbd0685d2b65473311730,held,pass,H67;H64;H1,,day,range_or_status,institutional_or_compound
FGDC-1637,a380d315fb9c3231b6c6a37480306ae84037dec663668c8867c471c6205da600,held,pass,H67;H64;H1,,day,range_or_status,institutional_or_compound
FGDC-1638,8f1a8817fa418f63f5962519ea39f20acc52337437e192c2c7fed1b5a7ec1604,held,pass,H67;H64;H1,,day,range_or_status,institutional_or_compound
FGDC-1639,dec084a78a838a3191d908976c93f96c32ce5c1bb606c3d7b154ca185d5abc73,held,pass,H67;H64;H1,,day,range_or_status,institutional_or_compound
FGDC-164,1fde5e57c0b05b299e583f5c24c2f7b6006e7cc3f9e6e5d85f4b580e69e012e3,held,pass,H67;H68,,day,range_or_status,institutional_or_compound
FGDC-1640,4591c02bafe868532407d03d830e82effc057e1ee20ff52d7a7d71c440c45f8d,held,pass,H67;H64;H1,,day,range_or_status,institutional_or_compound
FGDC-1641,f0f7be54510521e9493a221287b2e7f4330cb13d2b1cc95975e21a1527bc4a03,held,pass,H67;H64;H1,,day,range_or_status,institutional_or_compound
FGDC-1642,94d174616b64bf4468dff4f533f68800af2ba4aea0b2519bca76a511c9225408,held,pass,H67;H64;H1,,day,range_or_status,institutional_or_compound
FGDC-1643,e47fa7716d05477ec49aa845e6e953f094a3d9379377cfe34c2c9968e4ac41dd,held,pass,H67;H64;H3,,day,other,personal_or_unknown
FGDC-1644,49f6ce7845df02c30b035575494572ec17e4202a4c6f7a7d51c0f11137181ceb,held,held,H67;H64;H20;H50,,day,range_or_status,institutional_or_compound
FGDC-1645,631be881a623a715ddcb64903ec8ae6c06a07be8ca21b6a43b70ba721862fcae,held,pass,H67;H64;H1,,day,range_or_status,institutional_or_compound
FGDC-1646,47121f82cc5c2272805b640fc498cec289f7d822eef8072c6e107478afc0b35d,held,pass,H67;H64;H1,,day,range_or_status,institutional_or_compound
FGDC-1647,bed97b66dc411c502b0da136875de2eb09d1aff7bb6c1d8361fcfc012f342555,held,pass,H67;H64;H1,,day,range_or_status,institutional_or_compound
FGDC-1648,04392c5617e2e83415a5856f7ab40eb8c43963c363545885db574de8a39c22d2,held,pass,H67;H64;H1,,day,range_or_status,institutional_or_compound
FGDC-1649,88cfac6ad64f706001ad5a7a7c96fe7fde5e5646a2066bb14637640a98abb553,held,pass,H67;H64;H1,,day,range_or_status,institutional_or_compound
FGDC-165,705f6592c88febea7b6b23cb74843b877386539ee31adcf623b1c7485028b1e4,held,pass,H67;H68,,day,range_or_status,institutional_or_compound
FGDC-1650,c1eecd9cdf890d7124a4aa280557d062cc082de5a8d9e385ab3afa7a6e075a56,held,pass,H67;H64;H1,,day,range_or_status,institutional_or_compound
FGDC-1651,1a3dfe0cf976b1c59555370b6331fe021a4293fd4ec49f6c6644a21256e3ed35,held,pass,H67;H64;H1,,day,range_or_status,institutional_or_compound
FGDC-1652,4018faa8e3f0de9130e5f7bd406840b8a191d23f5a968940c01fdc1857c291ec,held,pass,H67;H64;H1,,day,range_or_status,institutional_or_compound
FGDC-1653,beb2086d1b797bd6448aa7702e452d941250bd0c6f75b8c263511a0e30c4c2b1,held,pass,H67;H64;H1,,day,range_or_status,institutional_or_compound
FGDC-1654,c6188b83479d07120a9f378cf650ab6a45b27d4bae12bde1f8ad29ec4684e493,held,pass,H67;H64;H1,,day,range_or_status,institutional_or_compound
FGDC-1655,7abb3ca934aae9ad78baaa1beaeae863832fc1a19589eb41c1982adf5f4df469,held,held,H67;H64;H21;H51,,day,range_or_status,institutional_or_compound
FGDC-1656,0138c32b91d25e3fd3f9b1412a82207555840cfa3e323841bd3ce6973cbae667,held,pass,H67;H64;H1,,day,range_or_status,institutional_or_compound
FGDC-1657,ad2c5fb37df8bfdc44bac64221a4022f7876a7103555770067c3f1e27c50d7c2,held,pass,H67;H64;H1,,day,range_or_status,institutional_or_compound
FGDC-1658,f0c81a6380bd86657310a24094ad29273afc4b9bd9af898bde30bb9055893ccd,held,pass,H67;H64;H1,,day,range_or_status,institutional_or_compound
FGDC-1659,64171013d1122089ba1e6936dbdb556a72b388d4ea4e8659b356326615b2cf93,held,pass,H67;H64;H1,,day,range_or_status,institutional_or_compound
FGDC-166,07a5b80938f6c216f66cae40b20494d8809440cc8f34a2b4854caabe95234777,held,pass,H67;H68,,day,range_or_status,institutional_or_compound
FGDC-1660,958c1c8d07057d09a0cd1d0a028ff5d38d10b748ccddaf9de6558aceee1b6299,held,pass,H67;H64;H1,,day,range_or_status,institutional_or_compound
FGDC-1661,8cf09aa3e3952b9e45b08ea83dd9de8e3fa893de367c5b60c73dfea94725db75,held,pass,H67;H64;H1,,day,range_or_status,institutional_or_compound
FGDC-1662,3d1697ba0de3ec3f7cd7f0be35c16ff7336335ec06e19daee650085c92150771,held,pass,H67;H64;H1,,day,range_or_status,institutional_or_compound
FGDC-1663,eeb831be56fa939826cbd821848f17830b81da99a8238cb8aec92d7d95a7607f,held,pass,H67;H64;H1,,day,range_or_status,institutional_or_compound
FGDC-1664,08be8548b3589a2c3b0e222de96e9154b8102dcc62df50980cf23bbdfc4ede09,held,pass,H67;H64;H1,,day,range_or_status,institutional_or_compound
FGDC-1665,5f34631d468209c2479058d6cf7a7fb042f9ac7dd8e5f7909562bc5bb5090086,held,pass,H67;H64;H1,,day,range_or_status,institutional_or_compound
FGDC-1666,3516c1be6097296236e9dac2550955a09e0c9973c1da7bcbabb8ce43e1a0b583,held,held,H67;H64;H20;H50,,day,range_or_status,institutional_or_compound
FGDC-1667,bb8f5ed16b47524b1bd554b856120f212a8d3e2c84369d7a934044960c201eeb,held,pass,H67;H64;H1,,day,range_or_status,institutional_or_compound
FGDC-1668,88a8c6b2aca3a1459a9862432e27c433f56a831dbe0291c0a75281339d2800a4,held,pass,H67;H64;H1,,day,range_or_status,institutional_or_compound
FGDC-1669,946e38100a82a85297eca3d6351593296e4788f5be7a6060013341c82bd3084f,held,pass,H67;H64;H1,,day,range_or_status,institutional_or_compound
FGDC-167,e8a5df2522014eed533361f79fff4cbd6f6d5152425d365ccd9bb99ce0202b55,held,pass,H67;H64;H1,,day,range_or_status,institutional_or_compound
FGDC-1670,4bc8f9160aec44f69091a1143a9fda8408d7215cc48ca4006f005cdc0d3f48ed,held,pass,H67;H64;H1,,day,range_or_status,institutional_or_compound
FGDC-1671,ecd163dacbc167f4f7a9fb5db79143da395160462679bb2c2da68fae68958cb6,held,pass,H67;H64;H1,,day,range_or_status,institutional_or_compound
FGDC-1672,1f5b8e5ddcac04676b926e911a47fc8b284929adc39a1154238ff2d4294d7514,held,pass,H67;H64;H1,,day,range_or_status,institutional_or_compound
FGDC-1673,552effa35f0f84656cd4fa20786552d40e1778a888b2f9e4fef3179641ad741f,held,pass,H67;H64;H1,,day,range_or_status,institutional_or_compound
FGDC-1674,2c1701cbcb8954f0996fecfb048fa902db7c2fe461edc5d66486fbc18e897a24,held,pass,H67;H64;H1,,day,range_or_status,institutional_or_compound
FGDC-1675,1fc009ba5316311d630854e1e63c116f00e1a36909a2a423ab293ba79176c051,held,pass,H67;H64;H1,,day,range_or_status,institutional_or_compound
FGDC-1676,f70cc84e778b87a890876b77acf4978c8dd8fbce4bd5590c094fcd5f3c4a0fbc,held,pass,H67;H64;H1,,day,range_or_status,institutional_or_compound
FGDC-1677,0096af2c4e220ef12c8fee685a3a3d6c0defbd682e929dbf3a222526fcb4bd8f,held,held,H67;H64;H20;H50,,day,range_or_status,institutional_or_compound
FGDC-1678,5b08e2df5d3974a72d8e91dba619528903d6f4f44d8ec919b262ad6060766edf,held,pass,H67;H64;H1,,day,range_or_status,institutional_or_compound
FGDC-1679,d52c394f509180af15d794bf21cf19b4469959028a95ef1d2129e49596b4c309,held,pass,H67;H64;H1,,day,range_or_status,institutional_or_compound
FGDC-168,e8cd56e56dc0c905d8f4672207f71ae92b74d6a97c92257373e9922aecc86174,held,pass,H67;H68,,day,range_or_status,institutional_or_compound
FGDC-1680,89d4c112a41d2e25bb007c50d03164a36cb3ed91488db09c1537609177e6d4b3,held,pass,H67;H64;H1,,day,range_or_status,institutional_or_compound
FGDC-1681,d918cff592eae7e5cb19a7d05a4df1410740579dd8f0b40832bb725193858bb8,held,pass,H67;H64;H1,,day,range_or_status,institutional_or_compound
FGDC-1682,067716e7b28bf622689e9eb6a2a22a73bdd8c92688fd217951d9d3858bafc217,held,pass,H67;H64;H1,,day,range_or_status,institutional_or_compound
FGDC-1683,8dd7eb635d9cd487ec1a40e7a65af4bb22257a9b6de2daa5f4215c01033487a5,held,pass,H67;H64;H1,,day,range_or_status,institutional_or_compound
FGDC-1684,f9def4d8993484990706bcb987dec5b1d32b47a0a8e505a721e8942d66a581be,held,pass,H67;H64;H1,,day,range_or_status,institutional_or_compound
FGDC-1685,d555671536b3d5a319f169fe96a7e7fb6f4bb973e204f38194220d2cf7281c27,held,pass,H67;H64;H1,,day,range_or_status,institutional_or_compound
FGDC-1686,c94f944c3a98c53e3415344df392278ddae791e370dbae96235af59439e4457f,held,pass,H67;H64;H1,,day,range_or_status,institutional_or_compound
FGDC-1687,15a6cf2da28d98415f3b87185cbc158e4395908d14ea07742c6f62f724dd6df7,held,pass,H67;H64;H1,,day,range_or_status,institutional_or_compound
FGDC-1688,ab4f2a714caba58c31df0d946b50b50b2969a15edc8f5dc81bce258a4dd308b7,held,pass,H67;H64;H1,,day,range_or_status,institutional_or_compound
FGDC-1689,8b3686614720968e8b91a61eb3b393cfa0e718e7d957804577efea11fabaade6,held,pass,H67;H64;H1,,day,range_or_status,institutional_or_compound
FGDC-169,eb8b4792578ed7a1245065ed879940f624f88342e7cb25036aa69f68410c0833,held,pass,H67;H68,,day,range_or_status,institutional_or_compound
FGDC-1690,8777ad16f3e2ebe0f70d5714248ec0020ce28776539a16bc57a58481a449054b,held,pass,H67;H64;H1,,day,range_or_status,institutional_or_compound
FGDC-1691,38daae7ff29b9718f2da7bcc18cb04c0bb625c35f59d53bad3d96e1f3a856bf4,held,pass,H67;H64;H1,,day,range_or_status,institutional_or_compound
FGDC-1692,3039b9a595d6ef22333d3ca7478775f6c03cc3fdbcac86c8aca3c054779d2292,held,pass,H67;H64;H1,,day,range_or_status,institutional_or_compound
FGDC-1693,400c8b6151cbb0a193c362e48067fb22981daf287e1b07690a30c5613b00f888,held,pass,H67;H64;H1,,day,range_or_status,institutional_or_compound
FGDC-1694,d86727ce650da22655d6f62a25da9fd7851fd8b2eb6408d3d061bb20b3d41cc1,held,pass,H67;H64;H1,,day,range_or_status,institutional_or_compound
FGDC-1695,5f5dd0332021cbf7f3dc9fa54523cc5e01908d355d274a94399c1a306c2d1692,held,pass,H67;H64;H1,,day,range_or_status,institutional_or_compound
FGDC-1696,7c404bc0c0c3587105155c0d67b2e1a4a9b61ea737c57d8bfce7e677ce4bcc46,held,pass,H67;H64;H1,,day,range_or_status,institutional_or_compound
FGDC-1697,389891740c549cb27addeb4e60aa949fc9f567bb376153d6c19906ff03f72d97,held,pass,H67;H64;H1,,day,range_or_status,institutional_or_compound
FGDC-1698,53241759cebb529771763eedd27332a4ccb4c5ea118721cf5a7741d2341911ec,held,pass,H67;H64;H1,,day,range_or_status,institutional_or_compound
FGDC-1699,82be142be5b126c022aeaeddd7d90fadb1d800d15a64eba91d3e39587fc15c81,held,pass,H67;H64;H1,,day,range_or_status,institutional_or_compound
FGDC-17,0afb42c697a1d6828fb45b5f65c8e8cd9542cbec33991c14e42353d8a3a5a52e,held,pass,H67;H64;H3,,day,other,personal_or_unknown
FGDC-170,c4dbc5e6557fc54adf498cb65d18936feef75eaab9ecf007ac8f5ec4ebe9a93b,held,pass,H67;H68,,day,range_or_status,institutional_or_compound
FGDC-1700,6a86408f5ffd12404ced44b308b753f6ecd8bfd0b808b15ac92e450f114da4b7,held,pass,H67;H64;H1,,day,range_or_status,institutional_or_compound
FGDC-1701,4e4ab89855b3eba19a5f88dd3b12fc2b1b25c82496ddc9113e5ba89d9efb03ea,held,pass,H67;H64;H1,,day,range_or_status,institutional_or_compound
FGDC-1702,79459805fcc18cb52649dbd8a3bddf24e20fd428ddf078bd3432069745d60075,held,pass,H67;H64;H1,,day,range_or_status,institutional_or_compound
FGDC-1703,5caa75c845aafe0b7720c86bb23a40d9ad822a267ba1221b564db48bc5c6be3d,held,pass,H67;H64;H1,,day,range_or_status,institutional_or_compound
FGDC-1704,94cc431d617042b14537488284d8bfcaeb707879f9c394c0fd02c42d318fe00c,held,pass,H67;H64;H1,,day,range_or_status,institutional_or_compound
FGDC-1705,c567da6917783e8fcdc18cb608c91926be151b3ac1ed7eaca34c64be121265bd,held,pass,H67;H64;H1,,day,range_or_status,institutional_or_compound
FGDC-1706,765ed0c4d807798784b76bab92a204c73e3641220f5e2eaa024cb9cce2bb3b02,held,pass,H67;H64;H1,,day,range_or_status,institutional_or_compound
FGDC-1707,a639b96869916e0b6a7e1bbb7d241770e8596bf00bc6734be613aa66bd7582ba,held,pass,H67;H64;H1,,day,range_or_status,institutional_or_compound
FGDC-1708,1586012dc93a24c3bebd84a1faa0b16d5aa0c5245bbe1b2883f5c72194aa59b0,held,pass,H67;H64;H1,,day,range_or_status,institutional_or_compound
FGDC-1709,97fb38a1fcefa3f8ac5539c04a40aa849a25fa1c0ca268a46bf128db505307a6,held,pass,H67;H64;H1,,day,range_or_status,institutional_or_compound
FGDC-171,048e4826f3f90aa8b13b6491692054157ef87248b58dab21e95bd04640f629a3,held,pass,H67;H68,,day,range_or_status,institutional_or_compound
FGDC-1710,6338256ee0413e33b192261cfe4c457270e00f18127155eabfb36855c4feb6a2,held,pass,H67;H64;H1,,day,range_or_status,institutional_or_compound
FGDC-1711,7714e83ed90ead372e29feae3a5d33ac6ce89a7dd4d3ee2a6d2978c8971cf820,held,pass,H67;H64;H1,,day,range_or_status,institutional_or_compound
FGDC-1712,9fdcfba28b1b49151a79181ec166857d62bf5de76f9de67c7607fde073e88ad7,held,pass,H67;H64;H1,,day,range_or_status,institutional_or_compound
FGDC-1713,6f99cc19504ba6483be22b1af49ea5774583cc534d81f8c5e5050fead7c7ab6e,held,pass,H67;H64;H1,,day,range_or_status,institutional_or_compound
FGDC-1714,6d5066fa07a298f6ae6764a7d6df2c4d3c70bae4d0be588f10c184037cfb7a32,held,pass,H67;H64;H1,,day,range_or_status,institutional_or_compound
FGDC-1715,b90f112c9a7fe20b349e7145d804bc54a199825cb525638d886a3fb3dbd1e4c6,held,pass,H67;H64;H1,,day,range_or_status,institutional_or_compound
FGDC-1716,33132b2cc4e418bb397ef1e99e982e3316bd76ab928a9e15fcb302f82d8b60c8,held,pass,H67;H64;H1,,day,range_or_status,institutional_or_compound
FGDC-1717,8f8b4e2b95c68a55d0f31cca3287011dcad9002c3d9d1e70993df38846762140,held,pass,H67;H64;H1,,day,range_or_status,institutional_or_compound
FGDC-1718,e46dadee690bafb002c9d7c7894ccd03f4cbb163ea90772570220b405ea5b776,held,pass,H67;H64;H1,,day,range_or_status,institutional_or_compound
FGDC-1719,4672667b7091ea104a6b557070185c4b5e045aa06a18f11abfb51ae15e63e815,held,pass,H67;H64;H1,,day,range_or_status,institutional_or_compound
FGDC-172,9fd233f76b662c7ae472ff873899af5f53d44f5444cef3e7006d35f092c96169,held,pass,H67;H68,,day,other,institutional_or_compound
FGDC-1720,41e0402864e5f7fa2eb9d2f3f8e1eb6ad92ced736951198c6fe8d53ad2f43877,held,pass,H67;H64;H1,,day,range_or_status,institutional_or_compound
FGDC-1721,ef5d2addae041a21ab3830c0e9e70cdb1f2f706284273c2b0185980040ff9fbf,held,pass,H67;H64;H1,,day,range_or_status,institutional_or_compound
FGDC-1722,153746fe541d3856f3d94835d6dd3d13a548bb6b35dcc87bd9780c3cb3bf174b,held,pass,H67;H64;H1,,day,range_or_status,institutional_or_compound
FGDC-1723,5e398fc7db7edf036c44ab7124cf655376ba9d8cbddbab4b15df7cbb6c4b15dc,held,pass,H67;H64;H1,,day,range_or_status,institutional_or_compound
FGDC-1724,0f9d263611994ae9a37d3078c64cfda398942929e40442cc59c4a81a6958f734,held,pass,H67;H64;H1,,day,range_or_status,institutional_or_compound
FGDC-1725,4a7ef9f115c9f253153e8a62b25b492035e14dc411ee85d531e2d6adc48f4c0b,held,pass,H67;H64;H1,,day,range_or_status,institutional_or_compound
FGDC-1726,ed8669d15e650570688dbafb7da6304e343650f39d3b8c384d79c422673b0926,held,pass,H67;H64;H1,,day,range_or_status,institutional_or_compound
FGDC-1727,9fcc29995268628dc5b43f87d7512c46406a7bcbcf18dd3d8776b8603a985d5b,held,pass,H67;H64;H1,,day,range_or_status,institutional_or_compound
FGDC-1728,b973ea0de446481507d14f5fb459b736aee9d00c77b19328d4b9ae91e5abae19,held,pass,H67;H64;H1,,day,range_or_status,institutional_or_compound
FGDC-1729,d3464e98b62a61b0301334a68b71e82760c961127b93f1c37d1a1d76c6497dfd,held,pass,H67;H64;H1,,day,range_or_status,institutional_or_compound
FGDC-173,9cd50bef95f6465c324afd34638aa96798f164cadbe27a47343dd59a6ef6db87,held,pass,H67;H68,,day,range_or_status,institutional_or_compound
FGDC-1730,0adb650acd9df203e8a9f8dd997f8132964a690513cf1c68b6ef0f0bfee3a58d,held,pass,H67;H64;H1,,day,range_or_status,institutional_or_compound
FGDC-1731,b872b2a80280c59b860ee819272c9a39d673313f6bd2e8d1ffef273c69d66237,held,pass,H67;H64;H1,,day,range_or_status,institutional_or_compound
FGDC-1732,3c37ea62274acbcc2d97a5731978380df4b49056b1867a0cf8fe39d2fb476cbe,held,pass,H67;H64;H1,,day,range_or_status,institutional_or_compound
FGDC-1733,92e7171904586d7cc3e8cfa7f5bbc39f636f08aa40c4d21f961272783d101ba6,held,pass,H67;H64;H1,,day,range_or_status,institutional_or_compound
FGDC-1734,a4a4fcf1b16cd4cf6ac6b01d18bf39c78dfc4e9cb7bbc1297af609cabe546d38,held,pass,H67;H64;H1,,day,range_or_status,institutional_or_compound
FGDC-1735,95b6776babe9dd9017006dbf09a5604cf27898fe678c5d6fd3b15cbe32146a72,held,pass,H67;H64;H1,,day,range_or_status,institutional_or_compound
FGDC-1736,c0b7f0d50e586ad6f77562c78e7315475f46ea1ddb89943b7e3bb39c1ef97d6d,held,pass,H67;H64;H1,,day,range_or_status,institutional_or_compound
FGDC-1737,c52d788225adef5e955baadcf3fbd1ef15e55c7b2c6310e4e77a47cd1cfee10a,held,pass,H67;H64;H1,,day,range_or_status,institutional_or_compound
FGDC-1738,4a5bbbc4fdb95421ff0d6b7dba83e327a85cd2498da656c3db8fc953c0629e12,held,pass,H67;H64;H1,,day,range_or_status,institutional_or_compound
FGDC-1739,a4268877f78d5ae811e00ec77b995e99841e89d52fd27c021f90c10829bb7ae6,held,pass,H67;H64;H1,,day,range_or_status,institutional_or_compound
FGDC-174,b98f92e99aeb21251b1811e422c28728b06f683659641e1e9db639807aa6fbec,held,pass,H67;H68,,day,range_or_status,institutional_or_compound
FGDC-1740,3b428003fa2c2d96855998d3155a3a4f2b3c641fc30bc9f8d20b04c558a37d3a,held,pass,H67;H64;H1,,day,range_or_status,institutional_or_compound
FGDC-1741,5faf2f73c1502153d21e05758e241276d1742993628a0a92b3952c03eb59c45d,held,pass,H67;H64;H1,,day,range_or_status,institutional_or_compound
FGDC-1742,9d7f5a5b9439877d5f1e558d18165007db3f4df9f6a8e44644ca21c64bdbed70,held,pass,H67;H64;H1,,day,range_or_status,institutional_or_compound
FGDC-1743,b624de85166a00f0e996493a452158c8bc48aa7adfadd98de703d126eca29b4d,held,pass,H67;H64;H1,,day,range_or_status,institutional_or_compound
FGDC-1744,cc08356435a8e7336f8c6eb19ef23ea8c311c0ecd595bd4da9cb6ffb6468a75e,held,pass,H67;H64;H1,,day,range_or_status,institutional_or_compound
FGDC-1745,cd361aaff4ecaf270a12fe0d619a50adc00e5c7dba5dcf04e728931f9715ce53,held,pass,H67;H64;H1,,day,range_or_status,institutional_or_compound
FGDC-1746,ed90969f5c424c6a031e1f6924051a765f83a103ca930ddd960b13803dbd0609,held,pass,H67;H64;H1,,day,range_or_status,institutional_or_compound
FGDC-1747,ff4860fa7e1c353ed02a3570c50afe06b0c79a4492a6682e734cab0aa76e1482,held,pass,H67;H64;H1,,day,range_or_status,institutional_or_compound
FGDC-1748,a263f5b1ea888e417621973aa18b2bec61d444a753657da88740f2d772ee0e49,held,pass,H67;H64;H1,,day,range_or_status,institutional_or_compound
FGDC-1749,460b45e30952ea2f552748abe4a368e41d33ef0cbc763e741a1e1dca9dc8363b,held,pass,H67;H64;H1,,day,range_or_status,institutional_or_compound
FGDC-175,95ea00a5fd67232f3553a5cdf0687d19a7ef8893ae8e285ed5a785b862b0e1bd,held,pass,H67;H68,,day,range_or_status,institutional_or_compound
FGDC-1750,dd50a022d9454415d940e2fc1573f895c9b5b8f6e1fb68570c0af53e4fe00746,held,pass,H67;H64;H1,,day,range_or_status,institutional_or_compound
FGDC-1751,482695ce16ff655b9dd0ee87f1361fd2f5729bb241ff6e66a508af7eb2513b8c,held,pass,H67;H64;H1,,day,range_or_status,institutional_or_compound
FGDC-1752,1bdaf28a42fd65c8354526c9a529134737030ce3dcabd5de93ccb95c8a2a80fe,held,pass,H67;H68,,day,other,institutional_or_compound
FGDC-1753,f782af27c9a263d72d7306da05846bd84b151490e3f671e8cb0eaecb59e1a817,held,pass,H67;H68,,day,missing,institutional_or_compound
FGDC-1754,2babf14a9257b279419ae9d53830967f6a0cb91de01c11aec6bcbce599eb14a5,held,pass,H67;H3,,day,other,personal_or_unknown
FGDC-1755,706ccf846d2e1335f95182fe8c3d55317c8d261dd1bd6bfe653d510b4b983342,held,pass,H67;H64;H1,,day,range_or_status,institutional_or_compound
FGDC-1756,2e03f7b521adc8b3d1bcf424c8e5991e5e32a2928438071c8f27186d0dc9b4d4,held,pass,H67;H3,,day,missing,institutional_or_compound
FGDC-1757,f3ee2e717baa31c5d87584d04c6e160dfec2910fb01fe883b4564cac2d61c73e,held,pass,H67;H68,,day,range_or_status,institutional_or_compound
FGDC-1758,ecfab2369e32ddf62cf8d80af4fca84d38139e2b8c60b64e9e248a78cdc5fc4c,held,pass,H67;H64;H3,,day,range_or_status,institutional_or_compound
FGDC-1759,151020494a0f106c6f847ba373549c727722aa4a43bea86bb309ae475f1c5431,held,pass,H67;H64;H3,,day,range_or_status,institutional_or_compound
FGDC-176,fc527c974cd8d2a77346cade8bac8d57e6944903b0e3e1f8a5d1365606c62266,held,pass,H67;H68,,day,range_or_status,institutional_or_compound
FGDC-1760,ab551bfe85223743eb3710e287c08b7f43d92fd8790b3bb538e854f701ac7761,held,pass,H67;H64;H3,,day,range_or_status,institutional_or_compound
FGDC-1761,86abe9a1ffb21111cdac225ee2b23bbbb820020a442e966a8e3b23f98a18d6da,held,pass,H67;H64;H3,,day,range_or_status,institutional_or_compound
FGDC-1762,58eefca3d763b7364fbb4a4f8953aa0fcbd61e3a7b83b48b39673e374c3e8e06,held,pass,H67;H64;H3,,day,range_or_status,institutional_or_compound
FGDC-1763,7eec3bd34c36e991ba42d04bb0a4be9705d45dc537b9b981b3a31a813fd40445,held,pass,H67;H64;H3,,day,range_or_status,institutional_or_compound
FGDC-1764,102492e43da39eb218fbe254602ac95ad126cd63b9211381edf25a7daa476762,held,pass,H67;H64;H3,,day,range_or_status,institutional_or_compound
FGDC-1765,44b089b5ef7dc713cd8a352e54df16c1f691e3dbb3040244b3a2fabf98b80a39,held,pass,H67;H3,,day,range_or_status,personal_or_unknown
FGDC-1766,7d19932f82ce4b5f6af40b9227cc0e3341c3e3fd4196a571eb01bb3bc8775a6b,held,pass,H67;H64;H1,,day,range_or_status,institutional_or_compound
FGDC-1767,4c82d4256cc2c3e33d9f31083c99206bbf7a50ea1281344d2e2bf4dfcd78c147,held,pass,H67;H64;H3,,day,range_or_status,personal_or_unknown
FGDC-1768,3064ab24aa667c5a484a2c84873cbdb97205c6f9587fc038cbdaca73fedfc035,held,pass,H67;H68,,day,range_or_status,institutional_or_compound
FGDC-1769,36e2d8ae827dfdca8e5115c0daae02c4088b73f7a0a311890be7c49e20be99db,held,pass,H67;H68,,day,range_or_status,institutional_or_compound
FGDC-177,212da5b6d03e9e8379faf0fb6f8b894dda2e9e70826254188f7f45636936d4a5,held,pass,H67;H68,,day,range_or_status,institutional_or_compound
FGDC-1770,d9a3ebc23ac26962bccd4827e4a79fd74bcd5f01105255155ea24b37dc02835d,held,pass,H67;H64;H1,,day,range_or_status,institutional_or_compound
FGDC-1771,60c70971c0661de2579341111f98dcc0bf529973b217134cf8f24cd56bc9055d,held,pass,H67;H64;H1,,day,range_or_status,institutional_or_compound
FGDC-1772,dbbeb6cd26282686bfe860ce7814b845501cb27fc650ab8cd3458966cb514930,held,pass,H67;H68,,day,range_or_status,institutional_or_compound
FGDC-1773,f061a8960373d6074f3edf8c5471281b88e556e88f92f290526e498d9ab6aa40,held,pass,H67;H68,,day,other,institutional_or_compound
FGDC-1774,eae3ee0d38f9d0b64473285bca7fa8850e848128c43e5dd0a6a10693abad7a78,held,pass,H67;H68,,day,other,institutional_or_compound
FGDC-1775,9d786df08d2496dcb9cdab97cf7223246b206e53aabec2af1bdf0719924dec54,held,pass,H67;H68,,day,other,institutional_or_compound
FGDC-1776,1610db7cf2a17568b01990bbecde045227ab31db4ff7f9600a24b55d0059482e,held,pass,H67;H68,,day,other,institutional_or_compound
FGDC-1777,3c4664a1cca0aaed05cddf88c2d5e3091780430d6ad5c355a745b46e4f5f4d22,held,pass,H67;H64;H1,,day,range_or_status,institutional_or_compound
FGDC-1778,f5374c82215c51bb660fb7ed341ed8527be977c220d1e57a87294f9b2919fbb0,held,pass,H67;H68,,day,other,institutional_or_compound
FGDC-1779,f2d638bac978af1c797af8d756342d1d77f021315bedbf498a66abb1506d297e,held,pass,H67;H64;H1,,day,other,institutional_or_compound
FGDC-178,b8fbc10b7cc3eb10dda3029629aa4f971edeb0d3c51ad6863944ede2268e0d35,held,pass,H67;H64;H1,,day,range_or_status,institutional_or_compound
FGDC-1780,127f3a885673fce0c6fe7e0743d753ea36c701511ca037ac5866d1b25652d67a,held,pass,H67;H64;H1,,day,other,institutional_or_compound
FGDC-1781,f0428ae3aaee56d33c57ddb8a0bbe6ae5344c41c8db9505018586ba9ab46a5ff,held,pass,H67;H64;H1,,day,other,institutional_or_compound
FGDC-1782,fb02359453f7506dad008a480305fa1a521322a680104572dfb0f0b6a2c66165,held,pass,H67;H68,,day,other,institutional_or_compound
FGDC-1783,4de50242e51820facc4f8472edeec2cb8b20b2d5a9c512b743ac9f71b1e27b2f,held,pass,H67;H68,,day,other,institutional_or_compound
FGDC-1784,cfee7cee924fa0d78cf525c92450a16ed18e771bd2093883646ed6c200b25250,held,pass,H67;H68,,day,other,institutional_or_compound
FGDC-1785,aa067bc800c02b3434d65834fd973895c73bd8ad1b86f891e9a88cb606c41644,held,pass,H67;H68,,day,other,institutional_or_compound
FGDC-1786,f2a2abddb5385623c6c4d78867c8ff1a9dce14d3ba0aa63a93bfe01d1d854d5a,held,pass,H67;H68,,day,other,institutional_or_compound
FGDC-1787,5ca591f3e48d5cd1b133665a99b7eb91e3df0b272d43d28a7ddb1e723564bd21,held,pass,H67;H68,,day,other,institutional_or_compound
FGDC-1788,de03d12beb4f034b62321f760489fe653e74d4fd659965363cb3013836a03c40,held,pass,H67;H64;H1,,day,range_or_status,institutional_or_compound
FGDC-1789,2551ee1e399439460cb158b0f3b746d0b969f730baf5996b41a93c722ee1dbc7,held,pass,H67;H3,,day,other,personal_or_unknown
FGDC-179,760d509ac7b283f755082eccfd7d5733727de9bdae749bdd2535c1680c8d34a5,held,pass,H67;H68,,day,range_or_status,institutional_or_compound
FGDC-1790,2c6ddb3d1e144b2ca0169444ec9565f78589d09f924e39c673f9d24339a2d576,held,pass,H67;H64;H1,,day,other,institutional_or_compound
FGDC-1791,eb1082443fa67e1c08bfe580050cf6625879c63a1c2157f2ed0b29bb938d2b31,held,pass,H67;H64;H3,,day,other,personal_or_unknown
FGDC-1792,33f1b412c7a23524772c615f55ae7faed0b2c88497fdb4c4f58432ae07cc831f,held,pass,H67;H64;H1,,day,other,institutional_or_compound
FGDC-1793,0ec90f71d3032cb99d25a0f24a711ab9c062e2d8867e33fc7b10a85ea6764bcd,held,pass,H67;H64;H1,,day,other,institutional_or_compound
FGDC-1794,ec4a4e84019528428a7b0ebc3f0179e63cb66f5a176cd29a14f1c312ba7a69e8,held,pass,H67;H64;H1,,day,other,institutional_or_compound
FGDC-1795,2918d39bfd138c61bd8ec7530e4dcaa71b28358fedf9b9041a8c48e9207e8c22,held,pass,H67;H64;H3,,day,other,institutional_or_compound
FGDC-1796,dda64bad5ae2e51cec2731f65d762cf877005430d25cbba7bb1b52b8d5f9a0a7,held,pass,H67;H64;H1,,day,other,personal_or_unknown
FGDC-1797,84ac20174776f8c65feb8f9becd47ab3585626959b88947d7b15614a53be582a,held,pass,H67;H3,,day,other,institutional_or_compound
FGDC-1798,8f5473c3559d7793f1e83907e3d2eef66a8eb75390a5eed3dba603089e65f788,held,pass,H67;H64;H1,,day,range_or_status,institutional_or_compound
FGDC-1799,11c200a74cb7f1f6eb0590904950d5789d7915f24f07180667cccd182470999a,held,pass,H67;H64;H1,,day,other,institutional_or_compound
FGDC-18,b7f23b62e82f3ecad3882fcc546f374b3d8df5fe63f824a753b9505db58f01f4,held,pass,H67;H64;H1,,day,other,institutional_or_compound
FGDC-180,d1ff142cc09b0c66f706692c2bd0060250bad5d61db63113a56213b5206a5ab8,held,pass,H67;H68,,day,range_or_status,institutional_or_compound
FGDC-1800,7028ba9a632c5aad7c1ee9a97142b9eab382b9fd52ebd494e753acefeaf46dea,held,pass,H67;H64;H3,,day,range_or_status,personal_or_unknown
FGDC-1801,6c2e157e56edb95de06009f9410f34528ee392d8fdeeabb7fe4d6f52b9f8a0e5,held,pass,H67;H64;H1,,day,other,institutional_or_compound
FGDC-1802,ab2b5ceb59432448a1b299c5f8e3a19c14e3bb7182f91473bfc6176bb8e091d8,held,pass,H67;H64;H1,,day,other,institutional_or_compound
FGDC-1803,79bdd83c2e01d264baab7914613e61fe87857c435f1c0eeb130e9993c319e23b,held,pass,H67;H64;H1,,day,range_or_status,institutional_or_compound
FGDC-1804,efc56103c4394b1af07b30f2df838d8c1bd4443434e94c56da3135785e7213f1,held,pass,H67;H68,,day,range_or_status,institutional_or_compound
FGDC-1805,389c13ca0235349b0e060b92d3ea549e2ab81dad37e9b89e78a4249c7463708d,held,pass,H67;H68,,day,range_or_status,institutional_or_compound
FGDC-1806,e820e13c2bdbb054edc9cbe3d767cf7e3eb5afce9f0a770370d9db3bf3bd19f9,held,pass,H67;H68,,day,range_or_status,institutional_or_compound
FGDC-1807,aec303f84be67fe8a5b1e55e665bd082c6f784658e01c16f0d49a466851bf5cf,held,pass,H67;H68,,day,range_or_status,institutional_or_compound
FGDC-1808,9adfaa1f9cd14f884373ee1effe1747243bd9c1e748ded35536ab478bd2da0f9,held,pass,H67;H68,,day,range_or_status,institutional_or_compound
FGDC-1809,f75cfc878d22eaef9618b60c774fe2091345d1debeb1c3fb3787f0aaed361adc,held,pass,H67;H64;H1,,day,range_or_status,institutional_or_compound
FGDC-181,196364bfd7ba9bac2e7ee8a8e45dc508234a36c6d430f4ea60d0ad1b027f6929,held,pass,H67;H68,,day,range_or_status,institutional_or_compound
FGDC-1810,b8a69e2a7573674c765cfad15c46e327d81acb00acac258f7ba14cc03815e2db,held,pass,H67;H68,,day,range_or_status,institutional_or_compound
FGDC-1811,5d2381dd0328d5cd3d4679424d750c82ae0ebc73f31997e5b2d31a3bb638f148,held,pass,H67;H68,,day,range_or_status,institutional_or_compound
FGDC-1812,f75c718887972727e979950afaa5e80a12f631f4b6c85d35a3a2e5cf112fb7ba,held,pass,H67;H68,,day,range_or_status,institutional_or_compound
FGDC-1813,d931a0e5dd01347f39a62911386364a2f5d6aaeed35a359bca3c25c40a5e1904,held,pass,H67;H68,,day,range_or_status,institutional_or_compound
FGDC-1814,69352d2eb408d8635c300fc023e552e420ba4152d6ccdde72714c02c19c4d5f7,held,pass,H67;H68,,day,range_or_status,institutional_or_compound
FGDC-1815,a601335dac0490df4ae7349427027d1f9b62de260ff1b6f4f7c5d9025cdca1c9,held,pass,H67;H68,,day,range_or_status,institutional_or_compound
FGDC-1816,707a8cfe2ad412631f7df00ce19e624b432a356b010196c7dc88b15483b08fd3,held,pass,H67;H68,,day,range_or_status,institutional_or_compound
FGDC-1817,654f3052c78ee4a2f88388b43a5d2b265688a7d075d23e91153bad02f17594bb,held,pass,H67;H68,,day,range_or_status,institutional_or_compound
FGDC-1818,6bb083286f515b5190584bc57d0156bb60316dfc8ce09bafe89acf2bdc4432d9,held,pass,H67;H64;H1,,day,range_or_status,institutional_or_compound
FGDC-1819,6c230a3f17e65f61dc9982dbc187abf25b5dbf29ae73820dbd488d1f0864cc00,held,pass,H67;H64;H1,,day,range_or_status,institutional_or_compound
FGDC-182,679f2f73ba799042e7ba17bbb68eaa49f4e3d9b8c2dcaf7b23e09264d2b8ec2e,held,pass,H67;H68,,day,range_or_status,institutional_or_compound
FGDC-1820,d5559d12e2b653b34f07c944b047ec0d97ccb43904e804014e75ef7cba785733,held,held,H67;H64;H22;H52,,day,range_or_status,institutional_or_compound
FGDC-1821,610ad1ac11d808256eb47200749c98ef649e5eb52ae4ace4410c48130ad30a3f,held,pass,H67;H64;H1,,day,range_or_status,institutional_or_compound
FGDC-1822,7f33c23fff144ef167493fdba50b5fc241d768479fe3dab7df011f916191eec4,held,pass,H67;H64;H1,,day,range_or_status,institutional_or_compound
FGDC-1823,acdebd140e5a478dac3fe20025ee09c74590a2ebe5300fdf93f37ba0f6dec4eb,held,pass,H67;H64;H1,,day,range_or_status,institutional_or_compound
FGDC-1824,b37945fd819789e1923d566074b318814585e199b620e9e61dc98bff21cf3f3f,held,pass,H67;H64;H1,,day,range_or_status,institutional_or_compound
FGDC-1825,6bb36b230c4b06df378922ef7ec7f822c3a28217fd04ec4fd713f20b810e23fe,held,pass,H67;H64;H1,,day,range_or_status,institutional_or_compound
FGDC-1826,a2be460f0b0b95239b534b73e60a783ff7898121dcbfb6988897ee2e0e7c4830,held,pass,H67;H64;H1,,day,range_or_status,institutional_or_compound
FGDC-1827,e85229b28a8fac65ddfe36d50d860a130587efc85d7e626857e1ad9041f9c576,held,pass,H67;H3,,day,range_or_status,personal_or_unknown
FGDC-1828,584d08c0e03afc9ac14700423903e622d90e3d73bfd2e4265ebe29db6019770d,held,pass,H67;H64;H1,,day,range_or_status,institutional_or_compound
FGDC-1829,cea60c46515b43c5da1d9a17337ae2fa06b9a0f6267dd5cff81a8f22eb6ca0b8,held,pass,H67;H68,,day,range_or_status,institutional_or_compound
FGDC-183,f386cb388bf990e8dc7b5e3380e32b55a1bff28046b4259ac48c75e5f872a6e8,held,pass,H67;H64;H1,,day,range_or_status,institutional_or_compound
FGDC-1830,482b4fb8ab077e3af902cfdb9f29cc00a606222e2cf3007d7fb3a54b1737ab68,held,pass,H67;H64;H1,,day,range_or_status,institutional_or_compound
FGDC-1831,a6bde9ed5d53918c90f5c7f574f884d1b134fd8b8cec18d933cbac79cacc7642,held,pass,H67;H64;H1,,day,range_or_status,institutional_or_compound
FGDC-1832,b4511fb267f253adfb3cb727f43806777a483f28e909893f52b4a968a942bf2e,held,pass,H67;H68,,day,range_or_status,institutional_or_compound
FGDC-1833,a430be977fecf55297846a8ac93e176274b280c1c37c023f88289828ee555c14,held,pass,H67;H64;H1,,day,range_or_status,personal_or_unknown
FGDC-1834,899b4cbb10d967ca03c37f41b9a6c021e85afc7c36b9d427161137eb2bc4adbd,held,pass,H67;H64;H1,,day,range_or_status,personal_or_unknown
FGDC-1835,ea99b4692916f6e4459c80731e8bc1409a5ee4c8baa1c2a994c1d64463ed2cfc,held,pass,H67;H64;H1,,day,range_or_status,personal_or_unknown
FGDC-1836,711b4734e0f3000868f387a0127a6c1b7a62060c4cd55e725aaf5c37399e6564,held,pass,H67;H64;H1,,day,range_or_status,personal_or_unknown
FGDC-1837,fa65480867673b855d8d63909b556330f5442deba8f1e42c7c0aa16a2aaa6672,held,pass,H67;H68,,day,other,institutional_or_compound
FGDC-1838,1b0e3bc62077fa92d2f85738109616e11020f7603b988f67719c08fbaf22b5bc,held,pass,H67;H68,,day,other,institutional_or_compound
FGDC-1839,db588248e233bdb0d309ef3387c1f79ed363b94dbcd44a44131f24d4daeecc35,held,pass,H67;H64;H3,,day,ambiguous_122003,institutional_or_compound
FGDC-184,7157c164c06b2ec3e1e824ff74a6907166ed50b38a629d6f6c3e70985ee6d953,held,pass,H67;H68,,day,range_or_status,institutional_or_compound
FGDC-1840,868f4c577f4922f39f8aedbedf9550207b56680612fedcbc7f4e6a0625fff5c6,held,pass,H67;H64;H3,,day,ambiguous_122003,institutional_or_compound
FGDC-1841,14ee7826ecc92f80d21efa84bcb4bc816b7cc331afa6ba452c97a407a96cb4b4,held,pass,H67;H64;H3,,day,ambiguous_122003,institutional_or_compound
FGDC-1842,380933c743ac10fbd200de5739f0c293deeca157be7ac8aa2f661c6060916f6d,held,pass,H67;H64;H1,,day,range_or_status,institutional_or_compound
FGDC-1843,f07ce1c112190644154bbef136478976996cc758b64130b2fa04fe48e90b2731,held,pass,H67;H64;H3,,day,ambiguous_122003,institutional_or_compound
FGDC-1844,3a1f8a5fd5eadfc34e6d1c0c66fd112d39341add35f7d6992558e9490e557f52,held,pass,H67;H64;H3,,day,ambiguous_122003,institutional_or_compound
FGDC-1845,2928a44f5dbf9f426302ebb1ad0c728649817a15c9bbf0f3c03ec217120ddec6,held,pass,H67;H64;H3,,day,ambiguous_122003,institutional_or_compound
FGDC-1846,ff755ae901195269e1cdfdc6d956a37badc984b1ef1e185869b82c14a756f4ab,held,pass,H67;H64;H3,,day,ambiguous_122003,institutional_or_compound
FGDC-1847,eb6bbe9349af1d16d4718fe0cb368fe80a1f713b06cbd3d174b4a54d4d016a04,held,pass,H67;H64;H3,,day,ambiguous_122003,institutional_or_compound
FGDC-1848,7b3a753667a918a1cc3088af34ef95a237787fd0d63201d5eaed0d481de05dbf,held,pass,H67;H64;H3,,day,ambiguous_122003,institutional_or_compound
FGDC-1849,f0b4b99b0aa2b50e54fcf04b75627881d92aee89a96cc25501003936473a7ad6,held,pass,H67;H64;H3,,day,ambiguous_122003,institutional_or_compound
FGDC-185,2c60e2b493027000bbb7b574b95a5bf092d3f5821e44e50e44f9c4653f80c899,held,pass,H67;H68,,day,other,institutional_or_compound
FGDC-1850,4da152d2024790426791fec0833a5f0c8fb55be916e757db6e7161521d597c5c,held,pass,H67;H68,,day,range_or_status,institutional_or_compound
FGDC-1851,ca2349dd59d993e35bdd335ea964ff2e9e06a53484f46361236d9d01b6c5a6cc,held,pass,H67;H68,,day,range_or_status,institutional_or_compound
FGDC-1852,a4bab04ba2b947fa235140e325ab737e1308ac1226a830b4c65c99c9c7f1c132,held,pass,H67;H68,,day,range_or_status,institutional_or_compound
FGDC-1853,d65e1f60077e718fc4ebe74658c6ec4f19ea3538cbfe52326bd5a0ea9a1c0ab1,held,pass,H67;H64;H1,,day,range_or_status,institutional_or_compound
FGDC-1854,4720e45bdae1ea6e9f4e22641ff7805f96534b46e9f6073857b9233c1faf7527,held,pass,H67;H68,,day,range_or_status,institutional_or_compound
FGDC-1855,9bb8d808696dcc5d79b6ec3ff9545519702c245b92e72bcc8d49089c68d07a54,held,pass,H67;H68,,day,range_or_status,institutional_or_compound
FGDC-1856,afe110146fe575ccfbe45f773bb0057b37d9a16a749d1c3881b0d5a3bf6146ee,held,pass,H67;H68,,day,range_or_status,institutional_or_compound
FGDC-1857,c04f301afbef5874509a6796b3ec8195434ba33545f098b5ded7129769151d2c,held,pass,H67;H68,,day,range_or_status,institutional_or_compound
FGDC-1858,88e0765cf21c35b6e5dae2688bf300fc5b940166135f08db366b09f1797151e6,held,pass,H67;H68,,day,range_or_status,institutional_or_compound
FGDC-1859,b3a2717908f6b1f9a1d930af2659bbed3da32d37765fe19fd7a1895a5c7f4039,held,pass,H67;H64;H1,,day,range_or_status,personal_or_unknown
FGDC-186,1f707dfc0008441075765eb6cd6b120746bfe38c45635465b67af1efe794a6d1,held,pass,H67;H68,,day,other,institutional_or_compound
FGDC-1860,2577e4d9369b928fd5817c9cdf2016b20cc0adac1eb424a2de5f5d875a317e9e,held,pass,H67;H64;H1,,day,range_or_status,personal_or_unknown
FGDC-1861,53260b17df211fe89bec4cda556cdcd33c27cc027e35823044a70a5af7d5b484,held,pass,H67;H64;H1,,day,range_or_status,personal_or_unknown
FGDC-1862,fa1073805dc8a709d56bf33b51387f0307d8cf038c8724cff2915bed257394b5,held,pass,H67;H64;H1,,day,range_or_status,personal_or_unknown
FGDC-1863,ed705dd69c909712bc10960ee91c2c95665aa6d7796094be0beedf8d3c7253d1,held,pass,H67;H64;H1,,day,range_or_status,personal_or_unknown
FGDC-1864,7fcfbdf6fe4cc35791dc497a8c02ac16c9367383edd14e47f9c18d7c87a45070,held,pass,H67;H64;H1,,day,other,institutional_or_compound
FGDC-1865,b5a1d4b52ca43ebc19b2aebb06e9f57a64eff1e7d2d7558867e4a8ce6e110ea8,held,pass,H67;H64;H1,,day,range_or_status,institutional_or_compound
FGDC-1866,7b18a6693f63a34765ca78871210485e313c6cc6c632d0f0486b5c9218e28f31,held,pass,H67;H64;H1,,day,range_or_status,personal_or_unknown
FGDC-1867,4184cbbbed179b1b100620f60ad5d0b24c91a8cf38396b5a2eeac0c7909c8ecd,held,pass,H67;H64;H1,,day,range_or_status,personal_or_unknown
FGDC-1868,c67149d8aa8c8e181554981daac72a485de7a8cce069e9e9ec6ef8b692f7e99e,held,pass,H67;H64;H1,,day,range_or_status,personal_or_unknown
FGDC-1869,3d93290a8de3a0608375e00a5093944f16de4e714015d7baecb5624fa48c8329,held,pass,H67;H64;H1,,day,range_or_status,personal_or_unknown
FGDC-187,0a726507ac11e33cbba8fbc8297cdc2c8434c59d5a8a271fcb6b66a722d72151,held,pass,H67;H68,,day,other,institutional_or_compound
FGDC-1870,8095dc26c05d3891da34c1114d14cd1f6e6324d9551af6f3adcc00c1d4cd9065,held,pass,H67;H64;H1,,day,range_or_status,personal_or_unknown
FGDC-1871,fb3cd3ce029043856c561a36ef56a784b2564d836d81dd3f1016c4e8a9c7b2d6,held,pass,H67;H64;H1,,day,range_or_status,personal_or_unknown
FGDC-1872,681e1cd78339fc59247cadc6e6f726d79291c3050533cfb8935f0836327685ce,held,pass,H67;H64;H1,,day,range_or_status,personal_or_unknown
FGDC-1873,88154c05931e77c70f73280479d54bf8ae0b3fbdbd8d8bc715264419d2cf0416,held,pass,H67;H64;H1,,day,range_or_status,personal_or_unknown
FGDC-1874,659f2ef40abf513bc378c8c6a2d053e5138ae2d9289badf777323c64ab450234,held,pass,H67;H64;H1,,day,range_or_status,personal_or_unknown
FGDC-1875,c4e1a3b64c1a712c28cced3f273c28a11ffb6de967fee3679033804695cc240e,held,pass,H67;H64;H1,,day,range_or_status,personal_or_unknown
FGDC-1876,19958dce8955daf8f62512d0d27e262b290f1f9c54012669053aa75eeb07043e,held,pass,H67;H64;H1,,day,range_or_status,institutional_or_compound
FGDC-1877,76a28c3dda592d880f687eb3a2c91cc604f42f8f6c5a8cdf4d42d8901db31cff,held,pass,H67;H64;H1,,day,range_or_status,personal_or_unknown
FGDC-1878,8b9e3ff9d23b06814e8c5e913f3ed21b0cae283c63fd52493a6401702eaaebd3,held,pass,H67;H64;H1,,day,range_or_status,institutional_or_compound
FGDC-1879,7e39d6bff13d4e7dae21ce9f811f829b4f0765c3dc828b43e85b34377bde535f,held,pass,H67;H64;H1,,day,range_or_status,institutional_or_compound
FGDC-188,110b72a117deed469a2fbc3fff9beb3af1379ace308782e570816d9fa9f77d73,held,pass,H67;H68,,day,other,institutional_or_compound
FGDC-1880,0a15852d2ff93f03b92d01245314568a91eb7019149c91f34dade944da3ff5a7,held,pass,H67;H64;H1,,day,range_or_status,institutional_or_compound
FGDC-1881,d6b1bcdbed432b1ed8d6abe146f4a1434366f1180a0c63ec7496987186f7fb90,held,pass,H67;H64;H1,,day,range_or_status,institutional_or_compound
FGDC-1882,fee5a8fd98ed910f4d93a8df729c8d6cb0be5c35a8106879abb9a3ebbc6e1782,held,pass,H67;H64;H1,,day,range_or_status,institutional_or_compound
FGDC-1883,cda50fbb9c9df24b31d30870c45711c8bcc240d472369a1249cee847281b5319,held,pass,H67;H64;H1,,day,range_or_status,institutional_or_compound
FGDC-1884,e0b56717b31fe8db972f1adfe23347ee99f4c76788f152aed3abc8b133a838e0,held,pass,H67;H64;H1,,day,range_or_status,institutional_or_compound
FGDC-1885,c32651ff74acb2d1ba8f7b96a2e2785c484b0bd16d2708f3f685bbeb25a60554,held,pass,H67;H64;H1,,day,range_or_status,institutional_or_compound
FGDC-1886,366508a428e8aef5ca214a7235e0aa9ef939f873f72190ca218e8ad5bfbf0aa3,held,pass,H67;H64;H1,,day,range_or_status,institutional_or_compound
FGDC-1887,77e149febc3878d33c8f48d385f8bf74fd92ae9eff62832ab5e47d38f30c3de3,held,pass,H67;H64;H1,,day,range_or_status,institutional_or_compound
FGDC-1888,7efb4d71298e2ead84ca317c8edbab5bae88063bb7e9a60b201afc689e6936c3,held,pass,H67;H64;H1,,day,range_or_status,institutional_or_compound
FGDC-1889,af729626b681594b20fe3996fa1cbc26f2b3d88808a9cdec0518e740322fd6d6,held,pass,H67;H64;H1,,day,range_or_status,institutional_or_compound
FGDC-189,a2f085370e12fa3f8155d47790a9565e5e27de6e0e979273a7fe68513d122931,held,pass,H67;H64;H1,,day,range_or_status,institutional_or_compound
FGDC-1890,5a35ccbe323d6448a097fe4bf83440535c97b735b6bc43c0ecd3d5dbc6ac22ce,held,pass,H67;H64;H1,,day,range_or_status,institutional_or_compound
FGDC-1891,e4343b966cbbc100d42b5d462ac7b2c0f5569bf48e5cf9b809449e2c7eaf3811,held,pass,H67;H64;H1,,day,range_or_status,institutional_or_compound
FGDC-1892,14d7e85823ac25651fba80e9aadbc96f84598876db6df520c9b27f2f0cce8073,held,pass,H67;H64;H1,,day,range_or_status,institutional_or_compound
FGDC-1893,0778b23fece13c9539a65774665e0d35162e2855ffb15179c10d4afb0650c4ff,held,pass,H67;H64;H1,,day,range_or_status,institutional_or_compound
FGDC-1894,7acf5f99cd2aaff55acefdc77f8b1c455fdc89278ff4dedd31682f7f177f90d0,held,pass,H67;H64;H1,,day,range_or_status,institutional_or_compound
FGDC-1895,ecb216c93e09d7cb46e65abb9dcdf4d62d3f1f40e21d5e6b2fe16966b7db0c50,held,pass,H67;H64;H1,,day,range_or_status,institutional_or_compound
FGDC-1896,ad4c5620f88bf185cc8d03812f975a8861e666f8231d5f0676ccc7ec76050409,held,pass,H67;H64;H1,,day,range_or_status,institutional_or_compound
FGDC-1897,bb4f5a7ff077d175b2ddbd2ec37b49d2f56ebde8005b6ecaf735b6ba8771cbce,held,pass,H67;H64;H1,,day,range_or_status,institutional_or_compound
FGDC-1898,266a02986bbc061446c1eff28447b0c89f39166e4aa8c51b48b279a8c06147bd,held,pass,H67;H64;H1,,day,range_or_status,institutional_or_compound
FGDC-1899,7a09022467f8e93b28d27c768cfca45efd0f59bf1f33cf2b2e69ba0aa981353e,held,pass,H67;H64;H1,,day,range_or_status,institutional_or_compound
FGDC-19,91a507ef2581ae6215d3ce3091efca177184bda8594a2dec88f2d1bc892346c5,held,pass,H67;H64;H1,,day,other,institutional_or_compound
FGDC-190,c4063da138f8b74a108be79349acbc464af774cbce1b7c5e394a0b42f423c85e,held,pass,H67;H68,,day,other,institutional_or_compound
FGDC-1900,60542c944d3cf8bed0ee1e50e07e8faf104f958ef9ec39aaf451fb535ca0401d,held,pass,H67;H64;H1,,day,range_or_status,institutional_or_compound
FGDC-1901,d46956b42f34243cc73272b1a1b01581feaffdab57a279d212ca2139e504399f,held,pass,H67;H68,,day,range_or_status,institutional_or_compound
FGDC-1902,c62f6fe0c951f1bbbb5d7818e9cd21fa20ed3b1bb3f15673a5efbc3224093f27,held,pass,H67;H68,,day,range_or_status,institutional_or_compound
FGDC-1903,63c017345d2328f74bda6acb9bd04f2a8a507714b5e106b8d089490348f12e56,held,pass,H67;H64;H3,,day,other,personal_or_unknown
FGDC-1904,037b840f23e9e41ae84b404e1d225b02305a3eeca8609b20d09a0d342a78d5b6,held,pass,H67;H3,,day,other,personal_or_unknown
FGDC-1905,cd945a4a80ecfd606bbc08b620144eed3c97c57b5b6b8d8c83aabf037409754c,held,pass,H67;H68,,day,range_or_status,institutional_or_compound
FGDC-1906,7ac7022fb78930f88cea6d40cbf44a671032f3a0095bd7d39b56439b0737384f,held,pass,H67;H68,,day,range_or_status,institutional_or_compound
FGDC-1907,9e6ada4b9bc11216f0808fa0e0ab2ffebc3dc46fa096c4249dd1befc308a07e8,held,pass,H67;H68,,day,other,institutional_or_compound
FGDC-1908,9da1038c089753be1a54765d62195d5fa532db2164680a542d0be1894a49e548,held,pass,H67;H68,,day,other,institutional_or_compound
FGDC-1909,78b46e1833acd384b7e16b9a1c68e088598aaa6a211d758024a6c3233b0bb75c,held,pass,H67;H64;H1,,day,range_or_status,institutional_or_compound
FGDC-191,82916b25d03e3dfc77981c3a3b14dcc72e0bdaf53cd18dee5f335e70bc714f66,held,pass,H67;H68,,day,other,institutional_or_compound
FGDC-1910,8a0a27af66f4698eaab3944ad1e57fa059b7462888bf038862944f5807510e7b,held,pass,H67;H64;H1,,day,other,institutional_or_compound
FGDC-1911,a4809ac462d48c4867b1726ecdeb094353664ae1247427c8cfc262409015617f,held,pass,H67;H64;H1,,day,other,institutional_or_compound
FGDC-1912,caac06d947814e8b85d7d5b327da458fcf6e8fc8532226bab9f85a138ae34c96,held,pass,H67;H68,,day,range_or_status,institutional_or_compound
FGDC-1913,cb1e9eab907fea0002c3fb05d19e79818d3fff29e2aa33435f9fc52abe00bfcf,held,pass,H67;H68,,day,range_or_status,institutional_or_compound
FGDC-1914,506f7fbd9222813699fd060c59d8719354916a886bb9f478240f42b36baa5a57,held,pass,H67;H68,,day,range_or_status,institutional_or_compound
FGDC-1915,f8a00a2d0c3bc8f1b8e3b947005ec905b344be76357b88219126529147f07014,held,pass,H67;H3,,day,other,personal_or_unknown
FGDC-1916,9d1a5beb161902d15cb64c1a037ed9c5711a1b0ea38e16384a73e94ea96a609b,held,pass,H67;H3,,day,other,personal_or_unknown
FGDC-1917,e0f0e9156bb9491e7ffdc1725758c5e29f595f522d3457be511c2bb0326bca4f,held,held,H67;H17;H47,,day,other,personal_or_unknown
FGDC-1918,aacea482808cebe49006f801d5410d5c4e07dbd013cbf27862f941754b57fdd0,held,pass,H67;H3,,day,other,personal_or_unknown
FGDC-1919,ee912537041cce24f6b6c82dff95aa33f963c84e65fb4f72778a26c344719243,held,pass,H67;H3,,day,other,personal_or_unknown
FGDC-192,4e480b90001f5d7acf17d13434af48f3d7e5e8f8991b64771e587ebb6fe269f0,held,pass,H67;H68,,day,other,institutional_or_compound
FGDC-1920,2cb87ce20dce68fff6fe96df18a89d47d40c66e138aa1fd3520c06ebe419eb4b,held,pass,H67;H64;H1,,day,range_or_status,institutional_or_compound
FGDC-1921,64b383b780bcd4e781d8d8e7dd4253c2d5f77d8f86f04d43108f51f66fe1196e,held,pass,H67;H3,,day,other,personal_or_unknown
FGDC-1922,2d7004942ec9920a0203b24440e5ece5219dcabc4a8fbada2505f3a128aaad2d,held,held,H67;H32;H62,,day,other,personal_or_unknown
FGDC-1923,f7405449ddab5b2318a4e1c6d6be3a41f944174e6595aee19906051a7072a3e9,held,held,H67;H21;H51,,day,other,personal_or_unknown
FGDC-1924,34e749d18bbeb0e60c966e609905d6a94b2ece57a217c7c624ab5fdde4ec4a96,held,held,H67;H29;H59,,day,other,personal_or_unknown
FGDC-1925,e8a52b4770bbbc78a3369db85e40a751d49e5820f63e4b4841e87848980a46de,held,held,H67;H9;H39,,day,other,personal_or_unknown
FGDC-1926,1edf8579ddbef2113e447c38e156c7dda86237f8e9de12d5801952cf8f4ff6be,held,pass,H67;H3,,day,other,personal_or_unknown
FGDC-1927,e6169154a89f584946af50f27ec8d61fa26bc104d295530a2cd0c320d4a6ee1e,held,pass,H67;H3,,day,other,personal_or_unknown
FGDC-1928,18e8d477bc2879aed38d0d9666190001492b26fb3f500c0c92fef0b8b66aad35,held,pass,H67;H3,,day,other,personal_or_unknown
FGDC-1929,ae2483c8c251a52b78c17c85449a11fc85fb6355074a76a25d391a1c7a79f6e1,held,pass,H67;H3,,day,other,personal_or_unknown
FGDC-193,264aeb4cee265e263bdd7d3be9fed552f145daf92371ed4c2130ddd2041b95d8,held,pass,H67;H68,,day,other,institutional_or_compound
FGDC-1930,e082b5412f09c630b00582ef0c1c3c51eb79387b1a766b2c7652bf4f147b3d0c,held,held,H67;H24;H54,,day,other,personal_or_unknown
FGDC-1931,6ae4b69bc9baf776e2818c48c060a6e6c671efea53282e9f99963f9d7cf8c2f9,held,pass,H67;H64;H1,,day,range_or_status,institutional_or_compound
FGDC-1932,ead2d693838afaeb22f1e05d431fe48fa9941aedbb5df966056dffeed6b36a46,held,pass,H67;H3,,day,other,personal_or_unknown
FGDC-1933,197f50d7d26bad5d3233104f387b9ec28a5ceec79691c858ba9494b03308e05f,held,held,H67;H6;H36,,day,other,personal_or_unknown
FGDC-1934,3fbf86e73931137bd739acf70cb82e6a4b8002c28c3e4dd24a9e0bb78c3d62c8,held,pass,H67;H3,,day,other,personal_or_unknown
FGDC-1935,aa0a893382df13ba1ea18b6af73057d753b51781a2483ed861fbce43a6491111,held,held,H67;H5;H35,,day,other,personal_or_unknown
FGDC-1936,a3248b60f7d49b243ac86e6bf9037bd1a02f0f49f876e041ac982f35e674ca26,held,pass,H67;H3,,day,other,personal_or_unknown
FGDC-1937,d382385984a96edef93ab48b92e8ff46c3f94f7adbc91c6092643407c1ca2755,held,pass,H67;H3,,day,other,personal_or_unknown
FGDC-1938,4dd12f78fa4e84f2a69615a795c631464454e9fb5b666b681a4228e53729133a,held,pass,H67;H3,,day,other,personal_or_unknown
FGDC-1939,d36b56eb42fc5da16ad71be4259e1b51420907c1ca7f87eb36626afbb89fe505,held,pass,H67;H3,,day,other,personal_or_unknown
FGDC-194,080a0b9e06e9a9fdc2eff2f7cab4a40b4c90b499ff7dd98207a72629716b8d65,held,pass,H67;H68,,day,other,institutional_or_compound
FGDC-1940,c773a50e8b97ea1b8db59fe90bd20bcb707f600b12ce772ffb2af8e8a7d723c1,held,pass,H67;H3,,day,other,personal_or_unknown
FGDC-1941,50f59b3f73656d8836cecd136d76a11119abcbcbfa1a562ae6ec15b9b1a43b04,held,pass,H67;H68,,day,other,institutional_or_compound
FGDC-1942,4c60c9ed0727b6aad592b704057a7f2582dff06b3db75a995ca12d5e58b5a780,held,pass,H67;H64;H1,,day,range_or_status,institutional_or_compound
FGDC-1943,a2173eb81bec31283444aec1f9d8a35598b80919f5e7c761f036efad91e1e579,held,pass,H67;H68,,day,other,institutional_or_compound
FGDC-1944,92e30beca276688d186e6ed60eadc75e39889d8b656757680cc3a370abf10f7a,held,pass,H67;H68,,day,range_or_status,institutional_or_compound
FGDC-1945,7c9d5de2713af68ae48b58ebdf2af7cc71c32d73a63617963ae483a42a46baf9,held,pass,H67;H68,,day,range_or_status,institutional_or_compound
FGDC-1946,2e100a0c6ec1f624bc695ec9afb0bcbf902e2f226c81090e0b97154c0ceeb493,held,pass,H67;H3,,day,range_or_status,personal_or_unknown
FGDC-1947,0d0cfa09274b3f3c23009cd6012239d3ca96519bb6b2fc0d44a0307826fd0087,held,pass,H67;H3,,day,other,personal_or_unknown
FGDC-1948,64a1b5b7ecf8b40319b29e32729631029a67a8db7e4b9abf0161eadb0263a52c,held,pass,H67;H3,,day,other,personal_or_unknown
FGDC-1949,245d8f39b38178a34875639f3c721536c8614e706e58a776fa2ecff21dff359a,held,pass,H67;H3,,day,other,personal_or_unknown
FGDC-195,b8a10d206a20b577e3d53a4dfa3db79a23232ae6eaff8052cd4538c538205aa9,held,pass,H67;H68,,day,other,institutional_or_compound
FGDC-1950,c13a33943edf42d8c1358ea921b25f6baac40c401b10cb422fe5b05c8ef28eb1,held,pass,H67;H3,,day,other,personal_or_unknown
FGDC-1951,1e2b54403c6888e978195127cec732b8e808c0b51721049335431f007d8801a7,held,pass,H67;H3,,day,other,personal_or_unknown
FGDC-1952,150b08ae2cf38dc2fbbc69407e3ab51eefb101baa39e6ae434a981d6340f572f,held,pass,H67;H3,,day,other,personal_or_unknown
FGDC-1953,2ab6b60856fbe95e5fab588a96eba7f1fb1b7ee26902c9e2434b7c1471343526,held,pass,H67;H64;H1,,day,range_or_status,institutional_or_compound
FGDC-1954,c374322d4d3b6df6c5fd43772c71a1b18e1d4b053cb6e54d479c88f8f08d924e,held,pass,H67;H3,,day,other,personal_or_unknown
FGDC-1955,2ac5efef3f38c255e98697df43852d57025ba6410454db242e495e1fb669bfa6,held,pass,H67;H3,,day,other,personal_or_unknown
FGDC-1956,7291e9b5f2537eaa62480d57b8b609710ae4718672384a49a62a176a4f505905,held,pass,H67;H3,,day,other,personal_or_unknown
FGDC-1957,07034ab2ddadf48f507d2d1443c1b686d509a7caca411f818a4e56e59534054c,held,pass,H67;H3,,day,other,personal_or_unknown
FGDC-1958,39f1be52e54b9c9ccf53cb025c07da61925fcbb02b09de61f8515864776a7f98,held,pass,H67;H3,,day,other,personal_or_unknown
FGDC-1959,7246d27ca1764ea808189f5685e24c0e4c6c9f5348e0bd64c0d8053098d096c1,held,pass,H67;H3,,day,other,personal_or_unknown
FGDC-196,5923d5aa0972d3a8e87c8c155b1ce0efa1ba9198791e3eb461d58caff675476d,held,pass,H67;H64;H1,,day,range_or_status,institutional_or_compound
FGDC-1960,c6bf530be54ce5929af3ab3c0d71d4c0375d0cb750d6e5f092e7391a3f4f0ddb,held,pass,H67;H3,,day,other,personal_or_unknown
FGDC-1961,a53dbdbd03a1d4d0cad67539215bd7fb60b5ea5781e4ccd9cc3b55e93ea70c9d,held,pass,H67;H3,,day,other,personal_or_unknown
FGDC-1962,b1543346eb0eadc7392af0fe01f107e6316f4eb10285842155ae01b69307ef58,held,pass,H67;H3,,day,other,personal_or_unknown
FGDC-1963,ee96dc828829f38b4aaebe4f5bd2561c822cc38917911f0ae4e8ff60f92477c8,held,pass,H67;H3,,day,other,personal_or_unknown
FGDC-1964,297e5d7a495aa29b0bd060447ee48c8e1c836055f02d7c75470bb2ed462c3f1d,held,pass,H67;H64;H1,,day,range_or_status,institutional_or_compound
FGDC-1965,30809f7d5fae17b650b91e3a430c5e350b88dddac2ab4f81f4b431252de53728,held,pass,H67;H3,,day,other,personal_or_unknown
FGDC-1966,705cead2e9ceb845fded3264537c4fc77c691135c4a6e9097b0297461651bf77,held,pass,H67;H3,,day,other,personal_or_unknown
FGDC-1967,659505e0c64251ec7f3486e3ad32fbf6c8726f60f673dcfd860de2869eff3051,held,pass,H67;H3,,day,other,personal_or_unknown
FGDC-1968,5cac964ab56f5b8d554e06f1830d7099b44531858a6925ca598a8980d0aba52f,held,pass,H67;H3,,day,other,personal_or_unknown
FGDC-1969,a2e5b8deb8c363ed81068f9dfb47c20f141b905dbab80bb775ebf1a46d3fe980,held,pass,H67;H3,,day,other,personal_or_unknown
FGDC-197,4632437d172267ff5d6b96f838b791ea6479645d9cfe7359ee62e51eaa681aac,held,pass,H67;H68,,day,range_or_status,institutional_or_compound
FGDC-1970,91ece9a79ec5c1ed77d96eb1d4bc532a66813719c6e9f7c6b40961e6f28b681c,held,pass,H67;H3,,day,other,personal_or_unknown
FGDC-1971,c45777f565851fa33cdf0950584c40628da25bf693f011a99aab693d3f41c60f,held,pass,H67;H3,,day,other,personal_or_unknown
FGDC-1972,08860d5fc5f3f5343d3ef446e267734a322bfb9d9253fa2bebcd4d11c4e7fee2,held,pass,H67;H3,,day,other,personal_or_unknown
FGDC-1973,6543f49ab94bdab31527dab34f344f2a7f1ad3459ffa6c64b04021d57f9f2db1,held,pass,H67;H3,,day,other,personal_or_unknown
FGDC-1974,06a0380764f001e59bce0b4de24fea0eb2dc6b120f03ed974ef911a1985c310c,held,pass,H67;H3,,day,other,personal_or_unknown
FGDC-1975,1daae1806a2743c8bb623c18216b671a836bfe587738a31a20f1329a6928f4fb,held,pass,H67;H68,,day,range_or_status,institutional_or_compound
FGDC-1976,1dc22a9a947cafb0d4127750dd3a80bea71b8ae9778241eee9482d3e11209acc,held,pass,H67;H64;H1,,day,range_or_status,institutional_or_compound
FGDC-1977,693bc4d2d6367e974945f0ebfad45fa0fbf0bc274d0e75fb525091fbc4249a67,held,pass,H67;H3,,day,other,personal_or_unknown
FGDC-1978,56a7ed929e156145b6d53e8e43ebcef6782094bba4f6eee326fbc6eabd00ced2,held,pass,H67;H3,,day,other,personal_or_unknown
FGDC-1979,f2f4598a56adf91920d4b8375d61c907c628b127b06c209b2fcd0f799b9c3e26,held,pass,H67;H3,,day,other,personal_or_unknown
FGDC-198,2770e255668e78076af43edc53cb36bd39f338f52ecca7353c80a05c5ec48b0d,held,pass,H67;H64;H1,,day,range_or_status,institutional_or_compound
FGDC-1980,ce9174ad200f93fb01fc2d9d388097b2c20d75dbf6d5e77772f5fb978ed7afbf,held,pass,H67;H3,,day,other,personal_or_unknown
FGDC-1981,390a09f2dd631019ea75452525e585b893dcf0f3344de02cf429a30cd1277f7c,held,pass,H67;H3,,day,other,personal_or_unknown
FGDC-1982,58e13f9492d22a8f81669aa95db6ebbe4eee7824cda628fdd92e56fafff55a69,held,pass,H67;H68,,day,range_or_status,institutional_or_compound
FGDC-1983,5065b52e30df6d1745b5c4832f16036a74a9f8ceaf5f10e14015b8fe9aea4e3f,held,pass,H67;H64;H3,,day,ambiguous_122003,institutional_or_compound
FGDC-1984,92257c1fb0b55a58d850225779e8cf27d0dfb9dec84656966597d72d260b0a0e,held,pass,H67;H3,,day,other,institutional_or_compound
FGDC-1985,2dec5936cbd43c780d72738f37d49a717d9b0379de5a599906a2271f917e4ffc,held,pass,H67;H3,,day,other,institutional_or_compound
FGDC-1986,b70fbb36d888613796623caea552015c35d5bb12aa108b372c15372caa2e02d8,held,pass,H67;H3,,day,ambiguous_122003,institutional_or_compound
FGDC-1987,7af8b3c754dcf5899ab2ad42bccb268bed2f766661c5cd373978b1b9a268b237,held,pass,H67;H64;H1,,day,range_or_status,institutional_or_compound
FGDC-1988,461b8223401760794aad2164050db9ada31065cdd0fa6b84752eaa2b716e2ea9,held,pass,H67;H3,,day,ambiguous_122003,institutional_or_compound
FGDC-1989,e0b6296ad82cf3141d48f1c6e7b3a8e7df97c9f5575f5ba4e5e829db2f0d1f0e,held,pass,H67;H3,,day,ambiguous_122003,institutional_or_compound
FGDC-199,5cc1683edf595fd96a6a50a6f8589de289f123184f407700ca76c83992ae146e,held,pass,H67;H64;H1,,day,range_or_status,institutional_or_compound
FGDC-1990,a7cfd4f6047604412eeedf4bd991a4f719e19cfafa25fd3ece2dd72b029d9c5e,held,pass,H67;H3,,day,ambiguous_122003,institutional_or_compound
FGDC-1991,fbdddbd9e979ebbf5653eaff665d05694fcf69d21cd0618d7516361ba0e79866,held,pass,H67;H3,,day,ambiguous_122003,institutional_or_compound
FGDC-1992,42c1707534d7b2ac51a89283d389a018b32edae975ea0817dc6f15a93e01ba25,held,pass,H67;H3,,day,ambiguous_122003,institutional_or_compound
FGDC-1993,3bcad184778ab021cabc2c0efc7a53d0afb7ef128b7f603534bc1d4f79dc0a38,held,pass,H67;H3,,day,ambiguous_122003,institutional_or_compound
FGDC-1994,9e55e7f85b47425aa8f998848ccc772e592845d9bb4287f7a1612d871351f3fb,held,pass,H67;H64;H3,,day,ambiguous_122003,institutional_or_compound
FGDC-1995,94007eb624eafd553404b6c275db61cfd3d3b744402d916ae92e4cc1777d5972,held,pass,H67;H3,,day,ambiguous_122003,institutional_or_compound
FGDC-1996,fe9e1ad3d2d06138d23f61e151449085223608b3ad115ad19b219466a689b76b,held,pass,H67;H3,,day,ambiguous_122003,institutional_or_compound
FGDC-1997,f39e8926c3e5e44393d7258fc492731c1322a33a04daf2853510e4368c5d401e,held,pass,H67;H3,,day,ambiguous_122003,institutional_or_compound
FGDC-1998,39ca4cbae2b14ce171eeefef2e4806c8d4da8a29fba6bdba76bd963bb570b20e,held,pass,H67;H64;H1,,day,range_or_status,institutional_or_compound
FGDC-1999,452135c3a780f1f6f5226d77761da5f579243881f159fbca9fdd58ddb7290216,held,pass,H67;H3,,day,ambiguous_122003,institutional_or_compound
FGDC-2,469b7d524441f1486a4d3bee287817fe05f8eb12f14aa5e4eca327ee9bd04a04,held,pass,H67;H64;H1,,day,range_or_status,institutional_or_compound
FGDC-20,6344d7ea61e2051fb1bdf56c374d183e63d3e4d4131ff43d64c96f201a200fb9,held,pass,H67;H64;H3,,day,other,institutional_or_compound
FGDC-200,848a15d3e9a467f598469db9ee2306167e470acf8d94aa1087840a43377df1c8,held,pass,H67;H64;H1,,day,range_or_status,institutional_or_compound
FGDC-2000,6021c083a3a67669cdd90fccd628cc009fc594d7e9ef9bb8edcafc5bd250d0e2,held,pass,H67;H3,,day,ambiguous_122003,institutional_or_compound
FGDC-2001,a1272396794131f893f0cc25debe7cbde5f8acc6ff7fc3a0ff9f165369371114,held,pass,H67;H3,,day,ambiguous_122003,institutional_or_compound
FGDC-2002,c89272c8a71cf502faf64698e724bf83ff81c0a5d652dc7776b4fc7604aa6c71,held,pass,H67;H3,,day,ambiguous_122003,institutional_or_compound
FGDC-2003,c1e4159b47b718890c3e1f30a0c78e67f8cb66db435339367ce6527566b1b541,held,pass,H67;H3,,day,ambiguous_122003,institutional_or_compound
FGDC-2004,9d0935efb1222fc4f7c99ed6a73a375adfc6d5385d30cd9744d450ac2f03bd9c,held,pass,H67;H3,,day,ambiguous_122003,institutional_or_compound
FGDC-2005,54191373d1f78594d146c02d6535c2a96db9689f8d4089cc69402377e73b68c9,held,pass,H67;H3,,day,ambiguous_122003,institutional_or_compound
FGDC-2006,64ebd7fbac95ee6b86c0b5345f1d7778a577a8428734507b7c0cff096653f7a6,held,pass,H67;H3,,day,ambiguous_122003,institutional_or_compound
FGDC-2007,21b3599259ab8c1e79ae8425719ecc3446fc70469886e1346bdac470574f5de2,held,pass,H67;H3,,day,ambiguous_122003,institutional_or_compound
FGDC-2008,b61c326b221c410abedd2e5c2f842fe5d139a2772447d698d1b0045e7d9dd732,held,pass,H67;H3,,day,ambiguous_122003,institutional_or_compound
FGDC-2009,d2ad6e4721c70db8b22ad7ac822d974a7618478e0bf489eb13b53d295bbdb022,held,pass,H67;H64;H1,,day,range_or_status,institutional_or_compound
FGDC-201,455233b05ce7ca830aa7d6d807b4ebf7c18d89f1bdc105bfddca1687b7c4afb4,held,pass,H67;H64;H1,,day,range_or_status,institutional_or_compound
FGDC-2010,255944dec29b6fed0f124c64e63919c8136855f820d9770043f24b7d393ed295,held,pass,H67;H3,,day,ambiguous_122003,institutional_or_compound
FGDC-2011,fdc0132bf18cc1210ffc9f9e254f768d6ed432286b6d8bb0cd12e22f6d4284ee,held,pass,H67;H3,,day,ambiguous_122003,institutional_or_compound
FGDC-2012,6c905466678d5446fe6f673935f169bb490a09fe607af5efe95e335026f64dc0,held,pass,H67;H3,,day,ambiguous_122003,institutional_or_compound
FGDC-2013,c82715df32eceb6b9a94556f9cb52443f7a0112d54dc208b576f61033444f900,held,pass,H67;H64;H3,,day,ambiguous_122003,institutional_or_compound
FGDC-2014,6340e5b805d2b3f41d005c214eb7a8e27b67fb3841225974f5167dcb48878f1d,held,pass,H67;H64;H3,,day,ambiguous_122003,institutional_or_compound
FGDC-2015,d676fbccd065d528a8b9f0f39e5c9229ed646dacba84ba44db51cf00fe0a20c2,held,pass,H67;H64;H3,,day,ambiguous_122003,institutional_or_compound
FGDC-2016,8edf36a74a1088ebc719e73450d28f656d5135844b0f6551b094a2da206ee672,held,pass,H67;H64;H3,,day,ambiguous_122003,institutional_or_compound
FGDC-2017,6341bd609671355537fdb371b3f8768f1d5ef3de0b755b9eb61663976558aade,held,pass,H67;H64;H3,,day,ambiguous_122003,institutional_or_compound
FGDC-2018,9fc527dbd92e72a85ff81669f0079ca2b83d9bc903f2e7f22884491065df24c3,held,pass,H67;H64;H3,,day,ambiguous_122003,institutional_or_compound
FGDC-2019,dd7b9a94a1a26fa2654ebfc2cb602414b290b83b92faef64fee2d71489baf67d,held,pass,H67;H64;H3,,day,ambiguous_122003,institutional_or_compound
FGDC-202,3ac0af70017082390e9d11547bf469e547c7389833dee12aca99778cbff5a2e7,held,pass,H67;H64;H1,,day,range_or_status,institutional_or_compound
FGDC-2020,4fe11a228545e8748f599cb9b08786c44af6535933a524caffe36667c20e711a,held,pass,H67;H64;H1,,day,range_or_status,institutional_or_compound
FGDC-2021,2cba0bed4b575b901e99ec7822536c02333750680f8b1bc3501b311fce4e8ee7,held,pass,H67;H64;H3,,day,ambiguous_122003,institutional_or_compound
FGDC-2022,1e73f85f980dfe17dab00007f196ec1232daab444101ba57197fa0f28cf208b7,held,pass,H67;H64;H3,,day,ambiguous_122003,institutional_or_compound
FGDC-2023,ed6ca0e3614b24efb4671e683f0228ed002ce435bbec03f30a0863429f3f8823,held,pass,H67;H64;H3,,day,ambiguous_122003,institutional_or_compound
FGDC-2024,a2332458db774e6dfbcfd5154b308d7663293b89bb431f121a8acafdd4e8af0b,held,pass,H67;H64;H3,,day,ambiguous_122003,institutional_or_compound
FGDC-2025,728276da811f611112a8d903e851bc3e6582fdf2097876bd83a1a0ad240cd565,held,pass,H67;H64;H3,,day,ambiguous_122003,institutional_or_compound
FGDC-2026,c83a2a7f8617c681ebdba5e94390726ef55627822e551417a2edee33d823b3c1,held,pass,H67;H64;H3,,day,ambiguous_122003,institutional_or_compound
FGDC-2027,2edca9617b620109fe4d9a082e457444c7f351c29c633e4d56832175bb8b7dfc,held,pass,H67;H64;H3,,day,ambiguous_122003,institutional_or_compound
FGDC-2028,ad71d7167fcf9bd420e420d79aa5000c4e73e39d5c85c24b8e7b2236eb1c7dcb,held,pass,H67;H64;H3,,day,ambiguous_122003,institutional_or_compound
FGDC-2029,2cd5be39caf741484bc49d0935c432e23d0d6f58df1d4745dd6d196f0579df34,held,pass,H67;H64;H3,,day,ambiguous_122003,institutional_or_compound
FGDC-203,d45461be9e63028a36cf44a2b07e8db6fdca350f700bf0690ed1b34ddc17d53a,held,pass,H67;H64;H1,,day,range_or_status,institutional_or_compound
FGDC-2030,f68cc630627fa732359e878e4c78b642919159de0fd5d4008ba80876089565c4,held,pass,H67;H64;H3,,day,ambiguous_122003,institutional_or_compound
FGDC-2031,e76ca3c33e55c4b3719d2b38650d0ebf99e1aa3a05b20b1f45fec9faa200aba6,held,pass,H67;H64;H1,,day,range_or_status,institutional_or_compound
FGDC-2032,c88d2876c8abc24ea3ded43f0775a888b27fdd7498f22ce7c694eb61dfbdcdc5,held,pass,H67;H64;H3,,day,ambiguous_122003,institutional_or_compound
FGDC-2033,5c5c8c228354b763e07eeb6b89690390ed61996f5994d25778481c072d89da33,held,pass,H67;H64;H3,,day,ambiguous_122003,institutional_or_compound
FGDC-2034,afc0f09767a33ae5c585c875bcc3080bffd5784fbbc847235ddac1cf4fd6a2ad,held,pass,H67;H64;H3,,day,ambiguous_122003,institutional_or_compound
FGDC-2035,ba93c6eae8e420eb7a3bbfec84463fe7eb7682269b31078ff37d8558a087eb21,held,pass,H67;H64;H3,,day,ambiguous_122003,institutional_or_compound
FGDC-2036,fec9d751635802573f0180b9e53a7ebae36d0ad4ac4d53022d5f0462f6bc539c,held,pass,H67;H64;H3,,day,ambiguous_122003,institutional_or_compound
FGDC-2037,aed874fda1e9daf1f1b2ee9f04a3f2d4276f575c62f27f8787fb79d4c99fafac,held,pass,H67;H64;H3,,day,ambiguous_122003,institutional_or_compound
FGDC-2038,a03f98e5fad39fdf6e227824a39f2abf34170165bbee86131fe45a0373e18d36,held,pass,H67;H64;H3,,day,ambiguous_122003,institutional_or_compound
FGDC-2039,54701214ff79ee2996201fdd8f8b5544a9fcadd379543a410da2caa0eb092574,held,pass,H67;H64;H3,,day,ambiguous_122003,institutional_or_compound
FGDC-204,98ddc892fb5b18cae27ca36d2ed0a4e4fd4bbd8d1258f9335479506666c58648,held,pass,H67;H64;H1,,day,range_or_status,institutional_or_compound
FGDC-2040,59c292363ab5b4fa720d6e7e17cfb17b142062571a759854e7bab1998e6bb179,held,pass,H67;H64;H3,,day,ambiguous_122003,institutional_or_compound
FGDC-2041,b859c7eaf8a96956d0d2ae776490d9d6903c38d587d04486aa426512152e6ee0,held,pass,H67;H64;H3,,day,ambiguous_122003,institutional_or_compound
FGDC-2042,75a7b7c482407c2df6f4293625648ff1125847455b4e65d2b9b269d8c0b3c3b5,held,pass,H67;H64;H1,,day,range_or_status,institutional_or_compound
FGDC-2043,9fc45ede1eff08d39e06618ae4b081ba5a6244a886a1a817fb2b4640b145790d,held,pass,H67;H64;H3,,day,ambiguous_122003,institutional_or_compound
FGDC-2044,934369419198f8e065be60df903939822c8d7d481dae5bebea62fd91fa24ea0c,held,pass,H67;H64;H3,,day,ambiguous_122003,institutional_or_compound
FGDC-2045,bbde95f93f7262f02e7c709ecae73c6cac8c0ca6229c3c7d7d91e2d5039acc76,held,pass,H67;H64;H3,,day,ambiguous_122003,institutional_or_compound
FGDC-2046,e7554c0a5ce094f7d59181239aff3566aeb648c5f1a0be6560ca43a2797c495d,held,pass,H67;H64;H3,,day,ambiguous_122003,institutional_or_compound
FGDC-2047,853b557a380114c814c1654c50ed493628fdf5d8b2a4b3b5eacfd7842be6f2d2,held,pass,H67;H64;H3,,day,ambiguous_122003,institutional_or_compound
FGDC-2048,5ffd14e52db4ffc0383a190c4d8515b9d7f8736d203ce53ceee397e26201e2d2,held,pass,H67;H64;H3,,day,ambiguous_122003,institutional_or_compound
FGDC-2049,fec6801d7f5a1d7c73f5eff709e9b67edacfe6e09ae31666e2527e36c889ed46,held,pass,H67;H64;H3,,day,ambiguous_122003,institutional_or_compound
FGDC-205,3f45f8074260f18b26f52e2cbe33c74cb1d2d6003814181e0d76ac37c6ab4588,held,pass,H67;H68,,day,range_or_status,institutional_or_compound
FGDC-2050,77a30ff07ef393bbba01ab6c7089e681ab59456df0f0d1c34cba76818a02d82b,held,pass,H67;H64;H3,,day,ambiguous_122003,institutional_or_compound
FGDC-2051,7645e487f410ab02e8026099ed9980b2d08ab43127961766e62025f541c8c54a,held,pass,H67;H64;H3,,day,ambiguous_122003,institutional_or_compound
FGDC-2052,3a1dda90bd16ee861946d564dcab7f11004d0c11cedcdee0e6ddd5b9aa1dc12b,held,pass,H67;H64;H3,,day,ambiguous_122003,institutional_or_compound
FGDC-2053,3bc84f651d293d897137ba147f30bcd306f94dc8ef345ee733635918744926c4,held,pass,H67;H64;H1,,day,range_or_status,institutional_or_compound
FGDC-2054,c850640a11bfa487f96e59f6197be56f0879377f917981fcd8e17f06da41db0d,held,pass,H67;H64;H3,,day,ambiguous_122003,institutional_or_compound
FGDC-2055,2ba84f4649235ca22e884a5d78d43daa78e8ca5addd1a5268db4207f9d6ab020,held,pass,H67;H64;H3,,day,ambiguous_122003,institutional_or_compound
FGDC-2056,5f4848658f02aecfc20cfacc1d0e7b5470540679aa933808fe7206027d6e376e,held,pass,H67;H64;H3,,day,ambiguous_122003,institutional_or_compound
FGDC-2057,e0b48017a563544dedb618f5106e84dbeaf18ca7af1cbda83d93371cdd73736b,held,pass,H67;H64;H3,,day,ambiguous_122003,institutional_or_compound
FGDC-2058,63da365b1ab09e7ef630c767990289e54f119b2d7ce63a454b2009b0f690385f,held,pass,H67;H64;H3,,day,ambiguous_122003,institutional_or_compound
FGDC-2059,ab72a784960efa59e7fed287c093509b1b0afae79c179bb6d613a82e674b3d2d,held,pass,H67;H64;H3,,day,ambiguous_122003,institutional_or_compound
FGDC-206,812456c2de732eb28cd5c95cbb8043f34229faebd6dc5ac062ce85997484305b,held,pass,H67;H64;H1,,day,range_or_status,institutional_or_compound
FGDC-2060,fc5df7eb33a5b618a4b799e71d39bf77acd8ac23c6e7dd906b39af17f51243b5,held,pass,H67;H64;H3,,day,ambiguous_122003,institutional_or_compound
FGDC-2061,bed2a352c4c1473bf08b2b91edfee35565a76c1ac2bbdc62c41dbd7f82c1e3ae,held,pass,H67;H64;H3,,day,ambiguous_122003,institutional_or_compound
FGDC-2062,773ed995bfa142569a622c8c98e78bebb98c66032955f22ebbc9a6a32ae4fbc6,held,pass,H67;H64;H3,,day,ambiguous_122003,institutional_or_compound
FGDC-2063,44f18baac6a083b8b40fa277415e33f9c0846ec9de75ee258b2ed63c64d83514,held,pass,H67;H64;H3,,day,ambiguous_122003,institutional_or_compound
FGDC-2064,756f1fada333b0dc177a42392b10d2853f266a74cb861095406e8b105d3269c7,held,pass,H67;H64;H1,,day,range_or_status,institutional_or_compound
FGDC-2065,ed1e0a2556c32e62b1fa01d516760a8fc7ff177589cf8c73225acdfa4aeae9b7,held,pass,H67;H64;H3,,day,ambiguous_122003,institutional_or_compound
FGDC-2066,6bc939207239072583814fe75a79b027509990baa3112cfbdd859544d979d128,held,pass,H67;H64;H3,,day,ambiguous_122003,institutional_or_compound
FGDC-2067,e6f559814fe48857505390f005b6ef9a33fbda1c12a346483d8b34fed8747aad,held,pass,H67;H64;H3,,day,ambiguous_122003,institutional_or_compound
FGDC-2068,8abbbc1888306b7f84554fb30d37dd09d2a78d0029491714015bfd5f63794457,held,pass,H67;H64;H3,,day,ambiguous_122003,institutional_or_compound
FGDC-2069,fb514e681f8286d9012894e240960a04dd01c5648d174d782afc9e6a8f430880,held,pass,H67;H64;H3,,day,ambiguous_122003,institutional_or_compound
FGDC-207,c7dc98aa49393890a72e8ea8109b4bcf5a33332a6668452a399fde7704559782,held,pass,H67;H68,,day,range_or_status,institutional_or_compound
FGDC-2070,6fc46897107ccd43880800190dc9963d2bea0662d73586a4aef756b031b09c0d,held,pass,H67;H64;H3,,day,ambiguous_122003,institutional_or_compound
FGDC-2071,20cae9f93900f0478421df7f27739ee47e97396c0586ca12f3d27e79d1c11416,held,pass,H67;H64;H3,,day,ambiguous_122003,institutional_or_compound
FGDC-2072,247cb18e866162e6a9482d4044be9858686d13fc9bea312e97b1913c9e40f87b,held,pass,H67;H64;H3,,day,ambiguous_122003,institutional_or_compound
FGDC-2073,5599ea6af93df36e3c33ca8ff75e9c4d1d35173c00b4a4bdee549f0bc4e36a55,held,pass,H67;H64;H3,,day,ambiguous_122003,institutional_or_compound
FGDC-2074,6481715758437579231fecaa1a0e54881f090a8fede8174c45f89ac8319bda54,held,pass,H67;H64;H3,,day,ambiguous_122003,institutional_or_compound
FGDC-2075,bc848b9181c5d87e7d1f50d4507607b880cc8d885cc8f50e39c577dc33aa45ee,held,pass,H67;H64;H1,,day,range_or_status,institutional_or_compound
FGDC-2076,ed7ff3750e3b4e06b13227edaa28e34c42aa61a66eef690109afe1f706b82336,held,pass,H67;H64;H3,,day,ambiguous_122003,institutional_or_compound
FGDC-2077,651b75037d3112a6906a985e8008735e64010337c662babe6fc7baef47ca52d0,held,pass,H67;H64;H3,,day,ambiguous_122003,institutional_or_compound
FGDC-2078,75903bce8a99ef8e8d7f406c15de40abbd40e73ad9befdde0106093a83f01eca,held,pass,H67;H64;H3,,day,ambiguous_122003,institutional_or_compound
FGDC-2079,3ddbe04731e31b6a17679593400e34a98df4ea611dfcc1e66d70bbd9504dc160,held,pass,H67;H64;H3,,day,ambiguous_122003,institutional_or_compound
FGDC-208,a9eb8d291d846deae866afd4f61e81baebfeb6a4ab57210b316aa3d86b820fcf,held,pass,H67;H68,,day,range_or_status,institutional_or_compound
FGDC-2080,bcb710ebe1a8c738d005cb2ec6f04bdd94b64ec38482b553551e7bc4832a263b,held,pass,H67;H64;H3,,day,ambiguous_122003,institutional_or_compound
FGDC-2081,14bdb055ff709223053f5ab6a445f8c856417a983237918419199a66f9a64ee8,held,pass,H67;H64;H3,,day,ambiguous_122003,institutional_or_compound
FGDC-2082,39d9cfda5b9b8d0b9ced413b9ae81a2c283a7370148672a1a21ab4f07858f7c7,held,pass,H67;H64;H3,,day,ambiguous_122003,institutional_or_compound
FGDC-2083,37c0c748a0c4698c064f226c451fe59f3c90ac3e703b574a33943f4be7188467,held,pass,H67;H64;H3,,day,ambiguous_122003,institutional_or_compound
FGDC-2084,aa94b5ad535bd4c6f4c0a7c83f085216d99e0be0c9b42a75cfe9ef1e99d14608,held,pass,H67;H64;H3,,day,ambiguous_122003,institutional_or_compound
FGDC-2085,92838895469b5a0fe25142b4a85d13f2252072bd33de5266b422aeb3da3549ad,held,pass,H67;H64;H3,,day,ambiguous_122003,institutional_or_compound
FGDC-2086,bd773c3800492e488e84f228dae101eb196ecff16380e3b523bde65fe4eaacca,held,pass,H67;H64;H1,,day,range_or_status,institutional_or_compound
FGDC-2087,7dea62b2cc2f4b09ccae7fa6738dbb64a641941b5846ab3ee8352a2fea25494c,held,pass,H67;H64;H1,,day,range_or_status,institutional_or_compound
FGDC-2088,b611eb2e2ef02047ee2d0241eaae29d027c79a4fbfe027b1815753760f631210,held,pass,H67;H64;H3,,day,ambiguous_122003,institutional_or_compound
FGDC-2089,6cc6368b354211503921302dd75b91ab2bbc57385b8bea6c1f147b1c93666911,held,pass,H67;H64;H3,,day,ambiguous_122003,institutional_or_compound
FGDC-209,ed174b2bd08019598262fe56a03a3a580845712d6e67b7df1f1d85e3ca19073a,held,pass,H67;H64;H1,,day,range_or_status,institutional_or_compound
FGDC-2090,36a2045675ddb9653c2c8ea9dfc37a1b9147ce2ecc5787b3271ab2235e0859ac,held,pass,H67;H64;H3,,day,ambiguous_122003,institutional_or_compound
FGDC-2091,4bdb0711d2c1285ad889a1602af08662dae74970dc6c107be0416963305bbe89,held,pass,H67;H64;H3,,day,ambiguous_122003,institutional_or_compound
FGDC-2092,1cda3bf011cd1c7bdf05d126da27c6a4d097a72eb704f35b4b0380a8f3eb15f4,held,pass,H67;H64;H3,,day,ambiguous_122003,institutional_or_compound
FGDC-2093,058419e4da4168929a111f6abbe5bdd3ce6e2882a41061220dc19bc3332d7919,held,pass,H67;H64;H3,,day,ambiguous_122003,institutional_or_compound
FGDC-2094,72b0e89b082261e288700559d3974492197577984aadca5888d52daac8b24b99,held,pass,H67;H64;H3,,day,ambiguous_122003,institutional_or_compound
FGDC-2095,d3a805349bfdcee3cf4dc2c90b9f3cf1925f442f784908163af7927d8b82ff82,held,pass,H67;H64;H3,,day,ambiguous_122003,institutional_or_compound
FGDC-2096,a2dd051817583ff037d54794785b1879364fb284e88f0ef1efc650eb7f75b128,held,pass,H67;H64;H3,,day,ambiguous_122003,institutional_or_compound
FGDC-2097,51b9288c243fe03f14e4de710af68b3d272c49d4d16d9b915758d8b0fe52823f,held,pass,H67;H64;H3,,day,ambiguous_122003,institutional_or_compound
FGDC-2098,ba5a75e25fb2fb3b1c117bf6f8d269fa0797251af3cba2ad7f6263b645e74a36,held,pass,H67;H64;H1,,day,range_or_status,institutional_or_compound
FGDC-2099,1bc89d495108b51b517468eec2c874248d17827bfe4489cacae09d02dda1fea6,held,pass,H67;H64;H3,,day,ambiguous_122003,institutional_or_compound
FGDC-21,c79e17ea17b6dd2659dea129b191a32258674dbca183dc2e398cd83bab68fccd,failed,not_constructed,,,,,
FGDC-210,04725ca36713d8c7678ffac2f0e8f774389c7aaaaaff43870b64ec2bc8e4a901,held,pass,H67;H64;H1,,day,range_or_status,institutional_or_compound
FGDC-2100,85f93dd81c8a0ab3562a7e4614bf33c91017657903c3d10933aea5125c1fd5bc,held,pass,H67;H64;H3,,day,ambiguous_122003,institutional_or_compound
FGDC-2101,3325cd0ad7806ea7c72f496706079b3ceb1bb5bc556bae1968a9acf65472a0b3,held,pass,H67;H64;H3,,day,ambiguous_122003,institutional_or_compound
FGDC-2102,36ac4d3f2f6bf17be8d2ce28f23eb97a1b61b31f42e60d6417acb7b5630b180f,held,pass,H67;H64;H3,,day,ambiguous_122003,institutional_or_compound
FGDC-2103,cb9f3f2f775c70b1cf0dabfaa5211ca68c0f082c650c86e1f8b6d1db5a2c862b,held,pass,H67;H64;H3,,day,ambiguous_122003,institutional_or_compound
FGDC-2104,ac68e09e402561da7447e175ab19640f68ed47df677577e1b16cde8a06d2e47f,held,pass,H67;H64;H3,,day,ambiguous_122003,institutional_or_compound
FGDC-2105,fd524d07eb7e6211e0149c24417f69edbd4e24b0f56782c21bea2c6b19ee3090,held,pass,H67;H64;H3,,day,ambiguous_122003,institutional_or_compound
FGDC-2106,e0a511912dcf9cefa70f79cd0d72b6ce29260b51e37659e3a76cdd9f5deab656,held,pass,H67;H64;H3,,day,ambiguous_122003,institutional_or_compound
FGDC-2107,d1ea85fa12c1e4b676b8da34b53c401038fcc7b6010d969b2739f24d4cc2d8ae,held,pass,H67;H64;H3,,day,ambiguous_122003,institutional_or_compound
FGDC-2108,53c63a3d5cf812008372a00d7f380cbdb8717e276e59a20f6e71943080c0a2be,held,pass,H67;H64;H3,,day,ambiguous_122003,institutional_or_compound
FGDC-2109,35d83391ac4f6a0a0469aa39d11f279566054aeb5bc0b8543f36d51591849eb9,held,pass,H67;H64;H1,,day,range_or_status,institutional_or_compound
FGDC-211,04260a3362034ecf6f3b3c49df882ae6ce18fbe5fbd239bd6a45c88101617e7d,held,pass,H67;H68,,day,range_or_status,institutional_or_compound
FGDC-2110,5401a8b1a47091717bc45dc8b3339473fdfc87f50ce736c442837de0cc9cf19c,held,pass,H67;H64;H3,,day,ambiguous_122003,institutional_or_compound
FGDC-2111,3ba504fb73fb0f8320521aff6564cf194b17edf8a24886c406b1797f06c38999,held,pass,H67;H64;H3,,day,ambiguous_122003,institutional_or_compound
FGDC-2112,4425477f44c85e12e94c6ce9f0d374c5eab96548dac193bbd0ed2f655c9b67c7,held,pass,H67;H64;H3,,day,ambiguous_122003,institutional_or_compound
FGDC-2113,f9307f7d69b5b35fdb631e8648a7d27a476771f83e9642b287ca54a358973a6f,held,pass,H67;H64;H3,,day,ambiguous_122003,institutional_or_compound
FGDC-2114,9f9a5ac42d3da17f4c1c582635d83ee67565c524efcd5cb14403c4051f02a117,held,pass,H67;H64;H3,,day,ambiguous_122003,institutional_or_compound
FGDC-2115,1531d05142c1aed21f063e36cb14fb19530e1e60a702fb1faf135231c45ee89f,held,pass,H67;H64;H3,,day,ambiguous_122003,institutional_or_compound
FGDC-2116,857999799971bdc9172e560af74c198d393a000ecdcb879c08a3443126f13b0b,held,pass,H67;H64;H3,,day,ambiguous_122003,institutional_or_compound
FGDC-2117,eb8239f834ea2c7e5d51ed6630f1b4acf6fae61418fa981e103719afe2862a2e,held,pass,H67;H64;H3,,day,ambiguous_122003,institutional_or_compound
FGDC-2118,75455a6a1971bdab7af527f8ffea5d0c001532efc97170df4090d4d260c92a2b,held,pass,H67;H64;H3,,day,ambiguous_122003,institutional_or_compound
FGDC-2119,408933006cc76d91324bc8aa53d31d8c079bbe2ab7e685a1c937490989210ac0,held,pass,H67;H64;H3,,day,ambiguous_122003,institutional_or_compound
FGDC-212,0817194cb8c3058c4952c1e08b7ea06cd118b8b2c36bfea710301e0dd99fe414,held,pass,H67;H68,,day,range_or_status,institutional_or_compound
FGDC-2120,e7792ad4e29735d4a4d9a161e8fef7a0cf3eb25a44ded551ae8ca0c77012f48d,held,pass,H67;H64;H1,,day,range_or_status,institutional_or_compound
FGDC-2121,3216af6c3da9eccd3883b8c43a05e11c616fa2f1e86d2c254ad6ea048f5488d2,held,pass,H67;H64;H3,,day,ambiguous_122003,institutional_or_compound
FGDC-2122,18b1aa9de84910273e9615d1022bc0679b46b863847d0314a8bc181ac4d4173a,held,pass,H67;H64;H3,,day,ambiguous_122003,institutional_or_compound
FGDC-2123,f106e75fa232f3159e6a619ef398c6502736a474dc49e1b4e5b5f3a98f6a9188,held,pass,H67;H64;H3,,day,ambiguous_122003,institutional_or_compound
FGDC-2124,b950cf909cd177ac133fbe5ffbea976966e2cdfd4bb6e9bec857fe4c6ad47447,held,pass,H67;H64;H3,,day,ambiguous_122003,institutional_or_compound
FGDC-2125,69d84466023a8189e3911eed085ddea40a3ff36e649a5a2727cbf54194b88b04,held,pass,H67;H64;H3,,day,ambiguous_122003,institutional_or_compound
FGDC-2126,0b313cb66ed7e56d6a9e0679daa2dff3d93267f66d9520b15f665cc5572332fe,held,pass,H67;H64;H3,,day,ambiguous_122003,institutional_or_compound
FGDC-2127,0735d755e9b1a8babd68b67168f4ec0f02667558a12b59d9425d0fd1c15c5200,held,pass,H67;H64;H3,,day,ambiguous_122003,institutional_or_compound
FGDC-2128,b1524a243c538c3a1396628bb66d140de0b4e7a18079dfa2c67fd91c28622f70,held,pass,H67;H64;H3,,day,ambiguous_122003,institutional_or_compound
FGDC-2129,904bbbe342bb6d78bf59ff5ce270fa13084ad03747f914b88eb2722b775d0708,held,pass,H67;H64;H3,,day,ambiguous_122003,institutional_or_compound
FGDC-213,7acdc5670bac0268c10fcaf4909115a01b0e3748db0b334681da49249a60f62e,held,pass,H67;H68,,day,range_or_status,institutional_or_compound
FGDC-2130,73d471fd4087206cd98426d78dc917e08154c588e1dc81e874afe9e877f7e0d7,held,pass,H67;H64;H3,,day,ambiguous_122003,institutional_or_compound
FGDC-2131,4625beba6d42f4f0170882f9d226ede953e33387037619fc6ca10ada310b07ba,held,pass,H67;H64;H1,,day,range_or_status,institutional_or_compound
FGDC-2132,1a27829d6f92ab348d40d281ef0daa000795afcfb18b7fb96a4693f85b00cb33,held,pass,H67;H64;H3,,day,ambiguous_122003,institutional_or_compound
FGDC-2133,5774b663f2f9aa6bd360ae03b0934921518efea6e3e61b12a633496427210aa4,held,pass,H67;H64;H3,,day,ambiguous_122003,institutional_or_compound
FGDC-2134,71563368b444fdeb7fd897653c318437fb4a0a45b8745750fabfb37a5b93cf8d,held,pass,H67;H64;H3,,day,ambiguous_122003,institutional_or_compound
FGDC-2135,67378702f14b350ef7786b433d6bf1f53f24455c21f273229a749ebff04d90fd,held,pass,H67;H64;H3,,day,ambiguous_122003,institutional_or_compound
FGDC-2136,0be4b99ef1eb3b87057cb8fdc31b2a4ed6295d1579cf189977ca99045e3c128d,held,pass,H67;H64;H3,,day,ambiguous_122003,institutional_or_compound
FGDC-2137,3d66afa9fdfe6e7320d8b76274989cc8c4e80cfd942be57754e0c666cf6aedab,held,pass,H67;H64;H3,,day,ambiguous_122003,institutional_or_compound
FGDC-2138,f4d991a0933cbd393f01ff3e0f6e50fcc8872e921311e45d06a6621b8d4a64ce,held,pass,H67;H64;H3,,day,ambiguous_122003,institutional_or_compound
FGDC-2139,1af2f64610985fda1b2f4da15a41024153a4e2da48eb3c9d6a58c202f3bbdea6,held,pass,H67;H64;H3,,day,ambiguous_122003,institutional_or_compound
FGDC-214,5d64333cc50db0669e8ce36e9c8c9b50b1c057aefc5f00912220ecc3ee675233,held,pass,H67;H68,,day,range_or_status,institutional_or_compound
FGDC-2140,4deaee2c2ad90f1da0b5a95af8bdc780933debb641bf15b278e7433a2777ce96,held,pass,H67;H64;H3,,day,ambiguous_122003,institutional_or_compound
FGDC-2141,74273db76eedd0945bb8bebdef451a2ac19cc2b393532d69d706216378b0f23a,held,pass,H67;H64;H3,,day,ambiguous_122003,institutional_or_compound
FGDC-2142,96afb10f7c3fd66340bcf181809fc78819d6d9d51e68312f0af572fd1a74e5c6,held,pass,H67;H64;H1,,day,range_or_status,institutional_or_compound
FGDC-2143,aecd731e910325ac7b12ac48e67a13978ff6535a2992f9c9dac94a6ad96d7edc,held,pass,H67;H64;H3,,day,ambiguous_122003,institutional_or_compound
FGDC-2144,fdf11980f95644330769782669c05bfc9382ba80779c4f6759cb45db2ebe1786,held,pass,H67;H64;H3,,day,ambiguous_122003,institutional_or_compound
FGDC-2145,bf3ca7736636a2cba7e8a5ce877b5da34b0a3492ded90460204dba99a6506dd4,held,pass,H67;H64;H3,,day,ambiguous_122003,institutional_or_compound
FGDC-2146,3120564b02668cdca3a93af58ff787b3ebcb2c2c7731ef69cd355350270304fd,held,pass,H67;H64;H3,,day,ambiguous_122003,institutional_or_compound
FGDC-2147,a284ac5dc0a3ac761cc7bc16933399205872abce52f23768a75f38b8e403d3f1,held,pass,H67;H64;H3,,day,ambiguous_122003,institutional_or_compound
FGDC-2148,d886b57104735acd9e95e032291c4a66c8188a38b5b78f161b80d02c5def4ec6,held,pass,H67;H64;H3,,day,ambiguous_122003,institutional_or_compound
FGDC-2149,95c0bd2fac8dd95af00f2d55111329bc9a79deb5ef6447447d2a15a2c834601f,held,pass,H67;H64;H3,,day,ambiguous_122003,institutional_or_compound
FGDC-215,42b8319d8a9158c2d24836f290a3fdcda209a172222a32d0a7c9e1cac31f0f55,held,pass,H67;H68,,day,range_or_status,institutional_or_compound
FGDC-2150,535475823cf5b459abb75ef4ee5e3bb170546c5fa8e361e04528bdf7168faf24,held,pass,H67;H64;H3,,day,ambiguous_122003,institutional_or_compound
FGDC-2151,44a67acb0691ab3eb414bf00fb6a0abf87efcb4d822f13266cdcf63a542e285e,held,pass,H67;H64;H3,,day,ambiguous_122003,institutional_or_compound
FGDC-2152,0446409aac6ebf11c34febd837f4a9fae64ba12f2c4900f33245fb25f27c7cc3,held,pass,H67;H64;H3,,day,ambiguous_122003,institutional_or_compound
FGDC-2153,36ced06a09f7202a798e931fdbd7a2592e920e46134ce40fd98fd0fc44f6e24b,held,pass,H67;H64;H1,,day,range_or_status,institutional_or_compound
FGDC-2154,31eebf160b56ada2f1396a4af193d8e5056df5d03a6a93e0b806232f8c7938f7,held,pass,H67;H64;H3,,day,ambiguous_122003,institutional_or_compound
FGDC-2155,d4cc21633a8e65c52df6fad5ede98ac57174137fa99ebebd01264a85a3c68ed5,held,pass,H67;H64;H3,,day,ambiguous_122003,institutional_or_compound
FGDC-2156,2e65b8d6a8ed1641d63b2cfc4dd44c5f9e9d23d8ed1bb87bf0fb9cbb114926f1,held,pass,H67;H64;H3,,day,ambiguous_122003,institutional_or_compound
FGDC-2157,da000f0fcdc8cacdd21464a9ad6c273ebf5d7d51062e0bc26feca15e41206ee7,held,pass,H67;H64;H3,,day,ambiguous_122003,institutional_or_compound
FGDC-2158,d22003f1db13adf730386350b8be1346060dc615e3516c4addc201be3ed211f3,held,pass,H67;H64;H3,,day,ambiguous_122003,institutional_or_compound
FGDC-2159,1add88af56a40095ef17f4d90e0e2e6dfa2c7891691611dc15e202d1af093292,held,pass,H67;H64;H3,,day,ambiguous_122003,institutional_or_compound
FGDC-216,acab56c11eb74da02e41420ffd186ab1a606655f49c534ba7a76d47bcaba4fa0,held,pass,H67;H64;H1,,day,range_or_status,institutional_or_compound
FGDC-2160,eebdfe71da8152af6582db15e0ee69114f5a63fa7f4740924b1d1c99f02d6dc0,held,pass,H67;H64;H3,,day,ambiguous_122003,institutional_or_compound
FGDC-2161,49fffff4969aadcc572f72a8e13a119d781898b8edcdbc5423d9ab786fc920dd,held,pass,H67;H64;H3,,day,ambiguous_122003,institutional_or_compound
FGDC-2162,1d9b09edefac35011af719d8600dde8b704d2e2709494d10236d2549e0c51edc,held,pass,H67;H64;H3,,day,ambiguous_122003,institutional_or_compound
FGDC-2163,223fadc10764757f7cbaa84ae708eb63ea37cd70f860a44c53efe7916bf05bbc,held,pass,H67;H64;H3,,day,ambiguous_122003,institutional_or_compound
FGDC-2164,50855d19c945d519b8c3c9e78da815c9bc66c95676a0e118bfec4a807ccc41c8,held,pass,H67;H64;H1,,day,range_or_status,institutional_or_compound
FGDC-2165,ac109324190db1446e9206338e6a2ab38a0182473182dd132373458c861fa661,held,pass,H67;H64;H3,,day,ambiguous_122003,institutional_or_compound
FGDC-2166,19b460eef267ef6b9e579f8e600a16881da385dc67b3795df356b2d211023c69,held,pass,H67;H64;H3,,day,ambiguous_122003,institutional_or_compound
FGDC-2167,24f53024e744f3e0724ec30ba2a75d69a72ac2e0a1c334f9717cb3aab699e166,held,pass,H67;H64;H3,,day,ambiguous_122003,institutional_or_compound
FGDC-2168,2af251533784b08287f3c50985603fff354bb1841a449b7148dc469f55cf1506,held,pass,H67;H64;H3,,day,ambiguous_122003,institutional_or_compound
FGDC-2169,4f69d72bec92132f4930c5827a3b5bf3f37dac495fbd3c27c526cb46ebc722e9,held,pass,H67;H64;H3,,day,ambiguous_122003,institutional_or_compound
FGDC-217,b3ed203bc6537efd7688d1f565b7705f870401acd5accafe4999e9e5f1f380f6,held,pass,H67;H3,,day,range_or_status,institutional_or_compound
FGDC-2170,2f119132345d98e2a8ae7a959ec20f0edfce26e185860587ec45aef7977c2c0c,held,pass,H67;H64;H3,,day,ambiguous_122003,institutional_or_compound
FGDC-2171,b5ed951447355a825684fc7fdcca9cfbed534204312346fcfc6946f60b634e7b,held,pass,H67;H64;H3,,day,ambiguous_122003,institutional_or_compound
FGDC-2172,d27e5b6b82f1c28efdad184c0e9f67e15dbb51b851796efade597aa50a0f1ce6,held,pass,H67;H64;H3,,day,ambiguous_122003,institutional_or_compound
FGDC-2173,0b209f21bdeba0919836287daec623745cf02d8cf1ed380794db7ada69e6ac15,held,pass,H67;H64;H3,,day,ambiguous_122003,institutional_or_compound
FGDC-2174,bf2e355e5424bae4391eb2be21f96305094369e7fea7239dad18ddbc2bfa6e1f,held,pass,H67;H64;H3,,day,ambiguous_122003,institutional_or_compound
FGDC-2175,c40a846b5cb57f4c507a356238ca323c33bc881cd80f9426441174841abab907,held,pass,H67;H64;H1,,day,range_or_status,institutional_or_compound
FGDC-2176,6ea3b1973b525ba06f91d1183843af66910e75ad52830776a87718522c1e149a,held,pass,H67;H64;H3,,day,ambiguous_122003,institutional_or_compound
FGDC-2177,4cf59ed2e2e7e7bef8357262cfda447e08b99136f54e06c909dcabeba20317f8,held,pass,H67;H64;H3,,day,ambiguous_122003,institutional_or_compound
FGDC-2178,0317a9e366fc02e153ed0095960090458adac70fe44e64170eb872af20c28efc,held,pass,H67;H64;H3,,day,ambiguous_122003,institutional_or_compound
FGDC-2179,68dbca75b3d536c3e8982bdc9499bcb3f07608513c7624e0fcfc16f88bb0371d,held,pass,H67;H64;H3,,day,ambiguous_122003,institutional_or_compound
FGDC-218,04fd251ef538126fc4a3bb1b963a76e6a22fa89d290915ee69e44eb64cf944e5,held,pass,H67;H64;H3,,day,range_or_status,institutional_or_compound
FGDC-2180,61c1e00371e12ce539fce36b83617c6747a4eba7f0ccf2494414ccd9c1fd479d,held,pass,H67;H64;H3,,day,ambiguous_122003,institutional_or_compound
FGDC-2181,20a9484997a5bb06b197a128631bf550e9b8dc8cd36855f71644b5024d24fb46,held,pass,H67;H64;H3,,day,ambiguous_122003,institutional_or_compound
FGDC-2182,5351f4c811934501410ef70e7b863cc8461b06094438e612e8d4f290cad6d49e,held,pass,H67;H64;H3,,day,ambiguous_122003,institutional_or_compound
FGDC-2183,b66bf8ec3ca1f944d0e4d46b338b21d844a6175f5ba03063b7b0009e07f0454c,held,pass,H67;H64;H3,,day,ambiguous_122003,institutional_or_compound
FGDC-2184,fe262839b786e9fcea6396e202cb7940603a78e0a939f537342bca392a15e116,held,pass,H67;H64;H3,,day,ambiguous_122003,institutional_or_compound
FGDC-2185,9f0a899cd6d11cb91fea232ef05413b9e5094d083a7337f55942852b1d042120,held,pass,H67;H64;H3,,day,ambiguous_122003,institutional_or_compound
FGDC-2186,e481d9dd3a867fe2b319a52c9bc2a461be251c45228cc0baa22f1736078a898a,held,pass,H67;H64;H1,,day,range_or_status,institutional_or_compound
FGDC-2187,ba4fda2af7a1f27e8ae46da81b0a2d34d9a74ef9b75c342ddd0bcc748ba1e7c9,held,pass,H67;H64;H3,,day,ambiguous_122003,institutional_or_compound
FGDC-2188,e18dd3aea23da565926b38a6b0678301c9d2efdda0ba48301ef1c6b366ae1b26,held,pass,H67;H64;H3,,day,ambiguous_122003,institutional_or_compound
FGDC-2189,51ab7541961e46d7c10bf7a07f52400693c12eebba2571d611b8422601b6e90c,held,pass,H67;H64;H3,,day,ambiguous_122003,institutional_or_compound
FGDC-219,ec32548564fc7b80df7f15f548a07712c71b9237b6758d507a8a42e8f804d191,held,pass,H67;H3,,day,range_or_status,institutional_or_compound
FGDC-2190,374677c131a80a5d439aeeaf56b85e165296bd4c4c9cef9dc76f1830c08992e5,held,pass,H67;H64;H3,,day,ambiguous_122003,institutional_or_compound
FGDC-2191,eb1a2a0e6d738c7e46116d74e9e871d3edf421602b591a1bbf485b7268981582,held,pass,H67;H64;H3,,day,ambiguous_122003,institutional_or_compound
FGDC-2192,6fb4071df3c5a3cefc06f58ad73c2f32cbb7a4b3ea98c5c07d8fa67edc563661,held,pass,H67;H64;H3,,day,ambiguous_122003,institutional_or_compound
FGDC-2193,cdf5adf1ed77c2095b36eeed6505a61f83e7a409bcaaa9d3c9ab339dc16e42a6,held,pass,H67;H64;H3,,day,ambiguous_122003,institutional_or_compound
FGDC-2194,5cd7d1a975a4bd2cb96c25596ead5a5b58da935db22f3f4862088795cbf84b06,held,pass,H67;H64;H3,,day,ambiguous_122003,institutional_or_compound
FGDC-2195,dc0b525afaf62aa43156c454e499f81b85edc92a45e2a3c76b9b8b2ae2e8771a,held,pass,H67;H64;H3,,day,ambiguous_122003,institutional_or_compound
FGDC-2196,621e25aa358ef35f938519fccd0f0c2b962fde868760f6f1ff6034d5513dfd8a,held,pass,H67;H64;H3,,day,ambiguous_122003,institutional_or_compound
FGDC-2197,421c742efcfd50498a916673e4a4e4b257b67a2929205d40cff11e2a07ba1113,held,pass,H67;H64;H3,,day,other,institutional_or_compound
FGDC-2198,ee67bb3698a9a28c795bcd33ce257056d9c82e1fbc64ba4142d387d817d84438,held,pass,H67;H68,,day,other,institutional_or_compound
FGDC-2199,0b88e951906557a80c1b19c0bf0486c04c73a9c979f31bb62155ffae355fc9d5,held,held,H67;H64;H16;H46,,day,range_or_status,institutional_or_compound
FGDC-22,1f38d480ac35c5d5da114ac76f47ad2cb7e73714f2d0afa806a34296f0ea17e6,held,pass,H67;H64;H1,,day,other,institutional_or_compound
FGDC-220,fce51db3ee39095750490bad1bb3ac92c5ce13aa6168b5a9fdd76810126e9868,held,pass,H67;H64;H3,,day,range_or_status,institutional_or_compound
FGDC-2200,9d529ea82c1a1f9b4de8c31f0fd7456d679a6d2e0bfd6d3d3764c3f233af07b7,held,held,H67;H64;H26;H56,,day,range_or_status,institutional_or_compound
FGDC-2201,8bc0407a39c731c209b02bdc8a3fa933c8cefbcd28675dc099c570343a58a3b4,held,pass,H67;H64;H1,,day,range_or_status,institutional_or_compound
FGDC-2202,60bda218f30b60d82b078166140a05f814c4973b7543062e7bcf7ecc5726ccdf,held,pass,H67;H64;H1,,day,range_or_status,institutional_or_compound
FGDC-2203,26a124c319700c334e22479d1dde95e9d0fa4991948a034c1eb9a9e3337e766e,held,pass,H67;H64;H1,,day,range_or_status,institutional_or_compound
FGDC-2204,f9b4b0da0d0d0ebf384b1ceb35114def541bf7fd3dca224925d9ac049d3c613a,held,pass,H67;H64;H1,,day,range_or_status,institutional_or_compound
FGDC-2205,af2d42cbf91c98002bcd36b2d530f95e62b8068953a3a41a9e942898043d40ec,held,pass,H67;H64;H1,,day,range_or_status,institutional_or_compound
FGDC-2206,535b89eda0318388891aa02b7d95ae02ae21178d1e06de24e59941438782364f,held,held,H67;H64;H8;H38,,day,range_or_status,institutional_or_compound
FGDC-2207,f0fabf04737c6869e50dd333114baf2f37fa3829d782d3fe5a1112756f39b325,held,pass,H67;H64;H1,,day,range_or_status,institutional_or_compound
FGDC-2208,af7162f91eea13b045f63f7638510c73d2c44410da00b575895aa125e64430d5,held,pass,H67;H64;H1,,day,range_or_status,institutional_or_compound
FGDC-2209,76fc0625c9201f180914eeb572d9c4d6f361e5d21066a51c26748f70e0fb053f,held,pass,H67;H64;H1,,day,range_or_status,institutional_or_compound
FGDC-221,8712477b137fc969e1a3c24a7c9570c20115971b2f9458790eb14234963cfb50,held,pass,H67;H68,,day,range_or_status,institutional_or_compound
FGDC-2210,7d50f6be0fd8de099b998f7b4a953cea2251cfbdae9d472ae94641c53d809fb3,held,pass,H67;H64;H1,,day,range_or_status,institutional_or_compound
FGDC-2211,5973dd71326bdc42e01e82db4c9fbed2cb149c362bb901e4e8ce3d12b4ecae10,held,pass,H67;H64;H1,,day,range_or_status,institutional_or_compound
FGDC-2212,858642592248ef94bea9d4ef28b1fb1564a316567134310f9bd7b9a9b9e6fb7a,held,pass,H67;H64;H1,,day,range_or_status,institutional_or_compound
FGDC-2213,05567b31d4e9274cc8bee3b73dce49b412261c72717d639ad780b6c995559ef7,held,pass,H67;H64;H1,,day,range_or_status,institutional_or_compound
FGDC-2214,b7b1eda4204bf3ff26a24a85fd421bb1cb896a37605eeac0a44cc9901c913a01,held,pass,H67;H64;H1,,day,range_or_status,institutional_or_compound
FGDC-2215,a1dd6af9c5221a08837dcda3fc4db4b16486773067e66b69714e0a2b543a2bad,held,pass,H67;H64;H1,,day,range_or_status,institutional_or_compound
FGDC-2216,8ae10e837e5b914bc8733cf14773acc6653200192456464ee8518b2ce2df8fd4,held,pass,H67;H64;H1,,day,range_or_status,institutional_or_compound
FGDC-2217,81fce8fc6e5869d21089801970e300d5ebe02bda174c16e729f39fd70729d96b,held,pass,H67;H64;H1,,day,range_or_status,institutional_or_compound
FGDC-2218,bcf1fd5c6b9e6bd7977ab46d4912985da600d08e8acc99caeef017ae7b15335a,held,held,H67;H64;H7;H37,,day,range_or_status,institutional_or_compound
FGDC-2219,3b3ef1e3e66383d06137642421567873774c2e84cef66304e14f6509fce93012,held,pass,H67;H64;H1,,day,range_or_status,institutional_or_compound
FGDC-222,04cf67c52becf663c9c7e54ae228cfcab0e84ef39cb1b8b606180807a79520d0,held,pass,H67;H64;H1,,day,range_or_status,institutional_or_compound
FGDC-2220,74411a07c062ab39054bfb04260bcfa922a806d8a0d5843744668a8993da4738,held,pass,H67;H68,,day,other,institutional_or_compound
FGDC-2221,ca85694ce15fa4947ba854acfe1bf265aa8456afc4a61f5426496a63b9d54aa0,held,pass,H67;H64;H1,,day,range_or_status,institutional_or_compound
FGDC-2222,9bf0d6abb3fdee0586f5f3e9bbdb08d5ad83a0e09cc633a20346818a86bf449e,held,pass,H67;H64;H1,,day,range_or_status,institutional_or_compound
FGDC-2223,83ab7944d62b5584f39744585a55d7d389b37268a8256c8636f8f97a00ed2ffc,held,pass,H67;H64;H1,,day,range_or_status,institutional_or_compound
FGDC-2224,31f2ba013ac6e7b9f05fbe519b28b2d74b5e8761991cedab1b6adcb56d56095b,held,pass,H67;H64;H1,,day,range_or_status,institutional_or_compound
FGDC-2225,4471f42a689ffb09358abf760430f0ec06ac70affe38f1d936aade50d368b6d3,held,pass,H67;H64;H1,,day,range_or_status,institutional_or_compound
FGDC-2226,d65b4d55cf4624b01150f0053f5542f7c2fce48eb9133aa7d0c113372b52de52,held,pass,H67;H64;H1,,day,range_or_status,institutional_or_compound
FGDC-2227,28f7815403b5c213f35cead1ec362776d46145c7f6bb9d9715d066445a394d75,held,pass,H67;H64;H1,,day,range_or_status,institutional_or_compound
FGDC-2228,141b02ba492c39db7996678e24917a951d1acd5bb5fae5d105044f78b996e37e,held,pass,H67;H64;H3,,day,other,personal_or_unknown
FGDC-2229,1b76d5b088aa37631ce835434285121f22f0ac39f048a27d0fbedbb19895f8ee,held,pass,H67;H64;H1,,day,other,institutional_or_compound
FGDC-223,fdce4cd830eaea90080fa1ce9807c76956ab37e798f3d3ace02a34f28b18e2e9,held,pass,H67;H64;H1,,day,range_or_status,institutional_or_compound
FGDC-2230,c9d928ce2f652bed7d8f0856ff74e8e7ce7d9a3644db6d81652bfe70da21862f,held,pass,H67;H64;H1,,day,other,institutional_or_compound
FGDC-2231,3eaba5815df33268d06e837b3e23a366309e22410de276adcc72e7158a4a9353,held,pass,H67;H68,,day,other,institutional_or_compound
FGDC-2232,8c0498452f5d0d971257c46731e690ab78297694f4c3f61f07a8df834f7b850f,held,pass,H67;H64;H3,,day,range_or_status,personal_or_unknown
FGDC-2233,b7f54651673b137afc642a394edfe32f78fec337c6c9282e68dc3844e429e028,held,pass,H67;H64;H1,,day,other,institutional_or_compound
FGDC-2234,738310467146a506a49ff6cad2500c00cdd4edbdcc12f1e21a0252bbcf822095,held,pass,H67;H64;H3,,day,range_or_status,personal_or_unknown
FGDC-2235,87987d08962dd27c2a63a3ef9290dceddecd9ae4a108ae5256bec28a3cf2378d,held,pass,H67;H68,,day,other,institutional_or_compound
FGDC-2236,65a9efe465eed3fb44f6a6d173f00150babcc5b243724a7739425e78cbbc10fb,held,pass,H67;H68,,day,other,institutional_or_compound
FGDC-2237,c37662eda463c10f592c8467b812f3c3180617d25b2a448b03f80b24c5d6e89a,held,pass,H67;H68,,day,other,institutional_or_compound
FGDC-2238,b5b2e75069a8ecc4cfc10b5cc3a144fa68b5f0b1ee3e085a3a3c0b681e66c6e8,held,pass,H67;H68,,day,range_or_status,institutional_or_compound
FGDC-2239,6aa70c93a0221bd3ecafdb1ef39fe88a73594d3ac99d9af5bd243e5581ad4c16,held,pass,H67;H68,,day,other,institutional_or_compound
FGDC-224,08cbacf5fbced78f6654e76c98e984b9208a6117f55b37893de74c6c87775f28,held,pass,H67;H64;H1,,day,range_or_status,institutional_or_compound
FGDC-2240,e30ea7b60de9ce894b02ba01de05d336a68f7fcceaf6acac2d3bc831424cf0b2,held,pass,H67;H64;H1,,day,range_or_status,institutional_or_compound
FGDC-2241,c8d0f941df03d5180ccd9a3dad6fc7b0cd220270b96ff981e7725033f97dc013,held,pass,H67;H64;H1,,day,other,institutional_or_compound
FGDC-2242,459f5ff595a42f3a7b92d54a540accb6d8592e99563921a16d66f18fe604ca27,held,pass,H67;H68,,day,other,institutional_or_compound
FGDC-2243,078bd201caf188950b3856773a30e09dae1cb40486689bfb55fdc9c0ed85f4fa,held,pass,H67;H3,,day,other,personal_or_unknown
FGDC-2244,9703a1f5392dac8c872c70296b8d4eb7748096a66c1664e553bfeec5d2ca63ea,held,pass,H67;H64;H3,,day,range_or_status,personal_or_unknown
FGDC-2245,c7c5d62f30de61f4029e90acf83b939c6be58145ea7aab0b073d06fcf8ab5c4c,held,pass,H67;H3,,day,range_or_status,institutional_or_compound
FGDC-2246,4f747d0d3940b1d2da292ca19ecfc846f37191ee7b40f718095b24bd9320d8b4,held,pass,H67;H68,,day,range_or_status,institutional_or_compound
FGDC-2247,785bd21fbfa65c3695c2019d0366b71a1506b196478859d599e865d0e3fce700,held,pass,H67;H68,,day,range_or_status,institutional_or_compound
FGDC-2248,c699fedca5993cd16e8326666e9e3dd08cbd24d2ab33d3d1a982e503992ea639,held,pass,H67;H64;H1,,day,range_or_status,institutional_or_compound
FGDC-2249,c92294002cfc984626782042cf0abef90740c9246c312576bc7e570aec980425,held,pass,H67;H68,,day,missing,institutional_or_compound
FGDC-225,5b6cde3d975155a56e06ad07442a017e308044b720b76affdf7811ba05ae43c6,held,pass,H67;H64;H1,,day,range_or_status,institutional_or_compound
FGDC-2250,8a40fac519598ec6e8b0458611b0123afd94c07f2be91dfd47b0c7a85f09c66e,held,pass,H67;H68,,day,range_or_status,institutional_or_compound
FGDC-2251,dd746ebd1c5b13de97b246bf7f70813ffc853698d0394e9dbc2c20571403f607,held,pass,H67;H68,,day,range_or_status,institutional_or_compound
FGDC-2252,546e05ea3112365157fffc5bf8b80ccf9e9fd21d07f2d1f892ef2c2edb64037b,held,pass,H67;H68,,day,range_or_status,institutional_or_compound
FGDC-2253,750c538263cfd763d5dbdd2e69801faaa98081fa53e7c53daa2b4ce63b74509f,held,pass,H67;H68,,day,range_or_status,institutional_or_compound
FGDC-2254,bcc982f9aac63b70a21acda42ff959081bd356f7494a020d3fd9146c50060f19,held,pass,H67;H68,,day,range_or_status,institutional_or_compound
FGDC-2255,7ba3de847e36f6b7458ccf3db9fbfae0af69eddcf173937eed9d9c7062678ec2,held,pass,H67;H68,,day,range_or_status,institutional_or_compound
FGDC-2256,e0f09c55a5960dd7ff7cfff6076f5dac7ca0c5f0535d0717c3f501533cc4af96,held,pass,H67;H68,,day,other,institutional_or_compound
FGDC-2257,c2ed80d2985a6dda9cde61e7af6c8c6f0c855ced7a234d044a4e1f8e3c997027,held,pass,H67;H68,,day,range_or_status,institutional_or_compound
FGDC-2258,3a20f123d08e1c4eea8fdd4f3ab8159af330c776161f33cf7ef5e00addcf30d9,held,pass,H67;H68,,day,range_or_status,institutional_or_compound
FGDC-2259,e71778d5a4bc450b1d69f2857b827085f93afd09f36f63dd7a04fc1fd25a7c22,held,pass,H67;H68,,day,range_or_status,institutional_or_compound
FGDC-226,d16f2c88822d8650049019ce1377961986642d9b764165675f932bed3ff2a518,held,pass,H67;H68,,day,range_or_status,institutional_or_compound
FGDC-2260,5bfbcf94ba20d1925b96ff53f6aada294c9f7e3040ca56f013acbff1bf97617e,held,pass,H67;H64;H1,,day,other,institutional_or_compound
FGDC-2261,a5b3e635cb489b1dda385427b3898dcc1f2c41a8617f21dd05e76d2da3b21852,held,pass,H67;H68,,day,range_or_status,institutional_or_compound
FGDC-2262,aec65afcb96dad7bc53bfe9758e263155a34c2f271465d85ba8b65faa83ced63,held,pass,H67;H68,,day,other,institutional_or_compound
FGDC-2263,1263fe053fc27c90495f5355af0cfcfe6a95685f171b11324fde92edc78acd8f,held,pass,H67;H68,,day,range_or_status,institutional_or_compound
FGDC-2264,f23388faf5d316f8af22c6587b7ee431f45d3eb272a2465480a415258314d872,held,pass,H67;H68,,day,range_or_status,institutional_or_compound
FGDC-2265,eb077d3a450cea55a480564d7d79a2d41965ee481ab5d60eb28261be0c1cd415,held,pass,H67;H64;H1,,day,range_or_status,institutional_or_compound
FGDC-2266,809961a5673fbfea5f27ec884042b14af64900a72ba887ca4ca97506bf810b72,held,pass,H67;H68,,day,range_or_status,institutional_or_compound
FGDC-2267,dafb857d4ffc3f9a23d7d7982aa44a70f22100867de27cdd15cc943d4a537d6f,held,pass,H67;H68,,day,range_or_status,institutional_or_compound
FGDC-2268,38e45c3c9ca310bf179d3bda1e0bcd5a9c1131c35a3dfa19a7aaf4936fb04a91,held,pass,H67;H64;H1,,day,range_or_status,institutional_or_compound
FGDC-2269,0c1a592890879ee1cf3b49aa92a94c5a15962b0886192b18ba2c07157e39c74c,held,pass,H67;H68,,day,range_or_status,institutional_or_compound
FGDC-227,ebec5132cf647ef71188c6c1411c7dba50891e8b6b84fbf6ffc5a98541357220,held,pass,H67;H64;H1,,day,range_or_status,institutional_or_compound
FGDC-2270,1bcd1afe5b9035e23e6a44c01572f601b642a75f8439daf26f2302cd05353370,held,pass,H67;H64;H1,,day,range_or_status,institutional_or_compound
FGDC-2271,015618362f37b2d1d0d497047e0d7250c65873eebc2ae643cfb4e736e501c951,held,pass,H67;H64;H1,,day,range_or_status,institutional_or_compound
FGDC-2272,de0e0f28c07a2f583e8d54308bffe26b359ec4b99423a246bcbdf7841d86cd24,held,pass,H67;H64;H1,,day,range_or_status,institutional_or_compound
FGDC-2273,ce30ddcd6d0914db1d99684020f2bcb4100c8d59a841fa4f600526ca1e37b220,held,pass,H67;H68,,day,other,institutional_or_compound
FGDC-2274,5532804946e09c452fa6e883d31712f06c317a6c262911815aa0ad2318725e2f,held,pass,H67;H64;H1,,day,range_or_status,institutional_or_compound
FGDC-2275,95f7b2d6055acf9b4cb9c8a93ee1618a6c0387beaf34475af294c9cb40c19718,held,pass,H67;H64;H1,,day,range_or_status,institutional_or_compound
FGDC-2276,af5abed329af10cecccfd7e598229bbaf562b4a0c662fefa519bf7ed257ca4c9,held,pass,H67;H64;H1,,day,range_or_status,institutional_or_compound
FGDC-2277,6974edbe125d8e5c1cc95678955fdc133b78106a8dc7b193ac1e03e52bd4addc,held,pass,H67;H68,,day,range_or_status,institutional_or_compound
FGDC-2278,1b9e76bb9e6b46f2fc1c977fd281d3bff7272b24f46c422eb2cb7e623ee4bc46,held,pass,H67;H68,,day,range_or_status,institutional_or_compound
FGDC-2279,31f30b5f8ca52cf83347ad5514425397cbc168a646288feccfbaca881559145c,held,pass,H67;H64;H1,,day,range_or_status,institutional_or_compound
FGDC-228,d1e39737c3713a9e80cec91ced3e90e7818b54d8c643d51758147d0cf056908a,held,pass,H67;H64;H3,,day,range_or_status,institutional_or_compound
FGDC-2280,e42ce07d0cdfea1965be9d99fab39315d1bccc0e2761ed1a936d4229dd733a32,held,pass,H67;H68,,day,range_or_status,institutional_or_compound
FGDC-2281,cf3771c99a54e84a4af87aa49c41c1b87d2ed4d94a9a74cc6a5ed59e1af285af,held,pass,H67;H64;H1,,day,range_or_status,institutional_or_compound
FGDC-2282,abb54d2ddd83c1d6e3da53d071f6dcfb1b98d30e3e4cfa5c3f45c7009bbb6b0e,held,pass,H67;H64;H1,,day,range_or_status,institutional_or_compound
FGDC-2283,c32918ed93841fc97d0d483fa55546805f1aa88e3767d1003bcec2088285e1ce,held,pass,H67;H64;H1,,day,range_or_status,institutional_or_compound
FGDC-2284,212ffab14c8ee70317a4fc79daf6b67baa62fba374291d17e3e435bf5f9abbef,held,pass,H67;H68,,day,range_or_status,institutional_or_compound
FGDC-2285,7f2468796bea4ed1186862d5a0fb09e54e427751ed8f4dc5335f9a69e8469ef0,held,pass,H67;H68,,day,range_or_status,institutional_or_compound
FGDC-2286,42d31b4b5cfa03151934a1d2c1b3d956683759bc4d2fe2204ec7e2288cd81ea3,held,pass,H67;H68,,day,range_or_status,institutional_or_compound
FGDC-2287,c4f35bec1e07d69f5542d215cb0bb693745b26a3a84118fb492e7b3aa2fa5296,held,pass,H67;H3,,day,range_or_status,institutional_or_compound
FGDC-2288,6fba84e343cc0bdb32038317ea5bf794c235711d61ce6e80e7be7de91e60f415,held,pass,H67;H64;H1,,day,range_or_status,institutional_or_compound
FGDC-2289,d00e87f7e3f0b0a73c90ae4fc1e3063a2ef7d46c8fd0e2e960e0372bf859ea8e,held,pass,H67;H68,,day,range_or_status,institutional_or_compound
FGDC-229,6f2649d9dbce7586a051c5958e455f7d6cafedf9e82f6523ecfe1295e379b003,held,pass,H67;H68,,day,range_or_status,institutional_or_compound
FGDC-2290,c2f1154b465b65890a4b8b3a0a380b7cf9587529dfc183a1fef7f64c6e5708b5,held,pass,H67;H68,,day,range_or_status,institutional_or_compound
FGDC-2291,d81ddeb7626ef1dcbf3ea23da64e6f35a27b10a1b53354ac21d79b70ff482616,held,pass,H67;H68,,day,range_or_status,institutional_or_compound
FGDC-2292,4b4da889e0bd184e9ab60aca0990b8b4082468250134a6d99bee839ffae89cbe,held,pass,H67;H64;H1,,day,range_or_status,institutional_or_compound
FGDC-2293,6e99db62f635043cb48edf38253ef029b7acfb3d0d5455d197d2c97854393320,held,pass,H67;H64;H3,,day,range_or_status,personal_or_unknown
FGDC-2294,494e2f4d229e5d30e4ec2e167c2f5cb23f04beaf26880007c9462039ce07bac3,held,pass,H67;H3,,day,other,personal_or_unknown
FGDC-2295,be0aa1285c57aaee612dca461c0aab9a7330bdfd38055a2d9824d4ee19c3b2dc,held,pass,H67;H3,,day,range_or_status,institutional_or_compound
FGDC-2296,8f1bc867c1ad8bdd8d842dbc294360def39bbc57d145c90113f3877f084e079a,held,pass,H67;H3,,day,range_or_status,personal_or_unknown
FGDC-2297,969480e5a37a2eca5bec7b901f84fdfefb9031e479622e9af3bad5f9b417d901,held,pass,H67;H68,,day,range_or_status,institutional_or_compound
FGDC-2298,ea117eff6bd38cbcff7c96e6d76c075e11ae61cc1174e8af1bee3758a2f0538f,held,pass,H67;H68,,day,range_or_status,institutional_or_compound
FGDC-2299,1b2d7d6656553a07bc8d531ccb34cef24dd2f31b97d03e1e9ab7557003a84979,held,pass,H67;H64;H1,,day,range_or_status,institutional_or_compound
FGDC-23,5cd9306cafe6aebbab97d741cee1b68d94ed3faec56bcf70b720e047aeaabe34,held,pass,H67;H64;H1,,day,other,institutional_or_compound
FGDC-230,c7b1faebf4bf7ac8c320f840256bbaabc7554fe3b02c9384d6f6ef8d6e89fd5d,held,pass,H67;H64;H1,,day,range_or_status,institutional_or_compound
FGDC-2300,efdd90c58f6b7b85bde5589b8915197674e54a19a8350dbee2d6225a53d1292e,held,pass,H67;H68,,day,range_or_status,institutional_or_compound
FGDC-2301,5e88777d950ecd201ba8a0c5346b35bfc069922ea4c79b65b422449c7297e5e4,held,pass,H67;H64;H1,,day,range_or_status,institutional_or_compound
FGDC-2302,e5a27697c6965960ea2a8bd8184e4b8739c79ce0f0cfa98dd6701c6c8bdc6c15,held,pass,H67;H64;H3,,day,other,institutional_or_compound
FGDC-2303,e0d694c8d4c027b6afc19c0057291c338486e357287b32d97b4830c43bc66e37,held,pass,H67;H64;H1,,day,range_or_status,institutional_or_compound
FGDC-2304,e71f1a03b031d2cf7ad7bdf00ceb3c8de37d784b81a2370e84392ab75be10776,held,pass,H67;H64;H1,,day,range_or_status,institutional_or_compound
FGDC-2305,611f7a57cdc1475a24e36727bc8a2e53581660d6e63de9071b45ca1e7ce41f8d,held,pass,H67;H64;H1,,day,range_or_status,institutional_or_compound
FGDC-2306,b5e001c862ad5fe4d399a4faababf147825a1afdf61cf4bab874f9dfda48f933,held,pass,H67;H64;H1,,day,range_or_status,institutional_or_compound
FGDC-2307,a999794234021857cca6c4dbbd0564c4fdcb94c5ef1795072e11fd11691240fe,held,pass,H67;H64;H1,,day,range_or_status,institutional_or_compound
FGDC-2308,2949ce12104acd5fdfdb12f33ab38e11e3806ddbaeae109f097faf533f7afbf9,held,pass,H67;H64;H1,,day,range_or_status,institutional_or_compound
FGDC-2309,d27613adafa5adbe55573fd9a03bc98897517cdca7b9706325006fd0b524f053,held,pass,H67;H64;H1,,day,range_or_status,institutional_or_compound
FGDC-231,7a501c8c99dba448940ddee5ee1e00b75e87cc6e7fb782e2941cbc077656fc3b,held,pass,H67;H64;H3,,day,range_or_status,institutional_or_compound
FGDC-2310,ce2095ed3451999ff27c0f987f258e3734274f9d8b295af92a619676db25c300,held,pass,H67;H64;H1,,day,range_or_status,institutional_or_compound
FGDC-2311,fec531d00094afb94e10e39935e6f074e3f3051ad0326ced53a4d26ecd666836,held,pass,H67;H64;H1,,day,range_or_status,institutional_or_compound
FGDC-2312,47688caadfded310df860be90aa4e55786777e04f48373ce9a3225b95d631b3a,held,pass,H67;H64;H1,,day,range_or_status,institutional_or_compound
FGDC-2313,82e263628a03642a54593c5d5dd7edf1ce915e3d8bf25bcc0509ec5b5f7130c9,held,pass,H67;H64;H1,,day,range_or_status,institutional_or_compound
FGDC-2314,3a34d959ce58dd7f5e57f4f491fff9e0569884a3f8fa064f859b987caf57024e,held,pass,H67;H64;H1,,day,range_or_status,institutional_or_compound
FGDC-2315,03805a1d438b4002f9db6f61ef748c4d6ac66c0ae8c859458c41c0399936b1c9,held,pass,H67;H64;H1,,day,range_or_status,institutional_or_compound
FGDC-2316,c1fc35f079445dcc7bcecf310b177f544730e7373525d978d8600163d1e19a31,held,pass,H67;H64;H1,,day,range_or_status,institutional_or_compound
FGDC-2317,f4cca6bfb24be211f56343b6beaa7eb18188a7ea92837894e8cc61a244f4fc7e,held,pass,H67;H64;H1,,day,range_or_status,institutional_or_compound
FGDC-2318,3b8f45dc49b05bbd156b9f262b166aa86be014dfcab8992dea09e8acdf2529b5,held,pass,H67;H64;H1,,day,range_or_status,institutional_or_compound
FGDC-2319,d9dd0c7d509b5abeb0d6c030e21da3024c5772aaca0af7d62bfe02e445f47df7,held,pass,H67;H64;H1,,day,range_or_status,institutional_or_compound
FGDC-232,153f7087c2ad8da4674ca7d402b8e349b62c1f3c6a4f705e96a42f57fd99254c,held,pass,H67;H64;H3,,day,other,institutional_or_compound
FGDC-2320,76e3e30e52788549fbad7ed2eaffcf25fa93131ef2fa49123477f97d5e919308,held,pass,H67;H64;H1,,day,range_or_status,institutional_or_compound
FGDC-2321,86f91ef294329a953aacdaa4c99dafccabf03549e70b5d515f5a023832abd317,held,pass,H67;H64;H1,,day,range_or_status,institutional_or_compound
FGDC-2322,4c4f372fccb2777ec489d08a547bb10779721d2552939d0798aac464b7dadc77,held,pass,H67;H64;H1,,day,range_or_status,institutional_or_compound
FGDC-2323,cf64a6f9bea6a90d622db19baecc7e933c302b33b74d819b13ebccb2f9906bdd,held,pass,H67;H64;H1,,day,range_or_status,institutional_or_compound
FGDC-2324,1e994ff82ba82f4c355856b0f45e89ba617c03467dbc32143b90655e79b1450a,held,pass,H67;H64;H1,,day,range_or_status,institutional_or_compound
FGDC-2325,0af21090075658028348fd4d1802d0696c621b1edfe2af26b6c1ae4566185f2e,held,pass,H67;H64;H1,,day,range_or_status,institutional_or_compound
FGDC-2326,c03ce939ec4f75c211926a6bd8ac9de18c41a7ff1b682abaac459a2a7a3c659f,held,pass,H67;H64;H1,,day,range_or_status,institutional_or_compound
FGDC-2327,af7397cde61abebcac14227184a8bc7d8babd2aa659b412bd2678c42e7017eed,held,pass,H67;H64;H1,,day,range_or_status,institutional_or_compound
FGDC-2328,f0742c350c1413ca247849b28281d30fb0de426b4815ddd0c29d7b51f60619c2,held,pass,H67;H64;H1,,day,range_or_status,institutional_or_compound
FGDC-2329,57c5a8f8c3053a420da40661b4d47a1b934f6f031f6f92724f1ade39d3f73c5f,held,pass,H67;H64;H1,,day,range_or_status,institutional_or_compound
FGDC-233,35b870c97c7d43565c4d9637b18fced466cbe6b5517709f46caefd5fc3f65da2,held,held,H67;H64;H27;H57,,day,range_or_status,institutional_or_compound
FGDC-2330,94ae412581349e629fbe3ae1a920d6f541de83c19d13c841f465d65873a395d0,held,pass,H67;H64;H1,,day,range_or_status,institutional_or_compound
FGDC-2331,4996f21a3c81c1f6294e7fea6af6ac34ebcc9c9151b6267d0b20c1c5d8a0e991,held,pass,H67;H64;H1,,day,range_or_status,institutional_or_compound
FGDC-2332,127fee0b3fc80e91cd201110951d0dd3706984f42f6e38c30c9c847ca31c8b3d,held,pass,H67;H64;H1,,day,range_or_status,institutional_or_compound
FGDC-2333,b0fbc69b1fb34e6b6f1f1637e64f71a88d48d21de681d2cc6c3f1f9b97435061,held,pass,H67;H64;H1,,day,range_or_status,institutional_or_compound
FGDC-2334,ebd0861fa99f2a2b9c86fca2ec5153da93832b2751c3e3fa61ea322c25b315e7,held,pass,H67;H64;H1,,day,range_or_status,institutional_or_compound
FGDC-2335,be26757206d6cc6ab2bcd30b905ec1f2669d1f203a83b3a6ab5a1af4dbd2bdc6,held,pass,H67;H64;H1,,day,range_or_status,institutional_or_compound
FGDC-2336,54b2c31508e804db3d8a5dd8c05bd924796029ae000eb278b325f68e9545c9dc,held,pass,H67;H64;H1,,day,range_or_status,institutional_or_compound
FGDC-2337,9c2efff37470ed50ac9dbc0456d0f20dd3706021335ef4c372a92cbf443b26bb,held,pass,H67;H64;H1,,day,range_or_status,institutional_or_compound
FGDC-2338,c39852218be3fc4f3d73bc587454982e9f0ccba60d3a860f316dbec9284511bd,held,pass,H67;H64;H1,,day,range_or_status,institutional_or_compound
FGDC-2339,f69f62bd9df86c105386c5b2d8ad0afedef005e398f577c1dd82433980ee3bd5,held,pass,H67;H64;H1,,day,range_or_status,institutional_or_compound
FGDC-234,a435eefd43016a288df6719953e304c6a8ba811eff39c220f24a2f9b74f4a667,held,pass,H67;H64;H1,,day,range_or_status,institutional_or_compound
FGDC-2340,e67a0b5f50b1a72f3ec48d06c49c1774c6b6fc9cce4d962c22a774cc239f3360,held,pass,H67;H64;H1,,day,range_or_status,institutional_or_compound
FGDC-2341,fa4e5be2ef3e57a86a155047e10fda706a01231eaab09d3c6723c5c01cbaf1d6,held,pass,H67;H64;H1,,day,range_or_status,institutional_or_compound
FGDC-2342,03d0eeade5384800c4f9d8969158cfae7e85c4737c31c40af7fead2847391584,held,pass,H67;H64;H1,,day,range_or_status,institutional_or_compound
FGDC-2343,b535c619ed31a34c08b0c2ab4f2bee06a4e781f97600dfd6c1d360ee43326527,held,pass,H67;H64;H1,,day,range_or_status,institutional_or_compound
FGDC-2344,4f184ac816ffb32ed3afaabf931959594cf9f33654b31ce9c8ff89c9c74b7a01,held,pass,H67;H64;H1,,day,range_or_status,institutional_or_compound
FGDC-2345,663860e8539fd7bfab5b0f90903a5a2add30942107bbfbf62a7693f6dfb3c50b,held,pass,H67;H64;H1,,day,range_or_status,institutional_or_compound
FGDC-2346,d5e24c825720fe3413644a3443f32c0f692f266d5517acb2b8c4e9a3c77ebcb3,held,pass,H67;H64;H1,,day,range_or_status,institutional_or_compound
FGDC-2347,c8780ad85b07ea47faebdfb0d94e1c5a25b0d392c48a164f004c43d5f681e27f,held,pass,H67;H64;H1,,day,range_or_status,institutional_or_compound
FGDC-2348,8c421e72db96d407918f4a3b94e0792e4b4d928354efc6715bff95f99095bc44,held,pass,H67;H64;H1,,day,range_or_status,institutional_or_compound
FGDC-2349,4f14cde660aad85f2e155e5b767198b2eaa988197cae68289613adddd5d3f2ae,held,pass,H67;H64;H1,,day,range_or_status,institutional_or_compound
FGDC-235,6e27aa9368cb1d10ff90a392e3cf3e3e0558109860f0944986faf18c255f385e,held,pass,H67;H64;H1,,day,range_or_status,institutional_or_compound
FGDC-2350,5c9b3143e41441663b7dd58c17c298a555dc24f00fd188f687ace0d521b1f4e1,held,pass,H67;H64;H1,,day,range_or_status,institutional_or_compound
FGDC-2351,dae6cd450141632b9efc9fd6da67bc5a4885a113a1d975215e2d283b7332d73f,held,pass,H67;H64;H1,,day,range_or_status,institutional_or_compound
FGDC-2352,04824084061f1b4e4911876ea4e18fbfbcf5b3e51d00c3a551f3dc5f368b6a9c,held,pass,H67;H64;H1,,day,range_or_status,institutional_or_compound
FGDC-2353,f11656915abfbc3f3d50eddc736404fcacdab16ef2c0a301896f98b9f0d2bb18,held,pass,H67;H64;H1,,day,range_or_status,institutional_or_compound
FGDC-2354,f609c87ed705be11fa4561d04065b05ea7e3ffe95ee7682de3830d66508266b0,held,pass,H67;H64;H1,,day,range_or_status,institutional_or_compound
FGDC-2355,975a79da5ec016b8dda56915c9ab5368ded6a7d68b1eef5913a3bd15dcbd18fb,held,pass,H67;H64;H1,,day,range_or_status,institutional_or_compound
FGDC-2356,e6b315bee26f7a7ea0f7c3cd5c0b99a71d3fa94f3944ace57d86340660d61230,held,pass,H67;H64;H1,,day,range_or_status,institutional_or_compound
FGDC-2357,b847b7a839f4971b690df3882a2b47b3d0e18cf868bfc922d04987676dfe5c58,held,pass,H67;H64;H1,,day,range_or_status,institutional_or_compound
FGDC-2358,8e60a1c06892f690a582972babe61382e071b804a8eaa5f11059957ac3ffbf55,held,pass,H67;H64;H1,,day,range_or_status,institutional_or_compound
FGDC-2359,74a1fa866a00161a343c4e0ff42bb0d2f4f702e84b269b49d88d447b8ae18f64,held,pass,H67;H64;H1,,day,range_or_status,institutional_or_compound
FGDC-236,4e382cda944224b096bfd5c4cc157d2dfb409fb2998a2c17ee8e30b53a11ba41,held,pass,H67;H64;H1,,day,range_or_status,institutional_or_compound
FGDC-2360,210bb08c4831e0a12d0cedba62689b23d2e5808e6183fcde0d1eb759f0f30b9c,held,pass,H67;H64;H1,,day,range_or_status,institutional_or_compound
FGDC-2361,ca0fcc699cb9994df07d36ba4d5892f2c1248b52c4625e78f62314c87388f760,held,pass,H67;H64;H1,,day,range_or_status,institutional_or_compound
FGDC-2362,9f38964dbada5d98fd390f357da291b9e515688a2530b13f3d3aa4dc1d787dd2,held,pass,H67;H64;H1,,day,range_or_status,institutional_or_compound
FGDC-2363,4f692add205a4b326897c2c1ca30f7d1b62ebab7d955258e93d3061c226fed0c,held,pass,H67;H64;H1,,day,range_or_status,institutional_or_compound
FGDC-2364,830f7eb20bfa347d4c0c19e94d5025748ec71f5e04920910635b369b027a6de6,held,pass,H67;H64;H1,,day,range_or_status,institutional_or_compound
FGDC-2365,21ab05179cb3cfd16aec9f0476e76e538b99035317933ddf92802bb59f7aee55,held,pass,H67;H64;H1,,day,range_or_status,institutional_or_compound
FGDC-2366,39a1381bff1b3bd67bb168815a5e81c3349a8036eff6d3f91829eb29d439f09d,held,pass,H67;H64;H1,,day,range_or_status,institutional_or_compound
FGDC-2367,7f5fb3f414ebf0538ecd61f8a7a259a1df1424a62337575615b6083289e9f06d,held,pass,H67;H64;H1,,day,range_or_status,institutional_or_compound
FGDC-2368,1d15893f61538e0a6606e3611f0b4d1868116c1edee739e7705907e1b8513e27,held,pass,H67;H64;H1,,day,range_or_status,institutional_or_compound
FGDC-2369,14ededa39e2e1fbe8cca1dee3bdd845c93aabcac8d7135872ed1fbc423f5c64c,held,pass,H67;H64;H1,,day,range_or_status,institutional_or_compound
FGDC-237,d6f63465af5d4f22a401f78210000bacb142de10761d919bdba6fb16abff7380,held,pass,H67;H64;H1,,day,range_or_status,institutional_or_compound
FGDC-2370,2a1a9c0ff0ff35e59593bf61d6577b031f96a3126dbfe4f3b69fa7834442fc3a,held,pass,H67;H64;H1,,day,range_or_status,institutional_or_compound
FGDC-2371,832459d6d8cfa665d4b9f5fb2450911bf65bb10e45d37deb73a73c51d3e092b3,held,pass,H67;H64;H1,,day,range_or_status,institutional_or_compound
FGDC-2372,89220ba9f3b3ac0894228a8da3490d0f2ed721ea5a8dd82fba1e99a53f270aba,held,pass,H67;H64;H1,,day,range_or_status,institutional_or_compound
FGDC-2373,e166cdafa72823e6fe5ca3ced9bef69046b3cbddc09b86cb8275c138c421b71d,held,pass,H67;H64;H1,,day,range_or_status,institutional_or_compound
FGDC-2374,30444dd5f586a3e4ac363f89b6e87d9b26eed24dd96fdab7fe2c9eb8c219dbfc,held,pass,H67;H64;H1,,day,range_or_status,institutional_or_compound
FGDC-2375,c6746de794c5231963e68f9e03fae7ca203008c8bdb2d67aa528c34d0072d3af,held,pass,H67;H64;H1,,day,range_or_status,institutional_or_compound
FGDC-2376,f18fba045f686fe62e953b306687c26f45fe2eb75807bb071396af3da4a89e6c,held,pass,H67;H64;H1,,day,range_or_status,institutional_or_compound
FGDC-2377,a1a9936a56c4a0634e58835d886548d28c92069201f6bfa99e1ee363847a6091,held,pass,H67;H64;H1,,day,range_or_status,institutional_or_compound
FGDC-2378,104b914131c2ae8e4326120330739ee9e3bee7c8f5998a249ddbb9e0b6f78752,held,pass,H67;H64;H1,,day,range_or_status,institutional_or_compound
FGDC-2379,cc21e79206f2f829b7c02f892777ea6a1d785c840eaf6984ebffbfa1094e12dd,held,pass,H67;H64;H1,,day,range_or_status,institutional_or_compound
FGDC-238,39a778087c3ada664a14aa5798b6d4112928a62f842feb7fe071a7a60ddbb565,held,pass,H67;H64;H1,,day,range_or_status,institutional_or_compound
FGDC-2380,a948f98cf5bb15460492a47617686314fd66c7b733002cfc377982f3092419d2,held,pass,H67;H64;H1,,day,range_or_status,institutional_or_compound
FGDC-2381,e14d57f866bd996c38c48ccf7a2d64611ef7b08ede623bd3f31953f916654447,held,pass,H67;H64;H1,,day,range_or_status,institutional_or_compound
FGDC-2382,63664e56a68324237715d90595b3032829b34a5d5661b55fb9b71f579e3e1600,held,pass,H67;H64;H1,,day,range_or_status,institutional_or_compound
FGDC-2383,a5d1fbcee0e4105e0086abfb2e140e4949a4fe03d8158cb78a02646aa890b60b,held,pass,H67;H64;H1,,day,range_or_status,institutional_or_compound
FGDC-2384,e4e991627b68018f257ab832806dd0b3b69f1c7e67d2569c2863706d40f38abf,held,pass,H67;H64;H1,,day,range_or_status,institutional_or_compound
FGDC-2385,53496b7784d86f89f4b7ec522ba459a262d30b9b8293274c909a99b1a87227b9,held,pass,H67;H64;H1,,day,range_or_status,institutional_or_compound
FGDC-2386,95c4b1dfcee11653813330bc0782b1790e6201ee9d385b45ddf098101739015c,held,pass,H67;H64;H1,,day,range_or_status,institutional_or_compound
FGDC-2387,c7c834113f06c062a2c577e1eaaba5ab0a38ddeabaef93a834183a60abd86df2,held,pass,H67;H64;H1,,day,range_or_status,institutional_or_compound
FGDC-2388,a7d86991c380fdbe5130b1a272d3f6fd302f8998c7dbff0cacafa37e5405e2ff,held,pass,H67;H64;H1,,day,range_or_status,institutional_or_compound
FGDC-2389,d24855dcaea0f26fede70446f8dbfde2df39cb58745d9b8c5aaf807fda87baaa,held,pass,H67;H64;H1,,day,range_or_status,institutional_or_compound
FGDC-239,a47e895d488488030ed83804ea6f746b012ce767a86cf1c4f56700ca0d427815,held,pass,H67;H64;H1,,day,range_or_status,institutional_or_compound
FGDC-2390,8f073a867ad97b1cc346ae231d2a0e96260027332af4da20c7e8642f8dcb806e,held,pass,H67;H64;H1,,day,range_or_status,institutional_or_compound
FGDC-2391,9b783d427afa9b61eea7b58991796227a93f525ba53dd45af1449db5bd3c5ca7,held,pass,H67;H64;H1,,day,range_or_status,institutional_or_compound
FGDC-2392,5a58fc0f34467585806ac57a495fb72fe4fa026688dae0ca91797d5f53fcd29e,held,pass,H67;H64;H1,,day,range_or_status,institutional_or_compound
FGDC-2393,a778fa6cfa51c43f631757c4e66685ae649358321576c9ed317615e3f2a03260,held,pass,H67;H64;H1,,day,range_or_status,institutional_or_compound
FGDC-2394,7c230cf5a181ed3bc1520f329cd408b25300dafa3c803105518678202323cec7,held,pass,H67;H64;H1,,day,range_or_status,institutional_or_compound
FGDC-2395,c86b590d34999501d3fb0ca2d45025f7449caae28ea64100a998fa5cffe40592,held,pass,H67;H64;H1,,day,range_or_status,institutional_or_compound
FGDC-2396,ea66eb15ea5bfc65471defbb7fdb8361c6870197610fad9dcf41ce579dfff343,held,pass,H67;H64;H1,,day,range_or_status,institutional_or_compound
FGDC-2397,e6f95420282304f4af47ac494b42bc40cc6695725c5db940a11a674fef9cc090,held,pass,H67;H64;H1,,day,range_or_status,institutional_or_compound
FGDC-2398,4d1064ee41fe9a2cc4e2ec30644ddcb14037ec94d71cfb399f9ab129415c4f3a,held,pass,H67;H64;H1,,day,range_or_status,institutional_or_compound
FGDC-2399,0f5ef1043df707277decbced7715dcbe26ce3cd1ddbf31c2249a96e9c1bfba6a,held,pass,H67;H64;H1,,day,range_or_status,institutional_or_compound
FGDC-24,bf7dc29b578a606c6a78052fba1b0272d57ece623eb840cdb20c3eacf7be85f9,held,pass,H67;H64;H1,,day,other,institutional_or_compound
FGDC-240,f3d568ad09f96789378ba18ae1eb5892855ad1112d12dfc2cb27893f39dece79,held,pass,H67;H64;H1,,day,range_or_status,institutional_or_compound
FGDC-2400,71873740288e3c580b306d1a63dfeccc6dec03f7ba2b0d6f8a4f949ec8cb9e21,held,pass,H67;H64;H1,,day,range_or_status,institutional_or_compound
FGDC-2401,a565d35ecdcd0485fdd9610e69160f69b9f0e25c1b58700d5a2d6ffc470db27f,held,pass,H67;H64;H1,,day,range_or_status,institutional_or_compound
FGDC-2402,1740cc7f8ae1ceaf2698a0ec51c69c14d77efd67443ef9eaa5d293d332514f16,held,pass,H67;H64;H1,,day,range_or_status,institutional_or_compound
FGDC-2403,a7ccb3e6f6e63f7e4303886c3a3d01ab97294188da385fce4a706210e932f2e4,held,pass,H67;H64;H1,,day,range_or_status,institutional_or_compound
FGDC-2404,88ce644ed07e33b5c57bba171560b7a2e26fe0ecee06f681d4cac44f0a956922,held,pass,H67;H64;H1,,day,range_or_status,institutional_or_compound
FGDC-2405,8fa712ab1ff6edcc3a6412dff9cb2f008d7081a5b3f5f3f29185fdba7445a473,held,pass,H67;H64;H1,,day,range_or_status,institutional_or_compound
FGDC-2406,d308a81e7f9a6df9d95f4e396c2e8c63b2cb3b92f92745a2e1fefe5c6901358c,held,pass,H67;H64;H1,,day,range_or_status,institutional_or_compound
FGDC-2407,667e17118a7765c014e63b291337798a6834fde0241a092bf4b0b8386cefbb7f,held,pass,H67;H64;H1,,day,range_or_status,institutional_or_compound
FGDC-2408,481ee5a80a847d262e20a4cf2c00a14c4eb0abec83a0db10d4dfdbc884916bcd,held,pass,H67;H64;H1,,day,range_or_status,institutional_or_compound
FGDC-2409,326713756ee362e123509ca90de36c5d2abdba96128884e8862313acf95ac87e,held,pass,H67;H64;H1,,day,range_or_status,institutional_or_compound
FGDC-241,bdfe2ee94ccfcc59ee6588cfddc7b2b779134716290864779b2f64d5403a637e,held,pass,H67;H64;H1,,day,range_or_status,institutional_or_compound
FGDC-2410,0e559f721795c5a7d6755317a9b8eae5c23d00c388913ab6958770fcf72102c0,held,pass,H67;H64;H1,,day,range_or_status,institutional_or_compound
FGDC-2411,79e3dc0a7e98f9ba5a63b870f21941b55a5f3ef9e0f36e01324726342ad34fc4,held,pass,H67;H64;H1,,day,range_or_status,institutional_or_compound
FGDC-2412,5783e57e586edd7b5ab071d5af9a97a1d2119399fd4e064826ef8622f8e36889,held,pass,H67;H64;H1,,day,range_or_status,institutional_or_compound
FGDC-2413,4c8da6c8a6cb73ade89ce4758b09c5dca258dede9eed004979eafd567d38c728,held,pass,H67;H64;H3,,day,range_or_status,institutional_or_compound
FGDC-2414,695195bfa60c6bb54ac4046e758a4b3b03632d4e8ad40c8ddd807da4306cee69,held,pass,H67;H64;H1,,day,range_or_status,institutional_or_compound
FGDC-2415,d65920cf2d5c142c6b6e0c1fdd0f70211ab284cdd5758d0e6c53aeaf6fe6882b,held,pass,H67;H64;H1,,day,range_or_status,institutional_or_compound
FGDC-2416,b2861a559cbc3a5a153906267db13be11ea19202deb1be09e4bad0fdfa03e5f2,held,pass,H67;H64;H1,,day,range_or_status,institutional_or_compound
FGDC-2417,ff9d3ac00d4b7421d10671d32664865087882e211d0f102cb9d15ccd2b98e261,held,pass,H67;H64;H1,,day,range_or_status,institutional_or_compound
FGDC-2418,d90a5b5fa0d1efa5e180bf07422b91b3f330fe77cd5ec97156322f55ba6f77bd,held,pass,H67;H64;H1,,day,range_or_status,institutional_or_compound
FGDC-2419,8e041b595dd0ccf37103e4f2fc69c494692688f6f866126d0270243ceba9feb4,held,pass,H67;H64;H1,,day,range_or_status,institutional_or_compound
FGDC-242,fa47c90ff52e5e47b88fdabe079b6ae37b4f5a78b7d0a73667d92fa2baed6017,held,pass,H67;H64;H1,,day,range_or_status,institutional_or_compound
FGDC-2420,22588b7586437b2b386ff0383bb2e01f99cff6398832e1bf789f3dac5af91dc0,held,pass,H67;H64;H1,,day,range_or_status,institutional_or_compound
FGDC-2421,199617a69b253acf3ed547ae7a7cb7259c37454dff9f29a23231fabb7554fb40,held,pass,H67;H64;H1,,day,range_or_status,institutional_or_compound
FGDC-2422,cea75e2447ea7cf26f28ce1e84c669776200cded8557333b1cbac40cdeace25f,held,pass,H67;H64;H1,,day,range_or_status,institutional_or_compound
FGDC-2423,ef6ecc9f316128182e10b784620794ff552ffa9c3b7b1181787709f6da7feddf,held,pass,H67;H64;H1,,day,range_or_status,institutional_or_compound
FGDC-2424,4bd9efd856aa4c8ce4995bc9517e8ddf4d27d02821fa9b3c72b9cdbede6e116f,held,pass,H67;H64;H1,,day,range_or_status,institutional_or_compound
FGDC-2425,abfbf0fa5d850994bb0d57217d7ce8cda2e584a710389fe5ea1bf23ffbe4cf2b,held,pass,H67;H64;H1,,day,range_or_status,institutional_or_compound
FGDC-2426,88fcafc6f55253a5f75cb5a8c6de81223038eafa1bf4e33d56447a328342abfe,held,pass,H67;H64;H1,,day,range_or_status,institutional_or_compound
FGDC-2427,359609ccb12348a2225e7aa3e0c56cfd4ec1511b3b383291bc4d689d8a941f97,held,pass,H67;H64;H1,,day,range_or_status,institutional_or_compound
FGDC-2428,668200720a54f4004da2d1ba98d1fbda516831d79ecdb550f5ef027994db528a,held,pass,H67;H64;H1,,day,range_or_status,institutional_or_compound
FGDC-2429,5e0a502e618850e53f09d30d4c89f220e818f003a8023cef81100feab4ba9756,held,pass,H67;H64;H1,,day,range_or_status,institutional_or_compound
FGDC-243,21d1a514d31814505385e1c30cf8ce6ab7b94a1f1872af2a428714f95caadc01,held,pass,H67;H64;H1,,day,range_or_status,personal_or_unknown
FGDC-2430,6c54fe28527e262fd1c2e5cf82372d3ba9c312fd33b7e93bafdd0ebc9c2b6152,held,pass,H67;H64;H1,,day,range_or_status,institutional_or_compound
FGDC-2431,93ffa403bc5fb967e027eae96d3b9410223a028708a92868e178af3fe3a9b465,held,pass,H67;H64;H1,,day,range_or_status,institutional_or_compound
FGDC-2432,a51e35eb26d5230bac94bdea245dd102c22d780617b1d29e2270a74f85995f47,held,pass,H67;H64;H1,,day,range_or_status,institutional_or_compound
FGDC-2433,1cd76246443e64630ffd8c172145133f3d521d636ad4f1bfb261fe489c444583,held,pass,H67;H64;H1,,day,range_or_status,institutional_or_compound
FGDC-2434,fb739150d0523718a09fd0d9b3e1ddad2e02dedebc2d360dd0e24b6b1c1c8596,held,pass,H67;H64;H1,,day,range_or_status,institutional_or_compound
FGDC-2435,f5f5c3193239c8242bd0b1b55f9e54eddc152cf9f78229a16cf31ebd0b766838,held,pass,H67;H64;H1,,day,range_or_status,institutional_or_compound
FGDC-2436,c7f1d00e07e1bd9f6a803db03249c2a3a331d8167ced9cc9b993a7be3db75440,held,pass,H67;H64;H1,,day,range_or_status,institutional_or_compound
FGDC-2437,be3510d257a8fc1db739c03db4ca2a05ea6d99e75ef0b30fc272c5fe12ffb787,held,pass,H67;H64;H1,,day,range_or_status,institutional_or_compound
FGDC-2438,9f6521bf2125357188feeba5a4e28470fae32223f1d7ede09524884104d8d66d,held,pass,H67;H64;H1,,day,range_or_status,institutional_or_compound
FGDC-2439,c109af612160de2019d732760cf3fed9778c6a829e7ed1827c3e06f6524c0923,held,pass,H67;H64;H1,,day,range_or_status,institutional_or_compound
FGDC-244,b9a4b5827190014b01a23b4ef6a663b1662f08d212651f7daf022cf045c2ae69,held,pass,H67;H64;H1,,day,range_or_status,personal_or_unknown
FGDC-2440,c87ff026ccb0bfb8b6388e195df1e2fecf3576845954c59744abdb60f6908b61,held,pass,H67;H64;H1,,day,range_or_status,institutional_or_compound
FGDC-2441,9e6729240783363f30cfc41c5f6a8e233bb8eeee3a2efcddd3ae890d988684b0,held,pass,H67;H64;H1,,day,range_or_status,institutional_or_compound
FGDC-2442,1d408de56fa90b84d070d45c58888ea9c018f483f53207363d2eff3eca6078cf,held,pass,H67;H64;H1,,day,range_or_status,institutional_or_compound
FGDC-2443,68f15559f61ff89165f6389a89dbcf48db3ec194587f4875b9eab264a33efe0a,held,pass,H67;H64;H1,,day,range_or_status,institutional_or_compound
FGDC-2444,104179aabf38063a4ed61b2b1dccf3bb6a4107dcdfccddc3539e5032d99518c7,held,pass,H67;H64;H1,,day,range_or_status,institutional_or_compound
FGDC-2445,29d491b897cf07143640bb16dacbde2e0088a308a621fb5198e9fd960d289772,held,pass,H67;H64;H1,,day,range_or_status,institutional_or_compound
FGDC-2446,3a40285b179f3d41121322845142a6995eefae8f59e47d09d977d46f37062e11,held,pass,H67;H64;H1,,day,range_or_status,institutional_or_compound
FGDC-2447,46d5c9c1a5e9e187a1c546e66762990a3fde06f11cd9d9f4122cf499adcf42ef,held,pass,H67;H64;H1,,day,range_or_status,institutional_or_compound
FGDC-2448,2be463a9d8e31b0cb4426fd20d0268d17993e16542bf3cc6b73c93f098e32385,held,pass,H67;H68,,day,range_or_status,institutional_or_compound
FGDC-2449,d48c32bbca4773effc12ece99571a4e2625a18e7c032e0939c5eef0ecc05758a,held,pass,H67;H64;H1,,day,range_or_status,institutional_or_compound
FGDC-245,c978f0556028b4870d7c3fba98a8b80cca02e05411f6843637e9ad8e6cb9c4f0,held,pass,H67;H64;H1,,day,range_or_status,personal_or_unknown
FGDC-2450,59afb2668cc98ab6b4a24c94905a6e93c13bcffe42492e676e4821c80bf754bd,held,pass,H67;H64;H1,,day,range_or_status,institutional_or_compound
FGDC-2451,957c92e68f9afbdf5e48a828e1eadec81d59c5068dea2a38d0a949fe3fabe5f9,held,pass,H67;H64;H1,,day,range_or_status,institutional_or_compound
FGDC-2452,e8d41b0952cd44410545df34d9879dba8ef82a3c6be3b1c0ee6e62a4d9cd68cf,held,pass,H67;H64;H1,,day,range_or_status,institutional_or_compound
FGDC-2453,be60a5568b84797f802439205d1a8d72fe71f8625e22237e8e56bcdd52c8d700,held,pass,H67;H64;H1,,day,range_or_status,institutional_or_compound
FGDC-2454,d5b509641ad7e85b07973690253edbd1f8d939e145f996e67cd921d992eb2000,held,pass,H67;H64;H1,,day,range_or_status,institutional_or_compound
FGDC-2455,32f0c33a89dae8dfd781f1746d568adc4698c83893de6533cd4c88c4fadf5187,held,pass,H67;H64;H1,,day,range_or_status,institutional_or_compound
FGDC-2456,bcdc64c28ba2f17c619de3da00307fc71ca4ddd929d94e1f196741c8b5719644,held,pass,H67;H64;H1,,day,range_or_status,institutional_or_compound
FGDC-2457,c74c69522c5f21d0e7d05a52be489f0a8be5d6763885011a4707ca5997bf9ffb,held,pass,H67;H64;H1,,day,range_or_status,institutional_or_compound
FGDC-2458,90e0c6284fc89db7af0a68f568abceb2d7b8a85af7372a0e83ca26270a1a6d82,held,pass,H67;H64;H1,,day,range_or_status,institutional_or_compound
FGDC-2459,77dd079dd595294004f901dc43bd86acd3673f5d812d1599055c87c57713ac44,held,pass,H67;H64;H1,,day,range_or_status,institutional_or_compound
FGDC-246,e8911126c5dfc268277d7955a4b2fd8393a9e1b91dc85836f2b576a7e60bb891,held,pass,H67;H64;H1,,day,range_or_status,personal_or_unknown
FGDC-2460,322024025729070bf485c432b4e8fba16506fc674a915b84f41737faa55c6aa5,held,pass,H67;H64;H1,,day,range_or_status,institutional_or_compound
FGDC-2461,4bf85e739dd7e640154a2e050b85673dfb0eaeae3e52f6fc6abc8f4cf91bf160,held,pass,H67;H64;H1,,day,range_or_status,institutional_or_compound
FGDC-2462,8746785bb40e519a7c74dad86322521742d63254603c27df170968526fd29bcd,held,pass,H67;H64;H1,,day,range_or_status,institutional_or_compound
FGDC-2463,6372633d6102e32704dcd1bdb42dcd00f9a600d934ef1f8b455b431f72b1e5fb,held,pass,H67;H64;H1,,day,range_or_status,institutional_or_compound
FGDC-2464,5a4b500841134064d87ffad9b3fa3f2f54abb918d49ddd4e996f81661c477bfd,held,pass,H67;H64;H1,,day,range_or_status,institutional_or_compound
FGDC-2465,e53245bc81b29276137eff7c26513a945b22ca2c0aec8f4f45862decc3cb2081,held,pass,H67;H64;H1,,day,range_or_status,institutional_or_compound
FGDC-2466,b8720a03b211aa3c6803c59f995b2650656ddf1d66eadeb62edfeceaecbe5889,held,pass,H67;H64;H1,,day,range_or_status,institutional_or_compound
FGDC-2467,575e80b701c96a7425c51f710e914892618c3737fa580bdc91d82087ec677891,held,pass,H67;H64;H1,,day,range_or_status,institutional_or_compound
FGDC-2468,6e51b78f532216745d129a2920152e5ee0e1643c7bebda8c33a192b1ece51053,held,pass,H67;H64;H1,,day,range_or_status,institutional_or_compound
FGDC-2469,af3c62a82cecd545f222985bccb9ebe19f85a3ff52365c02be391b1c65f3fc4a,held,pass,H67;H64;H1,,day,range_or_status,institutional_or_compound
FGDC-247,1d8771f966b317c97c2e5b095b46a075c88ea48ca0f3964ce7a80c3051b7a5be,held,pass,H67;H64;H1,,day,range_or_status,personal_or_unknown
FGDC-2470,6e8ec5c4f0d92cd04779b4a1f92db1c3df4e251e8ee513ceddcce1a83f6b0ce2,held,pass,H67;H64;H1,,day,range_or_status,institutional_or_compound
FGDC-2471,3f95b33d673d0856a701128422d13848b338809afdab1fa0f0bc4fba434cfc9d,held,pass,H67;H64;H1,,day,range_or_status,institutional_or_compound
FGDC-2472,30a88db00836f73a6280fe1f3fd8ba98e2625f2606e0e497e2e1aadfb55ebe02,held,pass,H67;H64;H1,,day,range_or_status,institutional_or_compound
FGDC-2473,0f9295fb8414a7df8719cea296c854dc4a9a03749810c10199ddb6c2740b84ef,held,pass,H67;H64;H1,,day,range_or_status,institutional_or_compound
FGDC-2474,1ef10bff7ea226acee4b412bb96be019368f1db3e4675f098946316ebd57d0a2,held,pass,H67;H64;H1,,day,range_or_status,institutional_or_compound
FGDC-2475,b9889f42b431e8cb60c6b9eeece3636db8cf517a40278fb752679658576c577e,held,pass,H67;H64;H1,,day,range_or_status,institutional_or_compound
FGDC-2476,ac77b2b486a33956ab239457361a17b7890d1bee033d97c6c94785825feaf4ec,held,pass,H67;H64;H1,,day,range_or_status,institutional_or_compound
FGDC-2477,6aeaf8bf06ec318c1d5ea8d35180e41279506ee35e690020fb3072993ede2028,held,pass,H67;H64;H1,,day,range_or_status,institutional_or_compound
FGDC-2478,20c79b6d5588c27c95f89d9d659a067d5944cabb8af5856b11a45eba35198896,held,pass,H67;H64;H1,,day,range_or_status,institutional_or_compound
FGDC-2479,aae8c1886a3585c0a72dd889a56fd1a21a467bc8ab07215cd443af1afc14af5c,held,pass,H67;H64;H1,,day,range_or_status,institutional_or_compound
FGDC-248,ff3222607f3a73aae664d7cf47d9ef81c656445dc6e355214b9fdb680070e26d,held,pass,H67;H64;H1,,day,range_or_status,personal_or_unknown
FGDC-2480,4a4238cb1ac561e370b43a5ef3cde66d6f7a9f6a1281681bb0c7418dca7eee94,held,pass,H67;H64;H1,,day,range_or_status,institutional_or_compound
FGDC-2481,b71e19f59c32b4d9173ee9d9eaf0ed3ef7852601edb1f2bc1e033a9bf511222d,held,pass,H67;H64;H1,,day,range_or_status,institutional_or_compound
FGDC-2482,5ce9d8dae7524bbf21cd3a5f2be03d7e182fe11a8e40cb18ccd3d40d8d5eab39,held,pass,H67;H64;H1,,day,range_or_status,institutional_or_compound
FGDC-2483,362d15c07fe7cdbdb88cc0a54d34cbaef7c3449717f9aa4315f49b174fd3aec3,held,pass,H67;H64;H1,,day,range_or_status,institutional_or_compound
FGDC-2484,83abcf24fcd7893c2d6ed97786cbbe864ca7bf45e332946bb96c0b54bc556d3f,held,pass,H67;H64;H1,,day,range_or_status,institutional_or_compound
FGDC-2485,d4092f4cb18d6cf43b0ec91595da4f69284b85482c1cd661615e46a8897e5569,held,pass,H67;H64;H1,,day,range_or_status,institutional_or_compound
FGDC-2486,d3eee00f94aab9377445d6c596ce64e476d6b4e77ced2279087b2f808233205f,held,pass,H67;H64;H1,,day,range_or_status,institutional_or_compound
FGDC-2487,4d55a83621aeb1533dfad8c2036a2a23bf35a3584f59b0d4cd140bc1c35ba032,held,pass,H67;H64;H1,,day,range_or_status,institutional_or_compound
FGDC-2488,0cc871f1b242c990579452f2866527fc0e432d4d83cde3f786df5e41c204b361,held,pass,H67;H64;H1,,day,range_or_status,institutional_or_compound
FGDC-2489,865e88444c21d1016ae905f9659527caa498bdb7e896b93390acec58f149e4c7,held,pass,H67;H64;H1,,day,range_or_status,institutional_or_compound
FGDC-249,5b666a9a05c5e84530f7ba5bb60995aeec51099e648f1999d8cdd683d86727de,held,pass,H67;H64;H1,,day,range_or_status,personal_or_unknown
FGDC-2490,9f303c1871a67eba23e4396d19dbdcce4f107b90b4fc2b066e32b58d4a126c24,held,pass,H67;H64;H1,,day,range_or_status,institutional_or_compound
FGDC-2491,ea4bd10996f5b9ecbdce947c4da4945c27d573d2a10e87fa716c4265193025dd,held,pass,H67;H64;H1,,day,range_or_status,institutional_or_compound
FGDC-2492,382229592cf799003437d33a553bb98b9906d62697f260e8c2b0e5b84f03578c,held,pass,H67;H64;H1,,day,range_or_status,institutional_or_compound
FGDC-2493,5bb55fb0a6eff87d6ade14160a7db44a8778a2b0901dae132ed4837011e76e58,held,pass,H67;H64;H1,,day,range_or_status,institutional_or_compound
FGDC-2494,4f5f028b12782e10079628cdab9addebdae3bb577c67e305738d23f1ad1dacbc,held,pass,H67;H64;H1,,day,range_or_status,institutional_or_compound
FGDC-2495,8f7ad569c1098893e180279283fddedda0e97b24c4c3944e5ce34c0ed10e7d4d,held,pass,H67;H64;H1,,day,range_or_status,institutional_or_compound
FGDC-2496,bd15ab4172214bde843b530a98be453ed9565e357de1c0ddb6a4dfeae7d2132b,held,pass,H67;H64;H1,,day,range_or_status,institutional_or_compound
FGDC-2497,94e38bd4bafb59ae12d91ab286ccd4633270e82878bb757fb3d45146c8701e51,held,pass,H67;H64;H1,,day,range_or_status,institutional_or_compound
FGDC-2498,a996ce5ba1268f521f79624a4c91476840393945ef6eaba0c0cb88d57bb455d1,held,pass,H67;H64;H1,,day,range_or_status,institutional_or_compound
FGDC-2499,c40bcbf1347621667151a462cbafcadf89311f208d3f430801bef1b7c9f35f31,held,pass,H67;H64;H1,,day,range_or_status,institutional_or_compound
FGDC-25,e9582a75cbcec46c826056ec6fa5be3cde84eb4d3891f397e40a0d36f3621875,held,pass,H67;H64;H1,,day,range_or_status,institutional_or_compound
FGDC-250,6fd0c1f458a7c2b0cf0663992fae2b670bf8b1e54585c514460a1a120b068ae8,held,pass,H67;H68,,day,range_or_status,personal_or_unknown
FGDC-2500,f135475dfc306214ea598861c36027ba46bb5fae16239067d9dc3911e1003753,held,pass,H67;H64;H1,,day,range_or_status,institutional_or_compound
FGDC-2501,23638f572215a6b5a5e534eb08c5f951572972731b30fa9b262213194dbe1fb5,held,pass,H67;H64;H1,,day,range_or_status,institutional_or_compound
FGDC-2502,7677d5143358d9b7919128b31cce5da710a85a1ee22cc7667d9bcb9fca605db8,held,pass,H67;H64;H1,,day,range_or_status,institutional_or_compound
FGDC-2503,c0cd578e50ec3246a01378033c3c811fd278305c29d98315587e417678a71c96,held,pass,H67;H64;H1,,day,range_or_status,institutional_or_compound
FGDC-2504,bf538af61799e52113d1eed7ccb19bbdddc6eee4b4db92d3717265cd769349cd,held,pass,H67;H64;H1,,day,range_or_status,institutional_or_compound
FGDC-2505,7b918daf1ddecc8fabe108aa28205725e6f64531f0ade7ae9925b492afeb7fe8,held,pass,H67;H64;H1,,day,range_or_status,institutional_or_compound
FGDC-2506,0efde76c16a81295edc86a68dc60bfb327e0490210d37dd7b9bdbaa8c6395725,held,pass,H67;H64;H1,,day,range_or_status,institutional_or_compound
FGDC-2507,803f1852a80fe8cec95bee47866f63a563798e98bd93dcb0e3f9358291641f0c,held,pass,H67;H64;H1,,day,range_or_status,institutional_or_compound
FGDC-2508,26c440878e126b14d048c6a969ae76c03d37d19c99b9325577b6a60c16720cf9,held,pass,H67;H64;H1,,day,range_or_status,institutional_or_compound
FGDC-2509,92b9cbd3486dc7cecdd982df0d3bbc05a4973a2d0068158a3eb9711f0fc7a40a,held,pass,H67;H64;H1,,day,range_or_status,institutional_or_compound
FGDC-251,6850b89900abd937cbf1a9dd2dad4789e886c7c12d6b762e8db67e1f59b11cae,held,pass,H67;H64;H1,,day,range_or_status,personal_or_unknown
FGDC-2510,288220d68e8008c16795d58686c7e765086f94733587f9386864a667f5722424,held,pass,H67;H64;H1,,day,range_or_status,institutional_or_compound
FGDC-2511,b2ec3b35fef046478433fa86e47408c97a2cfe6a48d7190c27ad8d3d85706da5,held,pass,H67;H64;H1,,day,range_or_status,institutional_or_compound
FGDC-2512,c2e3e1f8346ed69756bb07b03f63766a17b6f621cb2141488d01837b0557394b,held,pass,H67;H64;H1,,day,range_or_status,institutional_or_compound
FGDC-2513,313fe1beea95668d7508dc6050fae3644b25a573492477474b38e7cecff6b174,held,pass,H67;H64;H1,,day,range_or_status,institutional_or_compound
FGDC-2514,6f9c46075e1cc0002202f5c315eef56bdf97eadd1452e938990fa731142c2ee4,held,pass,H67;H64;H1,,day,range_or_status,institutional_or_compound
FGDC-2515,ab2e4905a0474c1eca0cd1fe14ac134aa4e26046d5577501df2545b8fbf17aeb,held,pass,H67;H64;H1,,day,range_or_status,institutional_or_compound
FGDC-2516,06f8266ae85e0ffdb8e14ca0c24f3bc92aa471e336d154f00d0e7ee65c7e4360,held,pass,H67;H64;H1,,day,range_or_status,institutional_or_compound
FGDC-2517,3f72aad7d8fb1042b8715011341d9f9401c4b9d3f85133e488de023a7cad1377,held,pass,H67;H64;H1,,day,range_or_status,institutional_or_compound
FGDC-2518,48533e7662ae7f87866649b5c8819d6183ac24d3b036e1d007ec66ede60c37a6,held,pass,H67;H64;H1,,day,range_or_status,institutional_or_compound
FGDC-2519,2692d88cd25951c0e097b10e0b3e7d1a7f941af16bb92a1e0223e0bc89a1908f,held,pass,H67;H64;H1,,day,range_or_status,institutional_or_compound
FGDC-252,d4a15a095c5be5cfadd075a23ce632af3a73969ae0ea017cf2c229af964eed7a,held,pass,H67;H64;H3,,day,range_or_status,personal_or_unknown
FGDC-2520,b0ec9608a96ec86951657dd752713cd3b25271aae2cc4eb6c207253b140a1519,held,pass,H67;H64;H1,,day,range_or_status,institutional_or_compound
FGDC-2521,6b24f7165ac318541bc26852e73911d527380470b5a6a9039bb57fce51ab5db7,held,pass,H67;H64;H1,,day,range_or_status,institutional_or_compound
FGDC-2522,c236c1f11eed2c0bd7ec1f16bbae0a915f83f5fa9ad40743a1d0e18345a7611a,held,pass,H67;H64;H1,,day,range_or_status,institutional_or_compound
FGDC-2523,a8deddb69dc853e2758e2cc31d4722d31d612f9ff5bc0c1ddc396ac7489aeaec,held,pass,H67;H64;H1,,day,range_or_status,institutional_or_compound
FGDC-2524,bace4994cb6b32d9eca213fe1789afd21cdeb2269b2acdb5ca3ce720500130ce,held,pass,H67;H64;H3,,day,range_or_status,institutional_or_compound
FGDC-2525,9919d9e23e7482bcb75290d442474c1ea8565fad959cbaf86d0cf977d2cadef0,held,pass,H67;H64;H1,,day,range_or_status,institutional_or_compound
FGDC-2526,22e02adb6fbd2fd1b61f1f9c2b9938adb7150821c10988612ed58b08bcd234be,held,pass,H67;H64;H1,,day,range_or_status,institutional_or_compound
FGDC-2527,8a913add5bf7eaf7807d414eff6311d16beea5b1f2354b8b247b6cc5a7168b85,held,pass,H67;H64;H1,,day,range_or_status,institutional_or_compound
FGDC-2528,5cec759ebe776baf26139ee0837791d3fd84dc07f7b072db6902da83ca8609cb,held,pass,H67;H64;H1,,day,range_or_status,institutional_or_compound
FGDC-2529,e59c04a950f17d7e8feb1d7e08c4a0b5e301162299a94dc4d0c5c2c378c4d2cc,held,pass,H67;H64;H1,,day,range_or_status,institutional_or_compound
FGDC-253,da92514acc20d23aac84a57b6d3d65f1ddb537d02181bfa20761c6ff2c3d5b84,held,pass,H67;H64;H1,,day,range_or_status,institutional_or_compound
FGDC-2530,c8b7f1b98a6bb10f39acab89c58126368809cc926585f171ab91975a57ff664a,held,pass,H67;H64;H1,,day,range_or_status,institutional_or_compound
FGDC-2531,68d1fbb537e49176aa6e910fc6ff8dc9c586b32bff19fa7acbf628c34c11027d,held,pass,H67;H64;H1,,day,range_or_status,institutional_or_compound
FGDC-2532,4c68f970001c1508411a97a3dcdd145f05082936ba2615fb19f4a3a7742dc446,held,pass,H67;H64;H1,,day,range_or_status,institutional_or_compound
FGDC-2533,cd78e2fdeebfc073d0b55456a1e7d4b859cd7f38f1c2dbf057dfff14a931c806,held,pass,H67;H68,,day,range_or_status,institutional_or_compound
FGDC-2534,7e2d415fe38ec83e9a099a66ae579358c5e3ef265713c6f572b66b3b11bde3b2,held,pass,H67;H64;H1,,day,range_or_status,institutional_or_compound
FGDC-2535,64b98dc1efcc5cda421292a92f013ecb0da869cf5add472057331deb17b65d77,held,pass,H67;H68,,day,range_or_status,institutional_or_compound
FGDC-2536,1fcdfd2d1521c8174249de4e17cedbbcb4e1253a32e9eac9f7bc7638eef3b57d,held,pass,H67;H68,,day,range_or_status,institutional_or_compound
FGDC-2537,acc8fb30d6c7ba15f3619378c3ec0c8c8509bf0ad8fa10311a3097d45af27cee,held,pass,H67;H64;H1,,day,range_or_status,institutional_or_compound
FGDC-2538,418a2158de281dc04dce9c5f85a442ac5d6a344a143c98855d67919d20ac8279,held,pass,H67;H64;H1,,day,range_or_status,institutional_or_compound
FGDC-2539,0819173b51347f6fbe4588ef562594b0a36407cace05ea8e3a3c7e13579ceaf9,held,pass,H67;H64;H1,,day,range_or_status,institutional_or_compound
FGDC-254,dd405ad101bc61ae21440624a9605d05d5ccfeffc23bdd995cb41a36a8bfcdb2,held,pass,H67;H64;H1,,day,range_or_status,personal_or_unknown
FGDC-2540,88413a54d1b398dce4cb03bb07aaed060480f507390603ffa66fd45784b173f6,held,pass,H67;H64;H1,,day,range_or_status,institutional_or_compound
FGDC-2541,d38a8bc25eee26986eb3d4d33a1926072c5cc802bba280f4dfda47002cd2ca97,held,pass,H67;H64;H1,,day,range_or_status,institutional_or_compound
FGDC-2542,7f6f025ac71a1b41e5581a9f4fb6a266b7601dad034b2b7ac27d07414d93adb4,held,pass,H67;H64;H1,,day,range_or_status,institutional_or_compound
FGDC-2543,97c487f906c7fd0a5a8a430e915af8774522914462d8b7d3c7ebf8c4918863a1,held,pass,H67;H64;H1,,day,range_or_status,institutional_or_compound
FGDC-2544,aa995768e37483ca13734ca4990298df3a1524cb4ff5c970969cb20bce4494ad,held,pass,H67;H68,,day,range_or_status,institutional_or_compound
FGDC-2545,6eb16defa02b2ad59a08721c2d6dc8893cae50a4918399b75b49356e3f35ab32,held,pass,H67;H64;H1,,day,range_or_status,institutional_or_compound
FGDC-2546,d7009e7516324cb34e8ecefea331f7489e0c37403e94d4e3ded675db765c8e55,held,pass,H67;H64;H1,,day,range_or_status,institutional_or_compound
FGDC-2547,dc057f1163e63520e81520d74688888597af88c0293e91ecf04205dc364ac7a9,held,pass,H67;H64;H1,,day,range_or_status,institutional_or_compound
FGDC-2548,cfdd6753a7d698b52961268f3e2229319e3b4ee28fe77cae55e40778ec2b0e15,held,pass,H67;H68,,day,range_or_status,institutional_or_compound
FGDC-2549,8b7c627fcb1c452cbd5db544015c9a5082a0eea934d53a774d9f9b882af7c487,held,pass,H67;H3,,day,range_or_status,institutional_or_compound
FGDC-255,2fa6d116805c81e7b76807315fd7969dc3162d8acec951e59ba278a3e6d8f827,held,pass,H67;H64;H1,,day,range_or_status,personal_or_unknown
FGDC-2550,a7bf39b33e662b524fb1579d1a21ce34ae195d4979894dc817d03ff568e92bd7,held,pass,H67;H68,,day,range_or_status,institutional_or_compound
FGDC-2551,ad3ba020b256ae6829d614ce345043490386ea16c9d1ac68b0a5a33eee1e74f5,held,pass,H67;H68,,day,other,institutional_or_compound
FGDC-2552,b70b6e84d3b185b13451e8be125ba983d4c3c48df4c9b7d72463be2af781f511,held,pass,H67;H3,,day,other,personal_or_unknown
FGDC-2553,f7d10725285e9979578ad52d32304124194efd58b15923409768dca7527c2222,held,pass,H67;H68,,day,range_or_status,institutional_or_compound
FGDC-2554,b05b2f7cd2d28aa2aa285c30c486a3ac196af3a58af236fdb389bdbb6dbda506,held,pass,H67;H64;H1,,day,range_or_status,institutional_or_compound
FGDC-2555,098369f571ba24aef99e92cf0ea695c19e0318411210b3cd31e915d4eee48ca2,held,pass,H67;H3,,day,other,institutional_or_compound
FGDC-2556,5a382c4324d301bc44750ba63cc07b677ec3902b9a49f2d6e56d976a8803574d,held,pass,H67;H64;H1,,day,range_or_status,institutional_or_compound
FGDC-2557,7af86209edfe433dd32d116ad14ba12a516880fc9e3d99742e922d5180990575,held,pass,H67;H64;H3,,day,range_or_status,institutional_or_compound
FGDC-2558,f6f43d975195c4d8ac88be5eb3d0a4c66dc1626aec2c2a388ae4833c3752974b,held,pass,H67;H68,,day,other,institutional_or_compound
FGDC-2559,47f605b4a5334b2e375afe0792779ef2cba5f5c67d3a2d79d3c2745d826e42b4,held,pass,H67;H68,,day,other,institutional_or_compound
FGDC-256,fa326d2ffa3755b0a1a596b277ba350ba0522f411ada37ea909b02c2b45c356c,held,pass,H67;H64;H1,,day,range_or_status,personal_or_unknown
FGDC-2560,262bc1eefe01f25693d86b4e1188ef8ab626f6eb5f0c645e79e581483dee483d,held,pass,H67;H3,,day,other,institutional_or_compound
FGDC-2561,f9eaa9868bc4ebd2b0b52e1a0ee1ec54b29f01233c5e7c138c6b5c550637c1ef,held,pass,H67;H68,,day,other,personal_or_unknown
FGDC-2562,ff5187c273f8fe15be51644e76747fb0827efa6ffe3b4e81d5524c8cf3d508a3,held,pass,H67;H3,,day,other,institutional_or_compound
FGDC-2563,32713a2e3269395fcf38672c9ffac1e07560f389ebc216bd0ce4eeb97ab63d29,held,pass,H67;H64;H1,,day,range_or_status,institutional_or_compound
FGDC-2564,01d96035b30ba70a0f59e5b3358f34caec5983ef530da83ce10a4d36f0bc9dfd,held,pass,H67;H68,,day,other,institutional_or_compound
FGDC-2565,a378cbff4e5f061c5e04fb43c4c120115723616c229605be70229f3f82092d0b,held,pass,H67;H3,,day,other,institutional_or_compound
FGDC-2566,b68db455288a21c024c0c3811af3f3560f7cb55d5b207bbf07e1ddd1d48424bb,held,pass,H67;H3,,day,other,institutional_or_compound
FGDC-2567,231eb5929fc2c2122332ee945512ee6e682f16c3f09e6560b3eb2703a726cbfd,held,pass,H67;H3,,day,other,institutional_or_compound
FGDC-2568,6b93352b7a7293b5310198ece1d7f58fe536637b46c2b9455c75972439b0313a,held,pass,H67;H64;H1,,day,range_or_status,institutional_or_compound
FGDC-2569,3d67289637afc2c3528986ee99e7bbcffd25a685b28ff87c07c8b40ea1ba3630,held,pass,H67;H64;H1,,day,range_or_status,institutional_or_compound
FGDC-257,02c97b2c0868d924b48c764ba65e91206bfe729d1913712d3cc0895b2b653f9b,held,pass,H67;H64;H3,,day,range_or_status,institutional_or_compound
FGDC-2570,582cb9114a3e05f2937aa669128428905a1c16e54b8f789c0ab97d1c17597852,held,pass,H67;H68,,day,other,institutional_or_compound
FGDC-2571,32eab2d7ce570285ec0047d388d5301349c7062d2a07d3ac9bf6a9e6b2dff5f2,held,pass,H67;H68,,day,other,institutional_or_compound
FGDC-2572,83920b5a354b5995c78297b939b93186b5fee05d5ddcde9a55f063d373b30483,held,pass,H67;H3,,day,other,institutional_or_compound
FGDC-2573,b741abfb3bd2958d5226862ad2e32bfc4099d22787fb8dea689d0a3c31ed2c78,held,pass,H67;H64;H1,,day,range_or_status,institutional_or_compound
FGDC-2574,555f688cbaf85845fb24d1952f409fce406a2f658a0dd7d7d995f00870156c16,held,pass,H67;H64;H1,,day,range_or_status,institutional_or_compound
FGDC-2575,154636007e96f60d773198e486ae42dc6850b9386069fe7344a401e0b3f2d45f,held,pass,H67;H64;H1,,day,range_or_status,institutional_or_compound
FGDC-2576,0a15fc1e919b8cac7088fa36c950c621bbb7aa830d11f13fbb863873e9f6f108,held,pass,H67;H68,,day,other,institutional_or_compound
FGDC-2577,3eef555ef7fc6b9de814cdad77767c881d8943b47a18d4f89b2ab22baa38a8c2,held,pass,H67;H64;H1,,day,range_or_status,institutional_or_compound
FGDC-2578,4f75f5d748e73ba22eefb91736f53c12027b683b74c4247cdbb01d1ab835993d,held,pass,H67;H64;H3,,day,range_or_status,institutional_or_compound
FGDC-2579,dc1e1e67442c0ac341f5a5796c822001eabdd6d158a381add05c6d0474346cf2,held,pass,H67;H64;H1,,day,range_or_status,institutional_or_compound
FGDC-258,e9035e0a9e331f5c26bbc6eeee718230b19032a5beee79e35ffc559bc9ee98d1,held,pass,H67;H64;H3,,day,range_or_status,institutional_or_compound
FGDC-2580,851e3d9405fb6ca25b9b7f1efd0a52593bc573e6e6cdc2e378d0c29c84bae3f2,held,pass,H67;H68,,day,other,institutional_or_compound
FGDC-2581,37e12364094e535a1b707e1807159a3d63882cc91bf23bd6d277d68ac6e4a0a9,held,pass,H67;H3,,day,other,institutional_or_compound
FGDC-2582,72abeeca772ac2f0b4b648c8dc3e949eff0bb1d67cf1b645fc26fe17c0e51417,held,pass,H67;H3,,day,other,institutional_or_compound
FGDC-2583,8a1edbc7bfb3a83950ed7068de0e1d2f32a3d1b5ade0702eb876b57e508fe96d,held,pass,H67;H68,,day,other,institutional_or_compound
FGDC-2584,833cb8f95b13087faaba4521087f51787256d00c7fcf0beec38faf2e29e70a7d,held,pass,H67;H64;H1,,day,range_or_status,institutional_or_compound
FGDC-2585,18f4c8b8053869c7ce74d22108ca14b38010e3b7c7a966808dcd8a383ff85a91,held,pass,H67;H3,,day,other,institutional_or_compound
FGDC-2586,01f654604ccd4e26e8d8dfbb64e4f9c8ee9350af954f4bd230396185f4cbf662,held,pass,H67;H3,,day,other,personal_or_unknown
FGDC-2587,e0524fa518c066a4d2b40886bd53c3fcea4073c7b02e12ce5a331aad2a957f65,held,pass,H67;H3,,day,other,personal_or_unknown
FGDC-2588,3c932f0532e3f3cd029190e3d47f87b9dc22adccddc2d39dfa8270c0dd92bd53,held,pass,H67;H68,,day,other,institutional_or_compound
FGDC-2589,e97f2a57b48af11470ebf997ae72aafc3062e84140b82b5217842f4221cfb9be,held,pass,H67;H68,,day,other,institutional_or_compound
FGDC-259,d7d17e98b357728ca0accabd332aa572579d1d0850a07d664d51b720b3214d4f,held,pass,H67;H64;H3,,day,range_or_status,institutional_or_compound
FGDC-2590,3ca865cb7020fd72623b2866e14c3cc9f0a49592ef851dc4a628b43caaea48de,held,pass,H67;H3,,day,other,institutional_or_compound
FGDC-2591,1715acef1ff9cc84ae304c09761d04eaa3316ec52ffd208b9bf3a263c5329d95,held,pass,H67;H68,,day,other,institutional_or_compound
FGDC-2592,aad64af6e612c3008f798feb811db0822dd511fee10a9aacbd6caa925e87c52e,held,pass,H67;H68,,day,other,institutional_or_compound
FGDC-2593,ea3abdcc0570b5045ccec8a3be1850a8028867dbf58f4cafffee9ad4614ca4c4,held,pass,H67;H3,,day,range_or_status,institutional_or_compound
FGDC-2594,37510b9d267b75daaba8961c276da762abb02b5aab0e9b415be57909394660be,held,pass,H67;H3,,day,range_or_status,institutional_or_compound
FGDC-2595,229efadb70f0c75b59a414732e612cae387f50a686c3b7715f28b4161cba97c0,held,pass,H67;H64;H1,,day,range_or_status,institutional_or_compound
FGDC-2596,6cf3b606e34436895bff665bcb5d96fe214942f52240889f8c2a034b98e3d985,held,pass,H67;H3,,day,range_or_status,institutional_or_compound
FGDC-2597,ebbc654aa567e4fee5cad30847de107b65839f2f7c648fc5dd041f58e8bfa88d,held,pass,H67;H68,,day,other,institutional_or_compound
FGDC-2598,13229f24ba986a440fffb7b71c9d1341aa455b403382fbad8ac48acf148b274e,held,pass,H67;H64;H1,,day,range_or_status,institutional_or_compound
FGDC-2599,34bb9f87c3f873adc2edc0f0ff383a84db7158fbd30ed15a600baf42cc94fae9,held,pass,H67;H64;H1,,day,range_or_status,institutional_or_compound
FGDC-26,87195e96b88506ca1a6882b8cb8df849b88115422664b18d702f927076073c1a,held,pass,H67;H64;H1,,day,other,institutional_or_compound
FGDC-260,4a6a562de9be7de402c84ca30b61d172c5489e036122621980634d57a6758711,held,pass,H67;H64;H3,,day,range_or_status,institutional_or_compound
FGDC-2600,2d6a9857f5a8cdfb994ceba664193e44baf694817e90b3ba3c64b021d9c37388,held,pass,H67;H64;H1,,day,range_or_status,institutional_or_compound
FGDC-2601,3f9dbb20a03fc8347d20c58230be4a22779bd84aef96a8bf99c12d1d617de6c5,held,pass,H67;H68,,day,other,institutional_or_compound
FGDC-2602,897291e735589cf985f08d437f274a1bdbd82860db2c6fb2b5dcc67944aa2d17,held,pass,H67;H68,,day,other,institutional_or_compound
FGDC-2603,6a3cbd4808b1446f3264f553d24750023b861171dae7bcaebfb07065b1a01f4c,held,pass,H67;H64;H3,,day,other,institutional_or_compound
FGDC-2604,5a3ab6971ba5652a0dfcc591c8ad2a4f2e67d1708050db1e4af5698c26d50768,held,pass,H67;H3,,day,other,personal_or_unknown
FGDC-2605,d57c1843bc342983bf9e746ce93ebd0610730bd04e2c9332f018594fa4622fcb,held,pass,H67;H68,,day,other,institutional_or_compound
FGDC-2606,cbb319cf9caff756e682865324f121cb5b81d90442431971b2c6a206112e7371,held,pass,H67;H64;H1,,day,range_or_status,institutional_or_compound
FGDC-2607,3a2014600b8551c30b5a4fef2351b15ee97d204b6c37a55498d65d49845ccebd,held,pass,H67;H68,,day,other,institutional_or_compound
FGDC-2608,793e3d416ea0dd7e03a91782292fa98f29f4f87e4a978a572e5c4c0dd03be502,held,pass,H67;H68,,day,other,institutional_or_compound
FGDC-2609,42f251ade4f9f1b66616f09825e64bce1af8a188455ce54dc764fe2a0416d39a,held,pass,H67;H68,,day,other,institutional_or_compound
FGDC-261,56ce71a2046c53034ef82fb948d36c1b0c03ec71356da9e60b08b3190cb40379,held,pass,H67;H64;H1,,day,range_or_status,personal_or_unknown
FGDC-2610,1b9b61fa88500b129bcf02140fdf0f9d4f82ab6385732b755ff76b8f433a1ff4,held,pass,H67;H64;H1,,day,other,institutional_or_compound
FGDC-2611,9a7a9ff8c5034e7757d0c9f35331d9a14648f0dd8ea7f02bcbe4af5777a9a95e,held,pass,H67;H64;H1,,day,other,institutional_or_compound
FGDC-2612,f863c5bf012006dd7d187ca4dacb742aab3c633cf7b40d936d9031e9fec66e2c,held,pass,H67;H64;H1,,day,other,institutional_or_compound
FGDC-2613,5b5246171f38e736b083cabb5c3ebe5ce6ad48f038ccb17ec1962bbe44eac6f1,held,pass,H67;H64;H1,,day,other,institutional_or_compound
FGDC-2614,c6a8f51e65332c7928bc021c38c8460ce94b7b6b9a48b043aacf390185dc1ea5,held,pass,H67;H64;H1,,day,range_or_status,institutional_or_compound
FGDC-2615,5771b040d54dbe1a6392fa1ebe37ef58ca479876802af37ce604e95368897935,held,pass,H67;H3,,day,other,institutional_or_compound
FGDC-2616,5c38a0114e43c1a4f7188ed6908839cd52962a93e42045aee3a41c5feaf73b51,held,pass,H67;H3,,day,other,institutional_or_compound
FGDC-2617,41363b47d689aa2442aab679ad730812524e6dfb8e57f1e554ac699d32837d4c,held,pass,H67;H64;H1,,day,range_or_status,institutional_or_compound
FGDC-2618,eea621b5ee6e049007585048ab32f0aee19dd22496a3ebef94f8c8dd8192b4cd,held,pass,H67;H68,,day,other,institutional_or_compound
FGDC-2619,320760ab3789d36a88e5b0075000db741a62b6e65e2f2b3060c784d19ce03783,held,pass,H67;H68,,day,other,institutional_or_compound
FGDC-262,a844cb6598fb84be40607ca3dcaac7161e7177493da2e41c3237f41a67ed8a23,held,pass,H67;H64;H1,,day,range_or_status,personal_or_unknown
FGDC-2620,f6e6a627b5a7e13783cf55046d482771d692f3959faeed8425388f2e24faae78,held,pass,H67;H64;H1,,day,other,institutional_or_compound
FGDC-2621,d2431e3d29b2241ad69fba8f38afac6cd6d492d524cb8ae22396ee910d48ead0,held,pass,H67;H64;H1,,day,range_or_status,institutional_or_compound
FGDC-2622,b4bc6a68c5950be0d7405e6c4858c01842b1421e0444a50601a2a4ec9caca49a,held,pass,H67;H64;H1,,day,range_or_status,institutional_or_compound
FGDC-2623,6ff74bb22f8123681a281292afe7666729bbbd40c905fd70ce5f262b4386632b,held,pass,H67;H3,,day,other,institutional_or_compound
FGDC-2624,5cc5456a6af47bcccdbbbde03f7952bc33c20f64740320b261ead85ae2bac44f,held,pass,H67;H68,,day,other,institutional_or_compound
FGDC-2625,d0fc80c2bbc8fa7d5e9e697897b93c8e202e00593d137d46f35d5c368d9d3044,held,pass,H67;H3,,day,other,institutional_or_compound
FGDC-2626,3a76bbbb59d2cea853c079b2dfe13a854839c987064fc1751190d021d4fde4df,held,pass,H67;H3,,day,other,institutional_or_compound
FGDC-2627,9f8ed311b31885f6b8b88734d9da3395f4d47bfdd5e283a3ae64b6fe0b429702,held,pass,H67;H3,,day,other,institutional_or_compound
FGDC-2628,e4542cff7b85c83e1e549b467fef7785e20b2ff129107522f63efe6f463af5ff,held,pass,H67;H64;H1,,day,range_or_status,institutional_or_compound
FGDC-2629,df4447c5213ccd553c2c84607518ce0e7357dc929c976804ae65739e7ea2a057,held,pass,H67;H64;H1,,day,range_or_status,institutional_or_compound
FGDC-263,253ead603a640c6ef4317635d66196215f6a6705881d59b84ecef8fdd09a368a,held,pass,H67;H64;H1,,day,range_or_status,institutional_or_compound
FGDC-2630,1710a3ed61436974c632fd546dd310ab2bc1b14801d634e809cdb04f351a21d0,held,pass,H67;H68,,day,other,institutional_or_compound
FGDC-2631,306d1a7004648c37e279b7edf166c0fe738ce66a8e2e3eef59c0926cfc25a0b5,held,pass,H67;H64;H1,,day,other,institutional_or_compound
FGDC-2632,942722734223ed221d49c8b14493f5f0a8d7cd75cff93b6e425269d89e2f852c,held,pass,H67;H68,,day,other,institutional_or_compound
FGDC-2633,22756a1012af9d6f4f62190d0276b5e15699903b3f3b5b76d3328856d4e6ee9c,held,pass,H67;H3,,day,other,personal_or_unknown
FGDC-2634,fcf33c07fc9240d80e9f3595773c2652eb35b2f50b561b20cb1bda0efa30de83,held,pass,H67;H68,,day,other,institutional_or_compound
FGDC-2635,e9f5e7c421d0bf5bdd29262b76ed8e5b50087728a1da4ac016027b2ee985a536,held,pass,H67;H68,,day,other,institutional_or_compound
FGDC-2636,665a61d90653b300733fb8e9e4f8f2e2727cccc080fe7666e969e19e83f35558,held,pass,H67;H3,,day,other,institutional_or_compound
FGDC-2637,7bd583609bbccb615da904664f8797fdf3daa1d3571eb76c4a78c4cc78b79be1,held,pass,H67;H68,,day,range_or_status,institutional_or_compound
FGDC-2638,0797a04bb614e81f5b767d1f0896e475e1ceb7331b62380ad96fc7a379b36385,held,pass,H67;H3,,day,other,institutional_or_compound
FGDC-2639,bf9a8bb1d2e57b049bb0a1024d71fe28b8fc5e45f5fb73165b22b73ce008fe35,held,pass,H67;H64;H1,,day,range_or_status,institutional_or_compound
FGDC-264,eee3a426a317289e3911c774fb66d3ed915b6d784cdbd19dd83a473422eac5c0,held,pass,H67;H68,,day,range_or_status,institutional_or_compound
FGDC-2640,50781eca9d8970ba976b1a45a605ea8d142147249d0737c4adb70f16192bc037,held,pass,H67;H3,,day,other,institutional_or_compound
FGDC-2641,fd354b42a10351f8b81e1bc165bc2207f2280dc201b297b3ec33f06441f7a74c,held,pass,H67;H3,,day,other,institutional_or_compound
FGDC-2642,faaafeaf2eefc42b16799814517bf33c689b4ddb5b88ed28d82c67e4a820667b,held,pass,H67;H3,,day,other,institutional_or_compound
FGDC-2643,b9a1da1071705b464389c271fd8b17986b32b4782bcaeb9b8e46d40b69d009ec,held,pass,H67;H3,,day,other,institutional_or_compound
FGDC-2644,a8c1a330e66beff3e6d657290a7fd7464c27385a913629c96da74a814b9300db,held,pass,H67;H68,,day,other,institutional_or_compound
FGDC-2645,2c3c4d6653ac17f54c0e0dc2b6e4afc27274ea7272a26bd26efe021a03bdcceb,held,pass,H67;H3,,day,other,institutional_or_compound
FGDC-2646,861854e2c5949d6c0ea6c43733b9782a1339d6ede13c269240660f8d8956aa04,held,pass,H67;H68,,day,other,institutional_or_compound
FGDC-2647,84621343e47a8e0e8a0e4f78c3fecb961d45dfcb5e4da4fa3e0c56aea9cf58fd,held,pass,H67;H64;H1,,day,other,institutional_or_compound
FGDC-2648,685e63264f183d64da2d94ae760ae38ecc2cff892030cdc41ec4bf9b484b4ba7,held,pass,H67;H64;H1,,day,other,institutional_or_compound
FGDC-2649,730dbc40dc12a92fb445f68e2a7e3e05eb3e05419df43dc004b827fdf6ea98b2,held,pass,H67;H64;H1,,day,range_or_status,institutional_or_compound
FGDC-265,752f0b18f02cc842b28309eb8f89e7830bc2bfdb99d6fa02426cff8771b39d9d,held,pass,H67;H64;H3,,day,range_or_status,institutional_or_compound
FGDC-2650,957284085cf3d448eeb2a42ed743c6cf67d36079089c45403bf2edce91a59f7e,held,pass,H67;H64;H1,,day,range_or_status,institutional_or_compound
FGDC-2651,4c0c4c22d82685de220b0011effe045e78a1c019c465aead0713389dbe7f5690,held,pass,H67;H64;H1,,day,other,institutional_or_compound
FGDC-2652,30a4eb6466b1b749f904881f05300576032c2de0ce56d04ac6ba79e823eeffdc,held,pass,H67;H64;H1,,day,other,institutional_or_compound
FGDC-2653,2e4d6d7c7ec094d6d7d2240c932b9da85f1aeb6aee4fec09f464c745a3d17453,held,pass,H67;H64;H1,,day,other,institutional_or_compound
FGDC-2654,ce63f14f08e232b6a827d4ab7ab7e014a8703af7e47398edc42ae2cedf821659,held,pass,H67;H64;H1,,day,other,institutional_or_compound
FGDC-2655,d4414d48d3db68e7d8840ac1cfe8fc35799bdcfc5648def31a2f71560e82079f,held,pass,H67;H3,,day,other,institutional_or_compound
FGDC-2656,bf5a1a37b9fb3a671be0cf99246a44fab08bf83fa6d7b4a1e809eda73c0eccb3,held,pass,H67;H64;H3,,day,other,personal_or_unknown
FGDC-2657,de18a1fd7f4b80b0a23979df61d809809c985d6743f1cbe8003bf8555f8761c2,held,pass,H67;H64;H1,,day,other,institutional_or_compound
FGDC-2658,8ef4e3546e319395d8fc0368cce86084dc86719294cc39ad717b56ba439a701f,held,pass,H67;H64;H1,,day,other,institutional_or_compound
FGDC-2659,3bf939634d669b517b2957b05462b1d8f10871a7b4b0c0ff8bd55b2388e726db,held,pass,H67;H64;H1,,day,range_or_status,institutional_or_compound
FGDC-266,ffc2f85b34562f1c895fea507bddf5cea00812240a9bc3b004bd37b1eae0446f,held,pass,H67;H68,,day,range_or_status,institutional_or_compound
FGDC-2660,28d1c4d7467018324c397cfe0597c042d3183470f4be70b1ee8b5d60a22f4cdc,held,pass,H67;H64;H1,,day,other,institutional_or_compound
FGDC-2661,3c0e47ba4db90219a79553be4b63c9cf505ca01772992d916e28e9714910f93a,held,pass,H67;H64;H1,,day,other,institutional_or_compound
FGDC-2662,55379a370f2c3ecfa740c5b0decfb849bcbb1363ee6f201e931f254d692b0a82,held,pass,H67;H64;H1,,day,other,institutional_or_compound
FGDC-2663,f5eed071c6413972bef6af95ebc4fbc81808af9bbd5a64829570998c8c810af2,held,pass,H67;H64;H1,,day,other,institutional_or_compound
FGDC-2664,993fb2c2ae8a94b5a7a3e55b6bd344ea57753a4ffee2e4de45baf1b322a448b3,held,pass,H67;H64;H3,,day,other,personal_or_unknown
FGDC-2665,071e20190ee7ec450cc3457cdcf39f10c9a56df8018267fe778cc6267acfbbcc,held,pass,H67;H64;H3,,day,other,personal_or_unknown
FGDC-2666,d0677f742620c9237b8a21cdef8c11118de53c88c7609c5fc1575a3ab2dfc4a6,held,pass,H67;H68,,day,other,institutional_or_compound
FGDC-2667,e1a7fcda6e37389eb16baea94cbc70bd814f2d1d0998d8a129db120b5fdd7fd6,held,pass,H67;H3,,day,other,institutional_or_compound
FGDC-2668,554c38ba3ad5c3bdbdc17aeed63361e30783aca26770d32fe3e46980af58785c,held,pass,H67;H68,,day,other,institutional_or_compound
FGDC-2669,6281114f7b9b101bf12273bc77e9545df17465304161f751bdc4ce0214995345,held,pass,H67;H64;H1,,day,range_or_status,institutional_or_compound
FGDC-267,69cd9394db9307959867aaeb55d52626a056b0920379df56aea23d2ab1f1fea3,held,pass,H67;H68,,day,range_or_status,institutional_or_compound
FGDC-2670,9398e484637069e6c1bb9d7e10be1f5e0dae5d4c4bc384734806e7a8b7189647,held,pass,H67;H68,,day,other,institutional_or_compound
FGDC-2671,871196f70c476752086619990b3dd5fdd7c67bf9b3df4aa1d0bcd203694b5ae0,held,pass,H67;H68,,day,other,institutional_or_compound
FGDC-2672,9f991e0278a1c5cf5d6c4864f52606083f974f9797c36ebde5df1e206ce159a5,held,pass,H67;H68,,day,other,institutional_or_compound
FGDC-2673,5f67922bd29b8f32201c4e440d475176b7e6349e642db95556aae57d1d80ef0f,held,pass,H67;H68,,day,other,institutional_or_compound
FGDC-2674,b38af5b7f620dc0051fcdd79354dd4fc23efde7b6837a4c410d6ec02a07426f0,held,pass,H67;H3,,day,other,personal_or_unknown
FGDC-2675,1e30b67a3f034b8983f4e3a0f20d3a75a7070f8ef6f276626ae08ead4734b7d5,held,pass,H67;H3,,day,other,personal_or_unknown
FGDC-2676,073c5e6c2f1aec53a1d9857631bd19f8a18e7fdc261f478f56963b05f9f9d3e9,held,pass,H67;H3,,day,range_or_status,institutional_or_compound
FGDC-2677,6db754139524ea1f1197115a24a32a4b3a7460219df0bb53800f2404a855e083,held,pass,H67;H68,,day,other,institutional_or_compound
FGDC-2678,798b48989c075ed3307d1d6b2cab5c1a1933c6dee4a254319882b0e102ec4692,held,pass,H67;H64;H1,,day,range_or_status,institutional_or_compound
FGDC-2679,a508f6348c9e7589bf18af6d7895bc6bd7d5637b21b8a1543463ab93b27f9ba3,held,pass,H67;H68,,day,other,institutional_or_compound
FGDC-268,1a12b2cec8aed28dba8019917d2500f976f13df253fb534849fe12a997ef3c03,held,pass,H67;H64;H1,,day,range_or_status,institutional_or_compound
FGDC-2680,c917be529448ddfa03b6218d03597bd9a1e62d6c115f520b0cadc25715806a98,held,pass,H67;H3,,day,other,institutional_or_compound
FGDC-2681,e64ffd40145d3334ca7c9db14c08c0a9b64e7e83bb468f29c7503b41ec311fdb,held,pass,H67;H68,,day,other,institutional_or_compound
FGDC-2682,c46384d6a44a3aae50bbcb7c3836469ba4af690099eb6c76c0b80a64f8b8d902,held,pass,H67;H3,,day,other,institutional_or_compound
FGDC-2683,190e3cff17272e516358f6cf106a491e19ba98d5f8de4d7f32f11c360b9b832f,held,pass,H67;H3,,day,other,personal_or_unknown
FGDC-2684,5b99f5eae9624a76d9365dc956309e8552efe2cd30613d2710dfcb99495e720a,held,pass,H67;H3,,day,other,institutional_or_compound
FGDC-2685,fb264b171fe29c0efd37a789b722b4f9bd98657f513c4ce8fe9668d203ec7b03,held,pass,H67;H68,,day,other,institutional_or_compound
FGDC-2686,6c5f011af65c9fe9b2f4c5e21333afa538dbd9f3727a448e36a3b4b2b6046857,held,pass,H67;H3,,day,other,institutional_or_compound
FGDC-2687,8936c241bf3b1f59a4f9a30effc70b657901570ac700d8e6da706b3f8ede99ec,held,pass,H67;H68,,day,other,institutional_or_compound
FGDC-2688,90989c2878eb348b873d86c423d5ef13106d92f00c742a2925070fa780ec5a20,held,pass,H67;H64;H1,,day,range_or_status,institutional_or_compound
FGDC-2689,4cdb89e2a2746b0c3d61bf43ef540d67860a0c2c72b42768e0af1e54fee85a9c,held,pass,H67;H68,,day,other,institutional_or_compound
FGDC-269,4d978f29f8c0528007bf4864f318f6f43e31f5534207b5a4e87cba0b3eaa3dd1,held,pass,H67;H68,,day,range_or_status,institutional_or_compound
FGDC-2690,49217b8ec78d12bc5f05f1d3d49ec7aca4f51b416ed65185721005d1b4ddf76c,held,pass,H67;H3,,day,other,institutional_or_compound
FGDC-2691,888b6d0ca262e60fd13d2068a88e363e1bafa08ae9fa3ac02c7ef29002a4170f,held,pass,H67;H64;H3,,day,other,personal_or_unknown
FGDC-2692,0245d8125982a4ac39c3b1036e749d3664b7002e70526d83785d2c3bc7e30078,held,pass,H67;H68,,day,other,institutional_or_compound
FGDC-2693,e6ac8e3ee25e0b87430dc87e5fa9caa0557f30bbc0a53dd22d83901de15a85d1,held,pass,H67;H68,,day,other,institutional_or_compound
FGDC-2694,dbf99e7f17e8ffbd7c5d40dad1991c92a182d8ffe7094c37d40af82b1f1e32ac,held,pass,H67;H64;H3,,day,other,personal_or_unknown
FGDC-2695,d9a2552d05d01549a8fe7ca11d14e3f1975fe943981de5102d2703481c0bc739,held,pass,H67;H64;H3,,day,other,institutional_or_compound
FGDC-2696,677353dbf3d86429b6bce6dd4217a5451b8e2d51d50b4c99f07802a217062a19,held,pass,H67;H64;H1,,day,other,institutional_or_compound
FGDC-2697,5413f6dd66808859f24b95974c5901d2d97d886c5f1126f92fc414a9c9e503d9,held,pass,H67;H64;H1,,day,other,institutional_or_compound
FGDC-2698,a26b55f858b753295f59481b4c68edf5ceb92b7e571a9f1e6c38f4f7405276c4,held,pass,H67;H64;H1,,day,other,institutional_or_compound
FGDC-2699,bf7c30b051e14a6935e77c2ecdbb0144a3883c29a017702fb7d0ec66ef28b26e,held,pass,H67;H64;H1,,day,range_or_status,institutional_or_compound
FGDC-27,a76b992f0717b5249267034560f898ff8762e3e8a614a65d0cd087a033d86f57,held,pass,H67;H64;H1,,day,other,institutional_or_compound
FGDC-270,e11321286dba37e4487b645767f9ff5d13b9dc9d7bee912829f8571e8409a2a5,held,pass,H67;H64;H1,,day,range_or_status,institutional_or_compound
FGDC-2700,a3510f867d4504a71b65b94d21f0f2dc068e34cf063bb4736c0f5ff7bd72c5c4,held,pass,H67;H64;H1,,day,other,institutional_or_compound
FGDC-2701,12ec31120e833c61726e2d912f53baf2a00b8cc07b55fcf503e6f3a4553f7fbd,held,pass,H67;H64;H3,,day,other,institutional_or_compound
FGDC-2702,8a9f23097d76bdde1a8118014bbde71d1a04047cbce4770f57f738b03b62a255,held,pass,H67;H64;H3,,day,other,personal_or_unknown
FGDC-2703,95906d50e6a76e03cf3cf4e559b0fd7ab74aaf53ef2095fd7ac665c06ffd9409,held,pass,H67;H64;H1,,day,other,institutional_or_compound
FGDC-2704,d59adc7e9cc3400d74c0aef3911da7c94978ce4bee8cb99015be6a5c3ce966e6,held,pass,H67;H64;H1,,day,other,institutional_or_compound
FGDC-2705,b169b499e371b4e6de6c3fb6ebd4d5128ac946a8b71e4725303343392facf766,held,pass,H67;H64;H1,,day,other,institutional_or_compound
FGDC-2706,e61b964c0241beeed4586d2591be65073057a7da7bc2d50163b7861b45dbb133,held,pass,H67;H64;H1,,day,other,institutional_or_compound
FGDC-2707,b48d53a5c40febda5356e9ec015fccdcac1054b15e801e6cc17bc2e6d020e228,held,pass,H67;H64;H3,,day,other,personal_or_unknown
FGDC-2708,fbc1c07c544f376da869c69a1a1cd9e7eae380b39ee27998935fcceba4fbd58f,held,pass,H67;H3,,day,other,personal_or_unknown
FGDC-2709,1855980ec42bc86cab3dabb8fbb3dfced82dfb9c5c94dd754ab7557e97b8afe7,held,pass,H67;H68,,day,other,institutional_or_compound
FGDC-271,efde2a07acb0e405e5f00eb5f8b2557c1fffe040ff96e96339cff323eba36e27,held,pass,H67;H64;H1,,day,range_or_status,institutional_or_compound
FGDC-2710,75b679a36ee2e757419ca7886c4139a959129f136ca9f5b640a0923f2364be08,held,pass,H67;H64;H1,,day,range_or_status,institutional_or_compound
FGDC-2711,216ebb2fad911aef04947fd2ae0912eef799b84d300ee1707252ba518df2dc8c,held,pass,H67;H68,,day,other,institutional_or_compound
FGDC-2712,042b9de11e08efc0de6ca9b471e67673d1d6d0f31d0cbaaf9a92724fe0459c6f,held,pass,H67;H3,,day,other,institutional_or_compound
FGDC-2713,8f6e7efc2d40c76f370000c8a7ef713b93a974c5d3cf03662895109925c8107e,held,pass,H67;H3,,day,other,institutional_or_compound
FGDC-2714,0a0037a81ffd86614c79cd3ee7c5c84c8e82f9b2d01b1e496eb91680faed3f68,held,pass,H67;H3,,day,other,institutional_or_compound
FGDC-2715,531e11e7e53dcee3abd7cd43f8825d3850792b899c7c4f59682fb3dbd2ebb9fa,held,pass,H67;H3,,day,other,institutional_or_compound
FGDC-2716,f48818eebefa48d36f7d88b1345f46265f90d1b7179e0c3bf7b8fddc32fdc8b9,held,pass,H67;H3,,day,other,institutional_or_compound
FGDC-2717,3ff74b902e0fbaaad78bdaa7df1b48893ce42df90cc11944c723282864a8d900,held,pass,H67;H3,,day,other,institutional_or_compound
FGDC-2718,fe1269e08bc567654bc5bc0d857e0992a11a82833d22ab9f7557886d6c7d1112,held,pass,H67;H64;H1,,day,range_or_status,institutional_or_compound
FGDC-2719,226eba4b17cacd0b7ab59d5f346b781132993ace018fb725e9996198b514add8,held,pass,H67;H68,,day,other,institutional_or_compound
FGDC-272,62b78995523786e7bb337b07f3a692c47294c491ee8f3c56e3a77ca8498319a4,held,pass,H67;H68,,day,range_or_status,institutional_or_compound
FGDC-2720,bd6f0492d1a8f6b67370e6ee64277e80056ef0926a84c832991701f470788106,held,pass,H67;H64;H1,,day,range_or_status,institutional_or_compound
FGDC-2721,5601972a2084bec22b60b832ebdb906ad5bbcdf9bedd133dd2ce3899101f6d2e,held,pass,H67;H68,,day,other,institutional_or_compound
FGDC-2722,42847f3f8c11f15a34febecfb8c150b703b8c6cf4530fcef5791db3b3073ef14,held,pass,H67;H68,,day,other,institutional_or_compound
FGDC-2723,2894d64650bddf4e3d50746a56996dd95410eb1adc1fcc0957da06e0262077e4,held,pass,H67;H68,,day,other,institutional_or_compound
FGDC-2724,511346133293c2bdec2187f4ebe37ffa833ba45239b1f1b21be9496f0c2e448c,held,pass,H67;H68,,day,other,institutional_or_compound
FGDC-2725,f8c85ff810507722578d0ccf592d8dc1b1518529f7574745ff900ff5347dccdc,held,pass,H67;H68,,day,other,institutional_or_compound
FGDC-2726,1d6274ddcdd9feb06c4a70ea85c88edca86bc750d4ff503c59467059540b77cf,held,pass,H67;H64;H1,,day,other,institutional_or_compound
FGDC-2727,48effa0599a7653f657ea5eab1543d973b76bbd720609b87735010b0acca3d92,held,pass,H67;H64;H1,,day,other,institutional_or_compound
FGDC-2728,05a0169be211fd93916f8e8baada0f8a6f6c138039c80d143707e14a8cb953cb,held,pass,H67;H64;H1,,day,other,institutional_or_compound
FGDC-2729,ac0331c315e7ba262cad036ab29a793c6a1c037c5d1b185a5d5bd39ca4c0844f,held,pass,H67;H64;H1,,day,other,institutional_or_compound
FGDC-273,802b92c080694bd0cf46c3a8826138f0cc88e88cc64bc5fa503a3339bd5df298,held,held,H67;H64;H15;H45,,day,range_or_status,institutional_or_compound
FGDC-2730,853b89fa803aef4bebe8b290005902d90b550b46d484d7478a0e6c2f9d7f2e22,held,pass,H67;H64;H1,,day,range_or_status,institutional_or_compound
FGDC-2731,2f08555afe0c393d0c9e826d8fa3f78ddf5f5068a1575cf04218912265ec3a6c,held,pass,H67;H64;H1,,day,range_or_status,institutional_or_compound
FGDC-2732,b6f1c9895235093a1a19dc6c3969dcf619f29291792f43e36cb91f37195031f3,held,pass,H67;H64;H1,,day,other,institutional_or_compound
FGDC-2733,3ace8a000b7085c0ae68ed19af4bb821cbf3edc7e1f275d415f1e2cc5879aecb,held,pass,H67;H64;H1,,day,other,institutional_or_compound
FGDC-2734,185d1f2b3ed02ce533602d69f4878a66aa3113fd5ccf6b35cc79c3c79795e701,held,pass,H67;H64;H1,,day,other,institutional_or_compound
FGDC-2735,865b1580813e35292f65ddc69f1f4f16f2451a78deabb14d898a11d3749bcd16,held,pass,H67;H64;H1,,day,other,institutional_or_compound
FGDC-2736,f671c35a801edd8d6dc61cecc057c9796849bf398d05e35022550564d69bfaae,held,pass,H67;H64;H1,,day,other,institutional_or_compound
FGDC-2737,658b9606fcda790dc32cf9e15eaa3edce17f111fe0b679a8748ae1531d141e3a,held,pass,H67;H64;H1,,day,other,institutional_or_compound
FGDC-2738,a7476731809dfca77cd068b25e1821bbd65366c93fed6db0f066f00395b302c5,held,pass,H67;H64;H1,,day,other,institutional_or_compound
FGDC-2739,071e5de31045767b2e55340eba59746fee15d90731ed2b0af7da43e7378980bd,held,pass,H67;H64;H1,,day,other,institutional_or_compound
FGDC-274,5108433d17f6b77b2434f31dff9f24d331001eadd2f339036417938e541599cf,held,pass,H67;H64;H1,,day,range_or_status,institutional_or_compound
FGDC-2740,73adc6d5e31360f68405e1a4aff190a219d99441a4996544a9de7af6d0a34e01,held,pass,H67;H64;H1,,day,other,institutional_or_compound
FGDC-2741,3c90bef1be33aee3f928030616aef8e3194891b003f4ee47318b9c23e456d947,held,pass,H67;H64;H1,,day,other,institutional_or_compound
FGDC-2742,5b17dd9dfb7afbcfda4acdd7da7e0411ad503e10f9e89092852d6e805f3c8ff9,held,pass,H67;H64;H1,,day,range_or_status,institutional_or_compound
FGDC-2743,35fe3b7f387e5e620582e1f42ce75fbac93fb6bebed721eca72d21e15fa0e149,held,pass,H67;H68,,day,other,institutional_or_compound
FGDC-2744,480b8d183d7d4702e8bbfef0dea049ffa589e97da74c3870de9f2bc84880f2f9,held,pass,H67;H64;H1,,day,other,institutional_or_compound
FGDC-2745,4e2c4f98cbb48e699b174a899b9e8f9b38e2b4401d76e58426c25c92ae04342b,held,pass,H67;H64;H1,,day,other,institutional_or_compound
FGDC-2746,b3975450d612734f352323d23ca22e361260161047d3f8b6ffd926770d46628e,held,pass,H67;H64;H1,,day,other,institutional_or_compound
FGDC-2747,f694e67bed41879e54bcb3d612401e017130b806f1727f08534700be4a21b8d9,held,pass,H67;H64;H1,,day,other,institutional_or_compound
FGDC-2748,7da807b42d261a893d55d9422ea86411f5ca02a77b6e58b8519f2b993c1bd144,held,pass,H67;H64;H1,,day,other,institutional_or_compound
FGDC-2749,040d6e00102289a7d8ecfef9c789ff4c29e319ddde2d1c6d8637a59c58ebb78f,held,pass,H67;H64;H1,,day,other,institutional_or_compound
FGDC-275,36d984da45b12d0c85322c4a7a4ae06d54bc2a9112ef1f88f0169837b196d2a9,held,pass,H67;H64;H1,,day,range_or_status,institutional_or_compound
FGDC-2750,b1098b199210735a7a0423aca03e1f568ac80f70df67c0511a5633c0197401c7,held,pass,H67;H64;H1,,day,other,institutional_or_compound
FGDC-2751,c8f779b5060cd6afc3b4b965c130e6b6ab8e8ba8755428f4f48be6f69d4f3be1,held,pass,H67;H64;H1,,day,range_or_status,institutional_or_compound
FGDC-2752,edee9f93c5e04ca4a74098538997371b4db0e25d0f0b91614b54c3114a85cff8,held,pass,H67;H64;H1,,day,other,institutional_or_compound
FGDC-2753,6de114e6a0b744bfdeed863c45ed6bfb1acf01aa96a0884b1c05d9269ca2928e,held,pass,H67;H64;H1,,day,other,institutional_or_compound
FGDC-2754,e08ea5d296038701c746965a5d679a05fc74d6a30d8e595413739f9e2833ff88,held,pass,H67;H64;H1,,day,other,institutional_or_compound
FGDC-2755,ade3e51f6ab5c93c41dcfc5b4ecd239d6a8b22cc62351c01424ebb3b2c9766ee,held,pass,H67;H64;H1,,day,other,institutional_or_compound
FGDC-2756,ca30b2406a6624984766c6791e247e3040c743de6590f5ea5327b97a5a731433,held,pass,H67;H64;H1,,day,other,institutional_or_compound
FGDC-2757,78c0d0c7d8d52315ecf9c0226da0d5f9a58d1068e45d55c1b89c8eb7aa6c20b0,held,pass,H67;H64;H1,,day,other,institutional_or_compound
FGDC-2758,6fea24e2ca8f8524e90278888109561c708019407069106f6fadd1d914e5f0a4,held,pass,H67;H64;H1,,day,other,institutional_or_compound
FGDC-2759,b60bbb8e8e6f09ce6a316e62384ee20024f3318745a5fc048569244a24189054,held,pass,H67;H64;H1,,day,other,institutional_or_compound
FGDC-276,17d8e8c4976737cfef8b48a1c30a7e7f01308e7d11dee8570bcf96598a2fbf86,held,pass,H67;H68,,day,range_or_status,institutional_or_compound
FGDC-2760,b2177e67b5e42d8e5b9eaa529ab95595a4b279f12c3c1b00f76a09158d6367e2,held,pass,H67;H64;H1,,day,other,institutional_or_compound
FGDC-2761,3a169e0a4b40389866128c3ab3a4dc376e1ebfb7ab350ecb1acd010848c58f0f,held,pass,H67;H64;H1,,day,other,institutional_or_compound
FGDC-2762,e12adacac195dbbb5ea761d72567a2f9c37af7a75ec73293a231b5b13fc927e6,held,pass,H67;H64;H1,,day,range_or_status,institutional_or_compound
FGDC-2763,b6b3c9749e0025f95bd3ab3effe020c62d177113c20101b286f42c99e6e90d81,held,pass,H67;H64;H1,,day,other,institutional_or_compound
FGDC-2764,d9c9bbde0e09a340468c39391b5c5df81a66426ef69e5c894ab7e9d70d1cc73f,held,pass,H67;H64;H1,,day,other,institutional_or_compound
FGDC-2765,74ad618916068e882965c5a714656e924498370165a203098b91e594fe80f095,held,pass,H67;H64;H1,,day,other,institutional_or_compound
FGDC-2766,f8afc0f5f3fc9694268ffdeefaeedb57fe85b02ebdd2f3d9bda36c58b8d7647a,held,pass,H67;H64;H1,,day,other,institutional_or_compound
FGDC-2767,ae16d40aa7be118eecd4d915423377910d07042195534db32302adab06d9f6e8,held,pass,H67;H64;H1,,day,other,institutional_or_compound
FGDC-2768,07f8dbf6fbff492a7df05ba5ede839e4f883c372dab3e647c0431e852f0a9f88,held,pass,H67;H64;H1,,day,other,institutional_or_compound
FGDC-2769,9ba0cbacbd52ef030d9d141228696e1033b6724391cc8a89ce20314a6b0ef33c,held,pass,H67;H64;H1,,day,other,institutional_or_compound
FGDC-277,db31b415427f55139f073099b3b754f623c1544b944a3bee2af1217a31a274ec,held,pass,H67;H64;H1,,day,range_or_status,institutional_or_compound
FGDC-2770,3b1c9d2e94ed83e574363510729c6295032c852894aa46e5a44473a649b64051,held,pass,H67;H64;H1,,day,other,institutional_or_compound
FGDC-2771,3ee798753b51b912be6a42ad4d67250841d7800914057ffb385a90e22ccfeb85,held,pass,H67;H64;H1,,day,other,institutional_or_compound
FGDC-2772,d862380c9d2655afde8240674d7b222e88b970badd8ab26fbbc3fdc58cf02fa2,held,pass,H67;H64;H1,,day,range_or_status,institutional_or_compound
FGDC-2773,8506c551a08a2dba38d01a41457a9b14d630edb6ae23765f20d8e779d36df26a,held,pass,H67;H64;H1,,day,other,institutional_or_compound
FGDC-2774,af4d11e193679fb1a342b71ac40dbede85be4b422b1e3c41346c9862079b0108,held,pass,H67;H64;H1,,day,other,institutional_or_compound
FGDC-2775,634beb45b51b902a5f5417796657b95e0ae4296806c7c1a6ef1c6759df720cdf,held,pass,H67;H64;H1,,day,other,institutional_or_compound
FGDC-2776,00a06d04b07eb1ac788ef6a694c1173211337aa3170657b31472111892418185,held,pass,H67;H64;H1,,day,other,institutional_or_compound
FGDC-2777,18a712057694b6190bd72efcc96312133969b7c929d5bf4e83310b113d229bad,held,pass,H67;H64;H1,,day,other,institutional_or_compound
FGDC-2778,4170f509e8bab48dba8dcfd32794ab84b3837cf97743ab590b04542f3c3d6b5d,held,pass,H67;H64;H1,,day,other,institutional_or_compound
FGDC-2779,ebcbf130834cbac48057ca0a02005d4d5c1eecc0883c8d4e12e59e40b2b520b5,held,pass,H67;H64;H1,,day,other,institutional_or_compound
FGDC-278,803ab9b3f3f713375be4dcca1a2ded1112dea8b815b5504939fca697b6821510,held,pass,H67;H64;H1,,day,range_or_status,institutional_or_compound
FGDC-2780,230857c7564b5c29390b5c96e6fdd51d791f343da1ce5954704845a6ddfeb1f3,held,pass,H67;H64;H1,,day,other,institutional_or_compound
FGDC-2781,e89fd55f414d4ea2443f92b861e0fc523cf218606557015f27abfa45edb3b2bd,held,pass,H67;H64;H1,,day,other,institutional_or_compound
FGDC-2782,86532ef1750145061c60eea554c28e8b9c0e7ac69bb84b193903af2eb275eb98,held,pass,H67;H64;H1,,day,other,institutional_or_compound
FGDC-2783,e6416ead0e1811cabb27997f7721cf74b6a5c6f7785cb70ef0f76a0c53c010a1,held,pass,H67;H64;H1,,day,range_or_status,institutional_or_compound
FGDC-2784,c08042083c20c49a72cde0ce59c36687d40509d247ab6327557640ef6f73ac21,held,pass,H67;H64;H1,,day,other,institutional_or_compound
FGDC-2785,65493f173cc50d6d89c12ac7b96d28f5c0cc618ffa1128478810c705c8558079,held,pass,H67;H64;H1,,day,other,institutional_or_compound
FGDC-2786,4c2dbd4de5af4b06ac11658335a21b51879d030aa3c04c5e4bf1479f7a0a9ad3,held,pass,H67;H64;H1,,day,other,institutional_or_compound
FGDC-2787,4921921afff9629e4ca3107e33b8d6e27fa3830c713a7326ca8e81c51ddbc83d,held,pass,H67;H64;H1,,day,other,institutional_or_compound
FGDC-2788,de209ba6b4c50f6f95555ad7601636048b29821ffb0eee45dd335b72aaa1edc7,held,pass,H67;H64;H1,,day,other,institutional_or_compound
FGDC-2789,d62533f6dd2fdb31a4ae7dd18a8687eb18cbb0fc80913f6624c4c7d58776f183,held,pass,H67;H64;H1,,day,other,institutional_or_compound
FGDC-279,87d8b67f080625a2e2769c2a2ad88e6e6a961f34a3c516b6c4fa874b7631767c,held,pass,H67;H64;H1,,day,range_or_status,institutional_or_compound
FGDC-2790,ce0a5dcb6099e49aff10845d1f2be0a12c11d43cd74423690db958f1547b63b7,held,pass,H67;H64;H1,,day,other,institutional_or_compound
FGDC-2791,ab4ff2fb480da79bd0d7a0bdbc20fce2ddc7266823347642d61f7f0e84875e86,held,pass,H67;H64;H1,,day,other,institutional_or_compound
FGDC-2792,81441a56e90c9b83ead4cb6c4a7f51f74227412c3a21dc84798c405d648c9c2a,held,pass,H67;H64;H1,,day,other,institutional_or_compound
FGDC-2793,66d3cfa6073963c26e051887d1d8a22c657d31e8ebb0fe4c6a38084367b5c72d,held,pass,H67;H64;H1,,day,other,institutional_or_compound
FGDC-2794,37b3b9b635263df6e7effc7674733e62e901ce8c259cdcbd42ea46b4dbcf94fa,held,pass,H67;H64;H1,,day,range_or_status,institutional_or_compound
FGDC-2795,92a4926c38b6ac8938d00792652474b1644e258cc16b91c096042c613b8b6ba5,held,pass,H67;H64;H1,,day,other,institutional_or_compound
FGDC-2796,0601f13fa238cbaf49856c61780cc5bf8b25bffd6b4695b46cc1a667c7f997a1,held,pass,H67;H64;H1,,day,other,institutional_or_compound
FGDC-2797,41e1625108d2d1ea72a9fde0ac5b8fde3aa3060a8dfed073f04179bc718bfe7d,held,pass,H67;H64;H1,,day,other,institutional_or_compound
FGDC-2798,380b2a878330e5c770ab53a39308ef1912d9809551f6111d73813b9c10c1470c,held,pass,H67;H64;H1,,day,other,institutional_or_compound
FGDC-2799,bd21255847a8e449ad9a2fd5cd4bc2e87ef9349b07210268e537361838e2231d,held,pass,H67;H64;H1,,day,other,institutional_or_compound
FGDC-28,5901f1b7e41766fa2571afa6789329755fcecaaca8c7ec0ed7a749d97e7c6d9b,held,pass,H67;H64;H3,,day,other,institutional_or_compound
FGDC-280,c9391986489b7ba63d8e5012bc60298924331a18cb38066332e034460917dcea,held,pass,H67;H64;H1,,day,range_or_status,institutional_or_compound
FGDC-2800,60f05b54926e35faa80ff00addce565e1d47fda9236932084cbb91f29c81fa8a,held,pass,H67;H64;H1,,day,other,institutional_or_compound
FGDC-2801,c1cd8690aa7675f6f92c804fb944c983e40f0de03d5b3fa22b6ed7815ec357de,held,pass,H67;H64;H1,,day,other,institutional_or_compound
FGDC-2802,bbfa30f87b3a30d1d94bd6c1160738396b32f838820d1d902e40140bdf5d41f6,held,pass,H67;H64;H1,,day,other,institutional_or_compound
FGDC-2803,0986740e61a2c00e804e97156a251bbc3c161abfbf56dc3c2c27836212544389,held,pass,H67;H64;H1,,day,other,institutional_or_compound
FGDC-2804,83cc5ededc2014b149b0d6b91cd19079f2f32fee88a21d081be7d9c5a2cfad16,held,pass,H67;H64;H1,,day,range_or_status,institutional_or_compound
FGDC-2805,ff648867e0f3984910e43a0d988ac0eb4a4290d3268bc6dee649e8662b666b51,held,pass,H67;H64;H1,,day,other,institutional_or_compound
FGDC-2806,ef30429535d24ee89d2b29ca792029d82d67e85d9f923974dd1a75f022c0a54b,held,pass,H67;H64;H1,,day,other,institutional_or_compound
FGDC-2807,f5134b9e498aa91771719742a8418b60fdb5ba2cff63624ff7f4fa98386ae5bb,held,pass,H67;H64;H1,,day,other,institutional_or_compound
FGDC-2808,c5c579f9d9f4dd71f9db35875d276dd547af432980eccf7a24ee563f48f4e72d,held,pass,H67;H64;H1,,day,other,institutional_or_compound
FGDC-2809,cff8179be75bca4d027c4c61e8c1304d95e883721f6883b387b1f02593dc3355,held,pass,H67;H64;H1,,day,other,institutional_or_compound
FGDC-281,d2d28749227e35aaaa57a72e82764659a4d067b783abfe3152163553d085272a,held,pass,H67;H64;H1,,day,range_or_status,institutional_or_compound
FGDC-2810,796ac4d8b03838daf7c157a3f56d5a91c23ccb4260e5f9bad9c5c6efe7e581bd,held,pass,H67;H64;H1,,day,other,institutional_or_compound
FGDC-2811,79d71dd0b627ec919b079bda7f9510316900cd85c069c23b841cc80e1d655e64,held,pass,H67;H64;H1,,day,other,institutional_or_compound
FGDC-2812,de11311da737d49683246d05cc986c14792a99efc08ef46fff617f09a3ff5ea2,held,pass,H67;H64;H1,,day,other,institutional_or_compound
FGDC-2813,7df49a7257e5c0a8d36afedb8b26665f5b98556c9b88938b1be60e8f11e79d37,held,pass,H67;H64;H1,,day,other,institutional_or_compound
FGDC-2814,f0024841d2f02c04064384fb37a0d054b16036347755112b64b1cd70672880d7,held,pass,H67;H64;H1,,day,other,institutional_or_compound
FGDC-2815,4b2826c31ac9af66576e02d8fc1ca87a78e5c0b4df90699e7598e23688fc3b11,held,pass,H67;H64;H1,,day,range_or_status,institutional_or_compound
FGDC-2816,b155310f26523ed208a4a52eadb5f2108d8a09851727f698ce006cdf3c055955,held,pass,H67;H64;H1,,day,other,institutional_or_compound
FGDC-2817,c18640475c937fa475ee45406d4a9cb1012ef8b96bb056f0b5435f995a13eb5c,held,pass,H67;H64;H3,,day,other,personal_or_unknown
FGDC-2818,26535f8732a23cb0c6ef8e686f1f14362c3bc5f5aa71bc40b1f236c0c6dbaf79,held,pass,H67;H64;H1,,day,other,institutional_or_compound
FGDC-2819,7bf9a0d434e82fab1439a8382e4d5ee5431ecb860686a5feb9793d38ba64637c,held,pass,H67;H64;H3,,day,other,personal_or_unknown
FGDC-282,e5bf5fbd051327604470285abca9ade819c4dc84cfa5820a9e629de4fab207c8,held,pass,H67;H64;H1,,day,range_or_status,institutional_or_compound
FGDC-2820,10a8765177e857fda80d7d4f31f60072c0e6209353aa1e87185ab5cba13a0f09,held,pass,H67;H64;H1,,day,other,institutional_or_compound
FGDC-2821,2754b9debce166b8a7d42248cd772674a470e533b7e26e2d24ebe982c11583fd,held,pass,H67;H64;H1,,day,other,institutional_or_compound
FGDC-2822,8677c737bff09fff8be481bc293da37fcd1b6af0a2e9f0232793fcbf580843f7,held,pass,H67;H64;H1,,day,other,institutional_or_compound
FGDC-2823,f46ea30babd8f543c17fcc99fdab351ec305dfb4c7d61107e591f52bc0d97efd,held,pass,H67;H64;H1,,day,other,institutional_or_compound
FGDC-2824,e277e932e0fb1fe8e8efb5e1d1d9af4606a4dfe20c40e61884a4e34fa9dd1a6e,held,pass,H67;H64;H1,,day,other,institutional_or_compound
FGDC-2825,74a025522ab4cc930f3d3bfdd3ebd4a75f4d4996c5986b3f2934274bc1daf8e4,held,pass,H67;H64;H1,,day,other,institutional_or_compound
FGDC-2826,7a79595326fc147536242b4146945b16a65662a72948137518b293f74ff24cdc,held,pass,H67;H64;H1,,day,range_or_status,institutional_or_compound
FGDC-2827,268cce241836e311d79f3ee5f21c533db09f1708e49e78fb72727a8055fc1f89,held,pass,H67;H64;H1,,day,other,institutional_or_compound
FGDC-2828,d1a85f53e54edab503340274aa50ca83bc8678c2149f0990f12d0232ad32fed8,held,pass,H67;H64;H1,,day,other,institutional_or_compound
FGDC-2829,45b88eaa1819487d6dc7e2ba2098e7bba2d540f5ae0dfcfa79162f6d045695f2,held,pass,H67;H64;H1,,day,other,institutional_or_compound
FGDC-283,510d78371ff1e0511656364255c03853cd8724c6db06fc057f647cf887bb23eb,held,pass,H67;H64;H1,,day,range_or_status,institutional_or_compound
FGDC-2830,20ea8def44c62b3c9c09fcf638aded4e0795ed3356107bd9a2a75a1fdddbfb03,held,pass,H67;H64;H1,,day,other,institutional_or_compound
FGDC-2831,c29d1533000075805ae86be9ce9dd5fd2ca4c6a0dd90d19fd58414c4cbf4d6e7,held,pass,H67;H64;H1,,day,other,institutional_or_compound
FGDC-2832,6b627fbf425393d9c8a0a06d84ee934a6dff32d07dfaf2e1a7004e9a33f846cb,held,pass,H67;H64;H3,,day,other,personal_or_unknown
FGDC-2833,6512c6dc0637d31bec2aaa8a2377c95996aedf267ffadbbacee045387eb7e422,held,pass,H67;H64;H1,,day,other,institutional_or_compound
FGDC-2834,bc550f670f4abb4704f7d8cce7a7cbfe2e3543ff0113df3f2fe8efa86ff25c59,held,pass,H67;H64;H3,,day,other,personal_or_unknown
FGDC-2835,a167c01fe5f3c00a39e922c78a1920b7cf704bbb9710e0c7bf5fbdde4b3c311c,held,pass,H67;H64;H1,,day,other,institutional_or_compound
FGDC-2836,8497675950fa012c55d269f02a163bb71de30f02ea26db356ce34160a2212744,held,pass,H67;H64;H1,,day,other,institutional_or_compound
FGDC-2837,8bef14fd05c7b1ea1ab936bfeb4c5325c29c34f33b46d40b6f82f72055973237,held,pass,H67;H64;H3;H4,FGDC-2837;FGDC-3065,day,other,institutional_or_compound
FGDC-2838,3545d2a03e23dd16f246ba2e836dc33f76dbe1394aa645e0debf85c5f55a3d96,held,pass,H67;H68;H4,FGDC-2838;FGDC-3066,day,other,institutional_or_compound
FGDC-2839,d62c478268c54ac21ba33336fec9c930554165bdf0882217f0863aea4d4d68ae,held,pass,H67;H64;H1;H4,FGDC-2839;FGDC-3067,day,range_or_status,institutional_or_compound
FGDC-284,d5355ecb6604c5031f981b20b7f3b0244b7b856d75f18ef85287a9827f6649ca,held,pass,H67;H64;H1,,day,range_or_status,institutional_or_compound
FGDC-2840,20005c353ba7931f4dc96e0698adfc994b42c07bd6bbaa4b3946650c80ea49a6,held,pass,H67;H64;H3;H4,FGDC-2840;FGDC-3068,day,ambiguous_122003,institutional_or_compound
FGDC-2841,17f29f788d738512c5e4e3941e98a44a04077473b45c0d92040b8e900e2e7554,held,pass,H67;H64;H3;H4,FGDC-2841;FGDC-3069,day,ambiguous_122003,institutional_or_compound
FGDC-2842,97e7a16fd54897bfb4368044ac77f4da7de410cab7327d53b68b867a3abeb47c,held,pass,H67;H64;H3;H4,FGDC-2842;FGDC-3070,day,ambiguous_122003,institutional_or_compound
FGDC-2843,a2fdcf96fe190394080710739480913bcef3835c22faf65db50cfcc6796c1008,held,pass,H67;H64;H3;H4,FGDC-2843;FGDC-3071,day,ambiguous_122003,institutional_or_compound
FGDC-2844,7c2c4ea5f2cf48c589c5e3afa48457b1ff229efe93aa194e4380890639f9a26c,held,pass,H67;H64;H3;H4,FGDC-2844;FGDC-3072,day,ambiguous_122003,institutional_or_compound
FGDC-2845,8bf3be3528cb2cc69aa815d3baae5264b4b4b64017b90f256a93981e6bfab98a,held,pass,H67;H64;H3;H4,FGDC-2845;FGDC-3073,day,ambiguous_122003,institutional_or_compound
FGDC-2846,4cf60c5201a00edd9beec3571c3efe2c9db2f3b47905c14e663ac6a9d30c2051,held,pass,H67;H64;H3;H4,FGDC-2846;FGDC-3074,day,ambiguous_122003,institutional_or_compound
FGDC-2847,58694608b7ad8153849b25cdf6fb675eddd244e3cc992e2ce1aab3949d03fc4f,held,pass,H67;H64;H3;H4,FGDC-2847;FGDC-3075,day,ambiguous_122003,institutional_or_compound
FGDC-2848,dac74b3bc27dbc14f92e84f6a0686e02d02301e29923c7ccb8b6c181edcffff9,held,pass,H67;H64;H3;H4,FGDC-2848;FGDC-3076,day,ambiguous_122003,institutional_or_compound
FGDC-2849,7dbffdb96305ff3a71894702b3e07fa0f526d22253fb329c0dd3770f53ca3e96,held,pass,H67;H64;H3;H4,FGDC-2849;FGDC-3077,day,ambiguous_122003,institutional_or_compound
FGDC-285,71daee99b516fea5c0a8ea346b826e9bd0b9c7af7e1f6ba069abcc57cb3d161b,held,pass,H67;H64;H1,,day,range_or_status,institutional_or_compound
FGDC-2850,d3c01de168200db59092a5d24e0d0b302042b772488fada1b8d381e700e83df3,held,pass,H67;H64;H1;H4,FGDC-2850;FGDC-3078,day,range_or_status,institutional_or_compound
FGDC-2851,02d1e5ffb9eb185b0ba9db9d47d45094c46ddd647b4fbe7388066ea4f0db16da,held,pass,H67;H64;H3;H4,FGDC-2851;FGDC-3079,day,ambiguous_122003,institutional_or_compound
FGDC-2852,37eefff650fe433fc92f5ba4e0b32b24c2c7609689babb6e78d11de02904401f,held,pass,H67;H64;H3;H4,FGDC-2852;FGDC-3080,day,ambiguous_122003,institutional_or_compound
FGDC-2853,b468b50cb099b16ed21e87e58d73ea460f006d983815f953f6a22f35fcb6e59e,held,pass,H67;H64;H3;H4,FGDC-2853;FGDC-3081,day,ambiguous_122003,institutional_or_compound
FGDC-2854,1036eba58a9301cec826f665458a0305e44ae5543300640fb18f201098f9faed,held,pass,H67;H64;H3;H4,FGDC-2854;FGDC-3082,day,ambiguous_122003,institutional_or_compound
FGDC-2855,b2bd69df0f66730db9182c1c90ae8a4db446fa86b276414f3dde7e974e6535a2,held,pass,H67;H64;H3;H4,FGDC-2855;FGDC-3083,day,ambiguous_122003,institutional_or_compound
FGDC-2856,9c243d1b1f312b0a0513db7b1b7600486f00d243d2fc7368cfec393b42fbf5c5,held,pass,H67;H64;H3;H4,FGDC-2856;FGDC-3084,day,ambiguous_122003,institutional_or_compound
FGDC-2857,3b946823cdcbb4be330da319806c15ae4bfdb7562a051905aff62d1fbae31b5f,held,pass,H67;H64;H3;H4,FGDC-2857;FGDC-3085,day,ambiguous_122003,institutional_or_compound
FGDC-2858,08a7fe7b1bb1322d326797af74149dea7516fdb29304ca6ef7d05b31ae66c4b7,held,pass,H67;H64;H3;H4,FGDC-2858;FGDC-3086,day,ambiguous_122003,institutional_or_compound
FGDC-2859,3ef04bbf4a0465f33d922658abd048e01ba8bcd1c698ecb016aafc67f2d725f3,held,pass,H67;H64;H3;H4,FGDC-2859;FGDC-3087,day,ambiguous_122003,institutional_or_compound
FGDC-286,300d43d3c5e3bbd0479d32e082642791daf65b26655695f9907350d342cd0cd1,held,pass,H67;H68,,day,other,institutional_or_compound
FGDC-2860,8c9ecf376c60e1b4c1dddb1e18f0865cbbc410887ab100c222e50587500e401b,held,pass,H67;H64;H3;H4,FGDC-2860;FGDC-3088,day,ambiguous_122003,institutional_or_compound
FGDC-2861,43f274d62e355529dce0cda7a351796d106f0b9571f68d7ae51a33dd9705c002,held,pass,H67;H64;H1;H4,FGDC-2861;FGDC-3089,day,range_or_status,institutional_or_compound
FGDC-2862,94be051c86453becee850b436dcb304bf27421a51cd6b7e58f74a0c81fe7b82f,held,pass,H67;H64;H3;H4,FGDC-2862;FGDC-3090,day,ambiguous_122003,institutional_or_compound
FGDC-2863,9567b76d95a51ac3e07891547df0f161d100777642463fd34c6701a95e1123b0,held,pass,H67;H64;H3;H4,FGDC-2863;FGDC-3091,day,ambiguous_122003,institutional_or_compound
FGDC-2864,ef0f622fb85a1dda6a3696a88b5edd92bda71008762d089a0d48a056b7909d4c,held,pass,H67;H64;H3;H4,FGDC-2864;FGDC-3092,day,ambiguous_122003,institutional_or_compound
FGDC-2865,0057974985f73e3d541a7247f14adec03cb30d2b00fcadf8095cca415fb94258,held,pass,H67;H64;H3;H4,FGDC-2865;FGDC-3093,day,ambiguous_122003,institutional_or_compound
FGDC-2866,e60f3f228f0419fb678a8e05fb1fad9b594b15c559fbde43bdb41dc68b780bb1,held,pass,H67;H64;H3;H4,FGDC-2866;FGDC-3094,day,ambiguous_122003,institutional_or_compound
FGDC-2867,f3a1ae81e5df689e3d7ec65780f737807721a81fb515e345a51d4fdc51e10081,held,pass,H67;H64;H3;H4,FGDC-2867;FGDC-3095,day,ambiguous_122003,institutional_or_compound
FGDC-2868,dd4cb1ad9e4350173112aa373dbf7b01be6ae296c937bb5c26243ee230ec5f27,held,pass,H67;H64;H3;H4,FGDC-2868;FGDC-3096,day,ambiguous_122003,institutional_or_compound
FGDC-2869,470b7f7c062f0cea050474f109017048e7ba5715421c3eb0dab9189489749738,held,pass,H67;H64;H3;H4,FGDC-2869;FGDC-3097,day,ambiguous_122003,institutional_or_compound
FGDC-287,c1fbb8aa99f3e48d2d29a3c2ed46158a07703de90be7974bab3831452981d0e2,held,pass,H67;H68,,day,other,institutional_or_compound
FGDC-2870,3d96535765615f35713befc593b61d0b301e39315dd584f3ee48705cd839abf7,held,pass,H67;H64;H3;H4,FGDC-2870;FGDC-3098,day,ambiguous_122003,institutional_or_compound
FGDC-2871,30f5b5903c26724f7a5647bba5cc9c5e996888a427093968ce853a340b0d8366,held,pass,H67;H64;H3;H4,FGDC-2871;FGDC-3099,day,ambiguous_122003,institutional_or_compound
FGDC-2872,ebcdb3f1f6d5210c3ccb49c59acbb0af3e1bc8f022ef9e56c84317d952e0f76b,held,held,H67;H64;H30;H60;H4,FGDC-2872;FGDC-3100,day,range_or_status,institutional_or_compound
FGDC-2873,7768f41ce00d9e734de944e273a79ee3564d43a671b127d641e135409bf0c377,held,pass,H67;H64;H3;H4,FGDC-2873;FGDC-3101,day,ambiguous_122003,institutional_or_compound
FGDC-2874,a2d59b54ce81e9d8010c67cc88909061a5eab4333648de02fd17aa99e315d42e,held,pass,H67;H64;H3;H4,FGDC-2874;FGDC-3102,day,ambiguous_122003,institutional_or_compound
FGDC-2875,d14425b381dd815b059d5fab973c99db057dc6bbb5331b66ee68522ec8e487a4,held,pass,H67;H64;H3;H4,FGDC-2875;FGDC-3103,day,ambiguous_122003,institutional_or_compound
FGDC-2876,ca6d4f64fb3d41b7c6cfbb4884ecd9d9aee4b7e1081794787dcb64e11c3ffd80,held,pass,H67;H64;H3;H4,FGDC-2876;FGDC-3104,day,ambiguous_122003,institutional_or_compound
FGDC-2877,ba0d5363cfb8fa331e1feb2748bbeb1e8f68faae2e6a7718deec65363e24f2a6,held,pass,H67;H64;H3;H4,FGDC-2877;FGDC-3105,day,ambiguous_122003,institutional_or_compound
FGDC-2878,5516bb99b36b1cdfc05243df49970f307e741a0f3e911ac194d9bea307690de2,held,pass,H67;H64;H3;H4,FGDC-2878;FGDC-3106,day,ambiguous_122003,institutional_or_compound
FGDC-2879,00f90ad76b561b0266a3650c8c8e05e5b5087b48ac7e12a05550c7e0f494d799,held,pass,H67;H64;H3;H4,FGDC-2879;FGDC-3107,day,ambiguous_122003,institutional_or_compound
FGDC-288,c17618dc2c6b7f26b54dce940c074d26dd243b05b001559aaa642e1435d343ff,held,pass,H67;H64;H1,,day,range_or_status,institutional_or_compound
FGDC-2880,4a6c8e9c526c723a85e028873bdb38eba523bfaf2cb3f666fdc37246136bf183,held,pass,H67;H64;H3;H4,FGDC-2880;FGDC-3108,day,ambiguous_122003,institutional_or_compound
FGDC-2881,3c905a19c9d6af0e1a7fc10c005b855bcf28d2af71c66c0deffa85bb5a845f2c,held,pass,H67;H64;H3;H4,FGDC-2881;FGDC-3109,day,ambiguous_122003,institutional_or_compound
FGDC-2882,8559a9894c79292f102e61412e98b61af18a6045d858fda4b293be99a5793550,held,pass,H67;H64;H3;H4,FGDC-2882;FGDC-3110,day,ambiguous_122003,institutional_or_compound
FGDC-2883,e6160e2ad93b28764b4fc16f021b58b8fbc9f8e02fa9d0f7a2abcb3905c203ac,held,pass,H67;H64;H1;H4,FGDC-2883;FGDC-3111,day,range_or_status,institutional_or_compound
FGDC-2884,65ba604608fd6277520327d80a4b5be6f576ae8a420e5b2f86be802cd6e88ad9,held,pass,H67;H64;H3;H4,FGDC-2884;FGDC-3112,day,ambiguous_122003,institutional_or_compound
FGDC-2885,6493826fa458a5e69afe0e45462fdec1192df54ba205ffe873c90e567b14854e,held,pass,H67;H64;H3;H4,FGDC-2885;FGDC-3113,day,ambiguous_122003,institutional_or_compound
FGDC-2886,b792de0a2b5293b8a2bb0a0cd8d3bc49d28d9d7bdf78d2b8956491cdfa649e1d,held,pass,H67;H64;H3;H4,FGDC-2886;FGDC-3114,day,ambiguous_122003,institutional_or_compound
FGDC-2887,b3a866604fdded20289f6c79ccc85ae78b8e249d4c8dae1625c14ebb4dea402f,held,pass,H67;H64;H3;H4,FGDC-2887;FGDC-3115,day,ambiguous_122003,institutional_or_compound
FGDC-2888,6176b570865f7a31238aa1d32c66940626986b116e26b85cea9830eedb69968b,held,pass,H67;H64;H3;H4,FGDC-2888;FGDC-3116,day,ambiguous_122003,institutional_or_compound
FGDC-2889,84250f8169dadb247a0c87393ca08ecc43aeb7cbbfa03c0e9150a8c3354288e5,held,pass,H67;H64;H3;H4,FGDC-2889;FGDC-3117,day,ambiguous_122003,institutional_or_compound
FGDC-289,6401d899f886cc56fd12b18eef3f7aea0a2cab6a542c2fccfce198f190f6dade,held,pass,H67;H64;H3,,day,other,personal_or_unknown
FGDC-2890,74c5abf19a61208749cec092f85e18eb28496f4fa9b4aec6dd5184dadfbab310,held,pass,H67;H64;H3;H4,FGDC-2890;FGDC-3118,day,ambiguous_122003,institutional_or_compound
FGDC-2891,0234c82e1eee02e1bf8ff89f130bfe7a586636a558899bd9649a98488063238e,held,pass,H67;H64;H3;H4,FGDC-2891;FGDC-3119,day,ambiguous_122003,institutional_or_compound
FGDC-2892,dc90d6b237428c9be842bfd729edd2ad6f1d11ac0e76209d5cbfccd280764a8e,held,pass,H67;H64;H3;H4,FGDC-2892;FGDC-3120,day,ambiguous_122003,institutional_or_compound
FGDC-2893,4eb59ae7182fc297582ba615dd6ee966bb47b3df522578ea98dec3c677b5d630,held,pass,H67;H64;H3;H4,FGDC-2893;FGDC-3121,day,ambiguous_122003,institutional_or_compound
FGDC-2894,927bb889e309c91bdbd22053c78bfb88e9f37d6f693ef785c3679dc892dd024f,held,held,H67;H64;H19;H49;H4,FGDC-2894;FGDC-3122,day,range_or_status,institutional_or_compound
FGDC-2895,48fbdd49ad53843d2b41b9f71baaf8d0563d7718040357d22a8d87e7015c3af1,held,pass,H67;H64;H3;H4,FGDC-2895;FGDC-3123,day,ambiguous_122003,institutional_or_compound
FGDC-2896,6131517411f850cc6e9ece3c7adbae8dffac3eec4ad9da9e1c321992b1a3dff6,held,pass,H67;H64;H3;H4,FGDC-2896;FGDC-3124,day,ambiguous_122003,institutional_or_compound
FGDC-2897,d99e58947157d22b9d56409c5c49ca6f772c94d5e83ab5f8630b13391a12ea1e,held,pass,H67;H64;H3;H4,FGDC-2897;FGDC-3125,day,ambiguous_122003,institutional_or_compound
FGDC-2898,3e0e5b245b9a83830bc694de8d4041c98511a96b42b070a88677f6485f8b2eb8,held,pass,H67;H64;H3;H4,FGDC-2898;FGDC-3126,day,ambiguous_122003,institutional_or_compound
FGDC-2899,4f2a8a205fa1b14a2ba01965e9e93607c55c7d2d425bdb456bdd0a8136841874,held,pass,H67;H64;H3;H4,FGDC-2899;FGDC-3127,day,ambiguous_122003,institutional_or_compound
FGDC-29,fbbd98392e8ef0938d68051043cfa3da9b006433390017fe4497d05a5cbacbea,held,pass,H67;H64;H1,,day,other,institutional_or_compound
FGDC-290,8a9d9c570bdbe2f2a931c982f34e32fd5869c7389f7eda179aa8b2b1d66ce5ad,held,pass,H67;H68,,day,other,institutional_or_compound
FGDC-2900,419a9f1c02cdc54276a4c316b5ef04f088562f6e1144a1601d2197c04c17f6c5,held,pass,H67;H64;H3;H4,FGDC-2900;FGDC-3128,day,ambiguous_122003,institutional_or_compound
FGDC-2901,2b75d335087d2048a6f8dad2e3b984a6f313c8ccb3850b47d78ba4c278955a44,held,pass,H67;H64;H3;H4,FGDC-2901;FGDC-3129,day,ambiguous_122003,institutional_or_compound
FGDC-2902,78c33e1d6bb7551d87fee7cf4fc41d4d3ea92cfdfd0b320971c093d7ca165b2a,held,pass,H67;H64;H3;H4,FGDC-2902;FGDC-3130,day,ambiguous_122003,institutional_or_compound
FGDC-2903,6dc21b61ad5e3b29eb6efdb74e918ccfe1fa1c9b76aec5fdd150cd21dc121e75,held,pass,H67;H64;H3;H4,FGDC-2903;FGDC-3131,day,ambiguous_122003,institutional_or_compound
FGDC-2904,80c261cd5465afee8dab90e7428160c66b0ca63a5482a9733784e51c91c2778a,held,pass,H67;H64;H1;H4,FGDC-2904;FGDC-3132,day,range_or_status,institutional_or_compound
FGDC-2905,cfeff877201b752e1828ef3d812edd61b7f73769ded42fdeb769deae3b3b11e8,held,pass,H67;H64;H3;H4,FGDC-2905;FGDC-3133,day,ambiguous_122003,institutional_or_compound
FGDC-2906,7299a7fbc4a6a6f27923f502a5ee54091d183e6d8d9888d8c1c30b9c48272c46,held,pass,H67;H64;H3;H4,FGDC-2906;FGDC-3134,day,ambiguous_122003,institutional_or_compound
FGDC-2907,97a837ae20a074387091b097a3d9eb9db4524c047c10b5b4b9a1eb3075873612,held,pass,H67;H64;H3;H4,FGDC-2907;FGDC-3135,day,ambiguous_122003,institutional_or_compound
FGDC-2908,7bfe1cbb1c85f4b11217c7168eb2305407696b63f846df8d8461ef55f8292433,held,pass,H67;H64;H3;H4,FGDC-2908;FGDC-3136,day,ambiguous_122003,institutional_or_compound
FGDC-2909,ae70668401c1c70565e0e2ce49b26706c6761beef8278d9179925f5b5d88ed77,held,pass,H67;H64;H3;H4,FGDC-2909;FGDC-3137,day,ambiguous_122003,institutional_or_compound
FGDC-291,294770651da706cb63c6ef6bb4e4e3c3caa99b4bb386730b6ea9d337b13afc34,held,pass,H67;H68,,day,other,institutional_or_compound
FGDC-2910,55d334aaa499684878f5b5d73fc3f7cada57d056c365cb306016482b5e5c9bf6,held,pass,H67;H64;H3;H4,FGDC-2910;FGDC-3138,day,ambiguous_122003,institutional_or_compound
FGDC-2911,a2b51c74bd83865943aed91f2b47d1f9a0435da00f0f4443b2d7f339a3cca896,held,pass,H67;H64;H3;H4,FGDC-2911;FGDC-3139,day,ambiguous_122003,institutional_or_compound
FGDC-2912,720e4a09f46a1f9e1daf116d866726ecfff91cdd99718efac27aacc119d65d9d,held,pass,H67;H64;H3;H4,FGDC-2912;FGDC-3140,day,ambiguous_122003,institutional_or_compound
FGDC-2913,8e2add3b8a3642cadc131c3a6ccadfce4121072592f1fb0d3e4693db5c16cfc9,held,pass,H67;H64;H3;H4,FGDC-2913;FGDC-3141,day,ambiguous_122003,institutional_or_compound
FGDC-2914,aed8dc374f2869c79a746ed40d8129e940d566719b3232a30b80a82b4a69b875,held,pass,H67;H64;H3;H4,FGDC-2914;FGDC-3142,day,ambiguous_122003,institutional_or_compound
FGDC-2915,4385a97b249dfbe21ef694ae80bc40c0f7b409f0cdc4b4705f532a90f1549914,held,pass,H67;H64;H1;H4,FGDC-2915;FGDC-3143,day,range_or_status,institutional_or_compound
FGDC-2916,b2fdc54fa458ac46ef23c2058e70ae8d48ad55f546399562a2aa4aa734c7f26d,held,pass,H67;H64;H3;H4,FGDC-2916;FGDC-3144,day,ambiguous_122003,institutional_or_compound
FGDC-2917,043e1f5c838e7d20f047722a8e2ed4ec0d1a59c271013690c949f452632ba12e,held,pass,H67;H64;H3;H4,FGDC-2917;FGDC-3145,day,ambiguous_122003,institutional_or_compound
FGDC-2918,bf1a701c9edd057ed83107c06a4bfd675f7b82e77ebb274967419dca8cb8c862,held,pass,H67;H64;H3;H4,FGDC-2918;FGDC-3146,day,ambiguous_122003,institutional_or_compound
FGDC-2919,dfa2a06d87ff978ceb26315117f8dbe45b2a8fc7ee994ce4d7743b5e6ca82611,held,pass,H67;H64;H3;H4,FGDC-2919;FGDC-3147,day,ambiguous_122003,institutional_or_compound
FGDC-292,81624d6067a495458a6b067d2aa3660fc28ed995c4d53b36acbfcf3d1595b1e6,held,pass,H67;H68,,day,other,institutional_or_compound
FGDC-2920,66097bbcd0f102a76e6fd464be17ded1cbc3ae33ddfcad625f066689f42dcd21,held,pass,H67;H64;H3;H4,FGDC-2920;FGDC-3148,day,ambiguous_122003,institutional_or_compound
FGDC-2921,4c7a232a36c52b9da730f8300fc168c94f8baa500a4ee2c4588abb9165092f34,held,pass,H67;H64;H3;H4,FGDC-2921;FGDC-3149,day,ambiguous_122003,institutional_or_compound
FGDC-2922,1c72eef972645e3f1b561df91fd7eb08374d8d9d07a5dad8b423774082c1e62d,held,pass,H67;H64;H3;H4,FGDC-2922;FGDC-3150,day,ambiguous_122003,institutional_or_compound
FGDC-2923,d5b2805699de6c4985fc7b8fb9fb0714b8b1454395c8241a6d50993a166b0cb6,held,pass,H67;H64;H3;H4,FGDC-2923;FGDC-3151,day,ambiguous_122003,institutional_or_compound
FGDC-2924,20a3bac8b456721eae85a0ca5909f011b0bc1f5e651eda7de5882c7e2e006045,held,pass,H67;H64;H3;H4,FGDC-2924;FGDC-3152,day,ambiguous_122003,institutional_or_compound
FGDC-2925,d9d6edc6d7799c73ead9c7e3ae8693b4f696f863e08834ece535c454186bf29c,held,pass,H67;H64;H3;H4,FGDC-2925;FGDC-3153,day,ambiguous_122003,institutional_or_compound
FGDC-2926,d67382ea4475d9d44e1214a171cb98a1a06edd6ce32559694133904e59ae6fb0,held,pass,H67;H64;H1;H4,FGDC-2926;FGDC-3154,day,range_or_status,institutional_or_compound
FGDC-2927,e4c38bae9a99b7a9773e57dda165320f2ea55a28d9e8324729837b8ca5be9d18,held,pass,H67;H64;H3;H4,FGDC-2927;FGDC-3155,day,ambiguous_122003,institutional_or_compound
FGDC-2928,bb3f7deef777eac0b5890d37f31f0fe6943db5fe44053b38138ffa655f541432,held,pass,H67;H64;H3;H4,FGDC-2928;FGDC-3156,day,ambiguous_122003,institutional_or_compound
FGDC-2929,d3982b991a93644657507e51c7d931f20dc810c676b7039613f44d8a5fd50a48,held,pass,H67;H64;H3;H4,FGDC-2929;FGDC-3157,day,ambiguous_122003,institutional_or_compound
FGDC-293,b662deda408aaa376de36e3a055f9ef317bc0d0a1c681fc1c41296d49724ac8f,held,pass,H67;H68,,day,other,institutional_or_compound
FGDC-2930,f7c6fad0f2ede5d1addc088f999dbff5b89a86ffa60598a18d373cc3c2c227ce,held,pass,H67;H64;H3;H4,FGDC-2930;FGDC-3158,day,ambiguous_122003,institutional_or_compound
FGDC-2931,8d610ed681161472e5f572cae9d52695d751b8e3f70ec41761e5ba493f4319f4,held,pass,H67;H64;H3;H4,FGDC-2931;FGDC-3159,day,ambiguous_122003,institutional_or_compound
FGDC-2932,86c7a76960666079facd67c81e5a5e5264f82e2efe5f03245c4b1cbf37057ca5,held,pass,H67;H64;H3;H4,FGDC-2932;FGDC-3160,day,ambiguous_122003,institutional_or_compound
FGDC-2933,96d81f09a53849c8014ffb95c6b986be60db34c33fdf95f209a3f722d11315ee,held,pass,H67;H64;H3;H4,FGDC-2933;FGDC-3161,day,ambiguous_122003,institutional_or_compound
FGDC-2934,e6cbd9194870c32c0e31b4890a29d6213753aa52b4981d7e929bb56b81c704e1,held,pass,H67;H64;H3;H4,FGDC-2934;FGDC-3162,day,ambiguous_122003,institutional_or_compound
FGDC-2935,f5deef3c3d9a8acf0e169e35ea06d3d043c39b55230d9eb96cb0a9e887eb7cc3,held,pass,H67;H64;H3;H4,FGDC-2935;FGDC-3163,day,ambiguous_122003,institutional_or_compound
FGDC-2936,e538752a0a35fe5aee2c97efa8491227a5156e4b68f9a6650b42708e6a396d61,held,pass,H67;H64;H3;H4,FGDC-2936;FGDC-3164,day,ambiguous_122003,institutional_or_compound
FGDC-2937,41d91946ae8c93520bb49b6cfc1b60aad634489ac2e45de9ff4fa4c891684bec,held,pass,H67;H64;H1;H4,FGDC-2937;FGDC-3165,day,range_or_status,institutional_or_compound
FGDC-2938,5b4ae022cfc35250fe5add4f2605cc32fda6e595eea09c0c0b1c7e4dcdaa75cd,held,pass,H67;H64;H3;H4,FGDC-2938;FGDC-3166,day,ambiguous_122003,institutional_or_compound
FGDC-2939,32788808916a30df8052c73f3cd5927b1835b5bc5ced32da44b1ba1c1c83ea62,held,pass,H67;H64;H3;H4,FGDC-2939;FGDC-3167,day,ambiguous_122003,institutional_or_compound
FGDC-294,f13b861e6564592a9a070ff041f4441ca5950244aedcc57215c9b459a09a6ad2,held,pass,H67;H64;H1,,day,range_or_status,institutional_or_compound
FGDC-2940,f724e80d30beb34a10a375b071d28ff0025495143bbebc6dccb6ef49c4ee0cc5,held,pass,H67;H64;H3;H4,FGDC-2940;FGDC-3168,day,ambiguous_122003,institutional_or_compound
FGDC-2941,609f4c8cfc54e5e15757cc77b920da55b47461159521b98ac36e74b1ffe963a4,held,pass,H67;H64;H3;H4,FGDC-2941;FGDC-3169,day,ambiguous_122003,institutional_or_compound
FGDC-2942,2eaa9caf6eb481eade261a8e3e54f1aaf41d4a32df0a1d076ee9b40246a24c0d,held,pass,H67;H64;H3;H4,FGDC-2942;FGDC-3170,day,ambiguous_122003,institutional_or_compound
FGDC-2943,50c95f15911411ee3f6a38e926eeb6b035340cf09539fb91b4b873a52e6991ef,held,pass,H67;H64;H3;H4,FGDC-2943;FGDC-3171,day,ambiguous_122003,institutional_or_compound
FGDC-2944,3b10c8879de129c36804c7ae4ee72cda774e30b5347f127a2905c7f266685935,held,pass,H67;H64;H3;H4,FGDC-2944;FGDC-3172,day,ambiguous_122003,institutional_or_compound
FGDC-2945,42ba13b6ebf5f26f60ba75bd408b9e4d16181f38cf801d10ffb7dbdcaa7a4e36,held,pass,H67;H64;H3;H4,FGDC-2945;FGDC-3173,day,ambiguous_122003,institutional_or_compound
FGDC-2946,da5db54591e32c5b34a1d35332c4c6426ae7565d20e8bb47a24308d9af3ea4ba,held,pass,H67;H64;H3;H4,FGDC-2946;FGDC-3174,day,ambiguous_122003,institutional_or_compound
FGDC-2947,08e2c243c30f5bed157281216e01c3d7b6c21647d5e78ddeee1240774380e43a,held,pass,H67;H64;H3;H4,FGDC-2947;FGDC-3175,day,ambiguous_122003,institutional_or_compound
FGDC-2948,ca9a74702d046a13e70abac603f87b17618ecd2a70c51f1363c80629f574f615,held,pass,H67;H64;H1;H4,FGDC-2948;FGDC-3176,day,range_or_status,institutional_or_compound
FGDC-2949,26fdd51ab6cf1a96245eb1609d7732dd34fe8a74ffe9b0ff3b780c8d750ca8a8,held,pass,H67;H64;H1;H4,FGDC-2949;FGDC-3177,day,range_or_status,institutional_or_compound
FGDC-295,f5e5bb9fc4bc1b41a0169c2bdbe61dbba91e453f655268f4e2ad45ad4b635724,held,pass,H67;H64;H1,,day,range_or_status,institutional_or_compound
FGDC-2950,1c86d7c7c59a1f79c85e944e87aa5cc2aa0ffc408f5c5b8468e222289cf424b8,held,pass,H67;H64;H3;H4,FGDC-2950;FGDC-3178,day,ambiguous_122003,institutional_or_compound
FGDC-2951,2c0b55c3b0889bac1b577b28a73e2ee2777c48cd54564180a636a6e13343febe,held,pass,H67;H64;H3;H4,FGDC-2951;FGDC-3179,day,ambiguous_122003,institutional_or_compound
FGDC-2952,beeb92e66501fc8dd67eb415dfe2bde1c83632890a041ee15cf856ef8eda0aa4,held,pass,H67;H64;H3;H4,FGDC-2952;FGDC-3180,day,ambiguous_122003,institutional_or_compound
FGDC-2953,0025e59c5556d26b1c14ceac8c4c840057a271724b524c087db2dd0fb4315025,held,pass,H67;H64;H3;H4,FGDC-2953;FGDC-3181,day,ambiguous_122003,institutional_or_compound
FGDC-2954,ffee49ac0dc497ed873943ec907f06d870aa42d577a1c7a325e9cc8d9595c0ea,held,pass,H67;H64;H3;H4,FGDC-2954;FGDC-3182,day,ambiguous_122003,institutional_or_compound
FGDC-2955,262bc60b36121bfc4c218ec771a995ea59d0bccefd87bd2a4ad04a8558919411,held,pass,H67;H64;H3;H4,FGDC-2955;FGDC-3183,day,ambiguous_122003,institutional_or_compound
FGDC-2956,504466cc8ef0a1cf11d858fced405b81d175d503d23b4e2a0e0d0615aa77b956,held,pass,H67;H64;H3;H4,FGDC-2956;FGDC-3184,day,ambiguous_122003,institutional_or_compound
FGDC-2957,40b14a334379e5e416b69e6717ba8981c4488bf7d78388ce38cfacf0e614dd99,held,pass,H67;H64;H3;H4,FGDC-2957;FGDC-3185,day,ambiguous_122003,institutional_or_compound
FGDC-2958,c106b2016fb714fe16f215daf621102da77b1e5a2fb758e768c60ec65ecb8340,held,pass,H67;H64;H3;H4,FGDC-2958;FGDC-3186,day,ambiguous_122003,institutional_or_compound
FGDC-2959,99d7f76bb554a2b37c96f3cfa002ba41cdc36a6315fc4ae732ccee1f3c34d469,held,pass,H67;H64;H3;H4,FGDC-2959;FGDC-3187,day,ambiguous_122003,institutional_or_compound
FGDC-296,95b389f34c706a9e5cda9876c81f0cbc40b12080c2f4cec42f322c7383e3bd43,held,pass,H67;H68,,day,range_or_status,institutional_or_compound
FGDC-2960,b894b4d7dacde8dff0994f6c761d2bc25d1ec580927f74fa84cd5f5676defc44,held,held,H67;H64;H6;H36;H4,FGDC-2960;FGDC-3188,day,range_or_status,institutional_or_compound
FGDC-2961,9c378fc791115cc0d99fbbbdaf9e8f72ec3f312263c0dfb50b7d622bc7d61146,held,pass,H67;H64;H3;H4,FGDC-2961;FGDC-3189,day,ambiguous_122003,institutional_or_compound
FGDC-2962,19a4fa5285402b696d11bdff009dca34f604bd190806390ef077a374dbeb9cae,held,pass,H67;H64;H3;H4,FGDC-2962;FGDC-3190,day,ambiguous_122003,institutional_or_compound
FGDC-2963,0d4162b709669eb7d6cce6b3eaa26776839c32f2b2bea67d7a1ada8363244f6b,held,pass,H67;H64;H3;H4,FGDC-2963;FGDC-3191,day,ambiguous_122003,institutional_or_compound
FGDC-2964,c4aa3a85ab4e958077f06612dabf23ea732696bcf657ff57ea2dd6150db4bae9,held,pass,H67;H64;H3;H4,FGDC-2964;FGDC-3192,day,ambiguous_122003,institutional_or_compound
FGDC-2965,a5cc5c7b825adb5fadcd4cc9f1ddbef1a58ef5099c3cd392b020feeeeac4e383,held,pass,H67;H64;H3;H4,FGDC-2965;FGDC-3193,day,ambiguous_122003,institutional_or_compound
FGDC-2966,81ec0fbb7ecb7dd50f4a119a67e9428934b7de66cb8ee3cbedff85640a8ded7e,held,pass,H67;H64;H3;H4,FGDC-2966;FGDC-3194,day,ambiguous_122003,institutional_or_compound
FGDC-2967,ee91a456cdf06d0611c9653831fd9f2c6594582bbfea25191f1ec4402147f35e,held,pass,H67;H64;H3;H4,FGDC-2967;FGDC-3195,day,ambiguous_122003,institutional_or_compound
FGDC-2968,d8aaae0145540ed28aa4010f102ac922f301799b39b43ad1a61bb5db130d54d1,held,pass,H67;H64;H3;H4,FGDC-2968;FGDC-3196,day,ambiguous_122003,institutional_or_compound
FGDC-2969,d99fb6f875fbc2b30b8e21f4a94226c84fc02f230ed12762a81b9ff206369f7f,held,pass,H67;H64;H3;H4,FGDC-2969;FGDC-3197,day,ambiguous_122003,institutional_or_compound
FGDC-297,15d7163e0e233429b9d457d631ea7c367d648b439f1c0d102da3b59e071054fa,held,pass,H67;H68,,day,other,institutional_or_compound
FGDC-2970,2cb2d7df117b03100e82b5f216dcf9e174b90c644c4f221b4cc638afde922f45,held,pass,H67;H64;H3;H4,FGDC-2970;FGDC-3198,day,ambiguous_122003,institutional_or_compound
FGDC-2971,f3cb8a667d674df59c9552569750453e3e9584d80499e3b5fea1bbc7fc9fff78,held,pass,H67;H64;H1;H4,FGDC-2971;FGDC-3199,day,range_or_status,institutional_or_compound
FGDC-2972,d132c7141939dc7fc1d8cb76d9973ef8afb44acd91b50d1d7eab23b9d9c40f09,held,pass,H67;H64;H3;H4,FGDC-2972;FGDC-3200,day,ambiguous_122003,institutional_or_compound
FGDC-2973,fdb25d83f05b104d0c73db6365aef56570be101959cf8333217bb12d72f83c46,held,pass,H67;H64;H3;H4,FGDC-2973;FGDC-3201,day,ambiguous_122003,institutional_or_compound
FGDC-2974,a3a798d1e6c221adfe32580577dd1cbd650ea3340e0a9ef2f90699800903bda3,held,pass,H67;H64;H3;H4,FGDC-2974;FGDC-3202,day,ambiguous_122003,institutional_or_compound
FGDC-2975,dde0010f8f4c15891cca79b3658337ca6106bb4fa85b5e59d7516392e53cddae,held,pass,H67;H64;H3;H4,FGDC-2975;FGDC-3203,day,ambiguous_122003,institutional_or_compound
FGDC-2976,799b119aeca6bab2cf1eabff8bc0c9df1cf4640e15f127c1ef8f86d70677e973,held,pass,H67;H64;H3;H4,FGDC-2976;FGDC-3204,day,ambiguous_122003,institutional_or_compound
FGDC-2977,5f8ec5a2cd0ae3f009e785ad3b453fed0e930de79c1b29b096e0533d2e5e0fe6,held,pass,H67;H64;H3;H4,FGDC-2977;FGDC-3205,day,ambiguous_122003,institutional_or_compound
FGDC-2978,584a0f91ec877a42a8a2e9d9669f5ea3f17b342ff535691c77f71528f6aa3774,held,pass,H67;H64;H3;H4,FGDC-2978;FGDC-3206,day,ambiguous_122003,institutional_or_compound
FGDC-2979,ae45cd6d49bcf671c3cc05ac122d109911c485d1987d426fd4af81bae182190f,held,pass,H67;H64;H3;H4,FGDC-2979;FGDC-3207,day,ambiguous_122003,institutional_or_compound
FGDC-298,3b9ec45cfaf81439c7883335d9488303c66329787caa01b2064020ee251318f0,held,pass,H67;H68,,day,other,institutional_or_compound
FGDC-2980,5e25eb276bb38fb4d0ebe2428deea28da3d47365dedaba7fe07332a39d45adac,held,pass,H67;H64;H3;H4,FGDC-2980;FGDC-3208,day,ambiguous_122003,institutional_or_compound
FGDC-2981,eb9d64e32b53037e98dcd6546ab708a971c75ab058a4ee7c637098d523e8a827,held,pass,H67;H64;H3;H4,FGDC-2981;FGDC-3209,day,ambiguous_122003,institutional_or_compound
FGDC-2982,327e3be013aa03c2795f19a8e79cafc59dfce5628efe0c0eff970ea68461afdd,held,pass,H67;H64;H1;H4,FGDC-2982;FGDC-3210,day,range_or_status,institutional_or_compound
FGDC-2983,fb44d7c159b58c70a8fe6d6c7f45966038e9354755f2f244400b8ec00d18dab2,held,pass,H67;H64;H3;H4,FGDC-2983;FGDC-3211,day,ambiguous_122003,institutional_or_compound
FGDC-2984,48685e8f431bd1045e5d294441609ee8ca8230fbf3f597155a225c905eef500c,held,pass,H67;H64;H3;H4,FGDC-2984;FGDC-3212,day,ambiguous_122003,institutional_or_compound
FGDC-2985,ff08f7a3e1e9895bd60895219c43aafee1c182a7defc98f6782f3986ef74bd5a,held,pass,H67;H64;H3;H4,FGDC-2985;FGDC-3213,day,ambiguous_122003,institutional_or_compound
FGDC-2986,ca764287c29de733cba23e0e01235e2c953ac540d342c83779dbaaf518f96f3f,held,pass,H67;H64;H3;H4,FGDC-2986;FGDC-3214,day,ambiguous_122003,institutional_or_compound
FGDC-2987,fc5b3234a1500382dd7667880f51e669a5dfdc3ba94f1257d78a5891d1667503,held,pass,H67;H64;H3;H4,FGDC-2987;FGDC-3215,day,ambiguous_122003,institutional_or_compound
FGDC-2988,8bc96a3db59d988ef8b471639dc09419e921ea0088c8d6c27b674869fea6034c,held,pass,H67;H64;H3;H4,FGDC-2988;FGDC-3216,day,ambiguous_122003,institutional_or_compound
FGDC-2989,32546731a8600267f61b8fc68c5cb8c061139c1b0e8ee4811c07e80f48f1250d,held,pass,H67;H64;H3;H4,FGDC-2989;FGDC-3217,day,ambiguous_122003,institutional_or_compound
FGDC-299,062fff1ed8cf78e9a3c10748b41a67378159ff7786a95246862135d54da3e6b2,held,pass,H67;H68,,day,other,institutional_or_compound
FGDC-2990,dfbff13d9d4fddc4e0ee420dcf754faefcf033378d35a67d31dc4fe526edb4d9,held,pass,H67;H64;H3;H4,FGDC-2990;FGDC-3218,day,ambiguous_122003,institutional_or_compound
FGDC-2991,74b35a5c0aef15067faee807542f3f26c280ed1571d96175f356af0609e92cb2,held,pass,H67;H64;H3;H4,FGDC-2991;FGDC-3219,day,ambiguous_122003,institutional_or_compound
FGDC-2992,3984ca9b51745f86bc0d903d08c8f0d42a5f21bbd376d94a64eba0604da8e73f,held,pass,H67;H64;H3;H4,FGDC-2992;FGDC-3220,day,ambiguous_122003,institutional_or_compound
FGDC-2993,a65bcdaf08b02f83bb2813a14edb2733a207fcc007a4c41cfd34aef348df024a,held,pass,H67;H64;H1;H4,FGDC-2993;FGDC-3221,day,range_or_status,institutional_or_compound
FGDC-2994,0b10316dcf9a46cdab7949592918df2cd232ff48cf7636cfb1c5b307260cf701,held,pass,H67;H64;H3;H4,FGDC-2994;FGDC-3222,day,ambiguous_122003,institutional_or_compound
FGDC-2995,ccfdd3e564721c637722bc39528815cb648444b1a6e3de3b0078fab9ff18acfe,held,pass,H67;H64;H3;H4,FGDC-2995;FGDC-3223,day,ambiguous_122003,institutional_or_compound
FGDC-2996,616a3428414fbf206f245a00b7c5f2c3cae0dc799e3f948b81ac314d19c61463,held,pass,H67;H64;H3;H4,FGDC-2996;FGDC-3224,day,ambiguous_122003,institutional_or_compound
FGDC-2997,74eb25e08f826c809a8c93e59834501d27a94a1f3d090e004d84abb2271ea190,held,pass,H67;H64;H3;H4,FGDC-2997;FGDC-3225,day,ambiguous_122003,institutional_or_compound
FGDC-2998,f2d3d71812f8ad8018de017fd9a0cfa2033a58e75d607a77570b171359b8e4e3,held,pass,H67;H64;H3;H4,FGDC-2998;FGDC-3226,day,ambiguous_122003,institutional_or_compound
FGDC-2999,2e2337ccc08ee551e21c339d2797bb23d96f914b9ab265a4d3007314e944be4b,held,pass,H67;H64;H3;H4,FGDC-2999;FGDC-3227,day,ambiguous_122003,institutional_or_compound
FGDC-3,c0e676ef161591dafeb5784938abada288a7512d5f2918dd07f68485d4ceba6b,held,pass,H67;H68,,day,range_or_status,institutional_or_compound
FGDC-30,1059fe4ee0ac1f8f0ae2bba0f2fc11fd2ea5658b01b4036ff0aa0e6489adef5b,held,pass,H67;H64;H1,,day,other,institutional_or_compound
FGDC-300,74cb97c8d0206d2b8a863d25f5b70329006592d4451af945144295c30242e3ba,held,pass,H67;H68,,day,other,institutional_or_compound
FGDC-3000,d28f8f9a023fb7df4961746479c2cff350e3801e78abbec958979b57ff763ad2,held,pass,H67;H64;H3;H4,FGDC-3000;FGDC-3228,day,ambiguous_122003,institutional_or_compound
FGDC-3001,2518cd78ff22d6ac95fb8eec52994771282bc079675fd8aeb97d0e023160aba1,held,pass,H67;H64;H3;H4,FGDC-3001;FGDC-3229,day,ambiguous_122003,institutional_or_compound
FGDC-3002,1a3753ffd98af2e05eeba340d59183d5398d1d08c599fa62a79968e88cd3b040,held,pass,H67;H64;H3;H4,FGDC-3002;FGDC-3230,day,ambiguous_122003,institutional_or_compound
FGDC-3003,9635b61f9423b5e73f41b4b339e717d80f9fbe6baf0dbf54ac15890da436eed1,held,pass,H67;H64;H3;H4,FGDC-3003;FGDC-3231,day,ambiguous_122003,institutional_or_compound
FGDC-3004,f02fcbd12d5147acc0951e4d8ed5e475891937443240c06b8c7062d61fcf9368,held,pass,H67;H64;H1;H4,FGDC-3004;FGDC-3232,day,range_or_status,institutional_or_compound
FGDC-3005,5dc02dbf061253113df5888958036bd3d3cd9625e783cb075f6a4f31e8e85da5,held,pass,H67;H64;H3;H4,FGDC-3005;FGDC-3233,day,ambiguous_122003,institutional_or_compound
FGDC-3006,6adb068c6326be1e67f5909c408839979d4eae01cff185ec292ed7c3e3caa9f2,held,pass,H67;H64;H3;H4,FGDC-3006;FGDC-3234,day,ambiguous_122003,institutional_or_compound
FGDC-3007,5a914f0ecea30e39ea6d85318edf7d5c4876ad1303dad659a17347c4ca55ed2b,held,pass,H67;H64;H3;H4,FGDC-3007;FGDC-3235,day,ambiguous_122003,institutional_or_compound
FGDC-3008,ee6896f0b1a245459af68bda8a118704d59f4ea327e967cfa653af06a37e53e5,held,pass,H67;H64;H3;H4,FGDC-3008;FGDC-3236,day,ambiguous_122003,institutional_or_compound
FGDC-3009,c0ef0b53aec8dc71556c2d1ebf8e8267b30f771b749d8b9965e74ef494d72532,held,pass,H67;H64;H3;H4,FGDC-3009;FGDC-3237,day,ambiguous_122003,institutional_or_compound
FGDC-301,79e89e9abe830f8a0d06ddca20097520dd705cce73cf800dbce22084793e6a6e,held,pass,H67;H68,,day,other,institutional_or_compound
FGDC-3010,c50297281dd9b0324b9bb7bf48239276627b3f5b780f3cf678536aa257e92063,held,pass,H67;H64;H3;H4,FGDC-3010;FGDC-3238,day,ambiguous_122003,institutional_or_compound
FGDC-3011,2b4b348c6eae038a39312d362342af68305358cc1e776bc42b4ad959a72f6bdb,held,pass,H67;H64;H3;H4,FGDC-3011;FGDC-3239,day,ambiguous_122003,institutional_or_compound
FGDC-3012,889dcc65cfcf4e8a7be98cf8436d01378b7f5aa63b45b5d57e616ef61b4e0181,held,pass,H67;H64;H3;H4,FGDC-3012;FGDC-3240,day,ambiguous_122003,institutional_or_compound
FGDC-3013,e457a1a1a3587179bfe1f36b5845ec3d71ece6c34904f23779e5f27a34dbfdb9,held,pass,H67;H64;H3;H4,FGDC-3013;FGDC-3241,day,ambiguous_122003,institutional_or_compound
FGDC-3014,0a9db9b97fbd4615157cc1260b869d81571349f36213ff349fb9426a8e134546,held,pass,H67;H64;H3;H4,FGDC-3014;FGDC-3242,day,ambiguous_122003,institutional_or_compound
FGDC-3015,29238d857a6e7542b14e1efc34964d57be39852a90de70712fd9028c9c8a1eab,held,pass,H67;H64;H1;H4,FGDC-3015;FGDC-3243,day,range_or_status,institutional_or_compound
FGDC-3016,60458026de686481840ecc95ab5af8d38e2f7e022bc645ebfe932c3d6ba187aa,held,pass,H67;H64;H3;H4,FGDC-3016;FGDC-3244,day,ambiguous_122003,institutional_or_compound
FGDC-3017,1edf59604b0ce2b7a93ef9a0f22411d83c751f1584e7fde9e7ff9535753a2f6c,held,pass,H67;H64;H3;H4,FGDC-3017;FGDC-3245,day,ambiguous_122003,institutional_or_compound
FGDC-3018,70749856f3a2562db90e2f2d73dcc8021387eb0be47d0a3ca09d02b5f5285a8c,held,pass,H67;H64;H3;H4,FGDC-3018;FGDC-3246,day,ambiguous_122003,institutional_or_compound
FGDC-3019,646d72f3d0dbab5e13e36626670916230a09be92c9de8ff40a38e08b9e32c514,held,pass,H67;H64;H3;H4,FGDC-3019;FGDC-3247,day,ambiguous_122003,institutional_or_compound
FGDC-302,e0fdc6d4c7341e1c5a477ef09962872178676f23488060be5dbe21b2782bf201,held,pass,H67;H68,,day,other,institutional_or_compound
FGDC-3020,2b78bed889b5eafcafc81911979e9f5174b57b3ada7392d242ab4f01dfd6db95,held,pass,H67;H64;H3;H4,FGDC-3020;FGDC-3248,day,ambiguous_122003,institutional_or_compound
FGDC-3021,a73e59b5bd0ec65631ed6b3e1df912117f0d03b95339be08d11f2af6c6a8ddfe,held,pass,H67;H64;H3;H4,FGDC-3021;FGDC-3249,day,ambiguous_122003,institutional_or_compound
FGDC-3022,d5aa3592053e8b55c36ee4c2d0e25bcb9ff6bbc30074eb2c5c18f26771f8d548,held,pass,H67;H64;H3;H4,FGDC-3022;FGDC-3250,day,ambiguous_122003,institutional_or_compound
FGDC-3023,11e1dd7caf29eb0e05bc31d53db766c2ba2dff7d2a2ac1e96db3cda6b37dd0d3,held,pass,H67;H64;H3;H4,FGDC-3023;FGDC-3251,day,ambiguous_122003,institutional_or_compound
FGDC-3024,2c07951e6be5036d5c010846339da8b7adda2d1ffdcb81a34370bdf091ddfd3e,held,pass,H67;H64;H3;H4,FGDC-3024;FGDC-3252,day,ambiguous_122003,institutional_or_compound
FGDC-3025,00685901ab0f4706298e64239b1280fa70e0eb3ece713f977f87e294509429a0,held,pass,H67;H64;H3;H4,FGDC-3025;FGDC-3253,day,ambiguous_122003,institutional_or_compound
FGDC-3026,650a2e277e5800d95a1ff7017ef08e029a438d9d79396eed0e63af5d213d412c,held,pass,H67;H64;H1;H4,FGDC-3026;FGDC-3254,day,range_or_status,institutional_or_compound
FGDC-3027,06230e76144e6129de3b4daa58aa06614005b7c088089619eab5089ad02b20a9,held,pass,H67;H64;H3;H4,FGDC-3027;FGDC-3255,day,ambiguous_122003,institutional_or_compound
FGDC-3028,87ab7801a6082edd52d0e1d35500fd96ec19cb8f7008fa73e544fbafabd489b0,held,pass,H67;H64;H3;H4,FGDC-3028;FGDC-3256,day,ambiguous_122003,institutional_or_compound
FGDC-3029,c53c428f13f59263172f5ae9f2afe33394744f09551f1c6a388b6f489c5fafd3,held,pass,H67;H64;H3;H4,FGDC-3029;FGDC-3257,day,ambiguous_122003,institutional_or_compound
FGDC-303,8cfea41c2765bc332934b5d341e89eb991bd2cdf062889d9adb8d8844316bd86,held,pass,H67;H68,,day,other,institutional_or_compound
FGDC-3030,47b7b632c9ac91138225abf7218374a5199823e017ff3a28e985f3e515e77320,held,pass,H67;H64;H3;H4,FGDC-3030;FGDC-3258,day,ambiguous_122003,institutional_or_compound
FGDC-3031,86a3f70134c5765934806a7980310ff20ab983df7ba86b6ef0d54ed12f8bb976,held,pass,H67;H64;H3;H4,FGDC-3031;FGDC-3259,day,ambiguous_122003,institutional_or_compound
FGDC-3032,0d60030cf5cb6089f0cae8dd276fb7f7b1819478dd400fb2014bba32d7c7b2b9,held,pass,H67;H64;H3;H4,FGDC-3032;FGDC-3260,day,ambiguous_122003,institutional_or_compound
FGDC-3033,6c6dd852c3be4fe1cb6b672d4694c7885f4e9e5d798e4351011882fecaecfaa6,held,pass,H67;H64;H3;H4,FGDC-3033;FGDC-3261,day,ambiguous_122003,institutional_or_compound
FGDC-3034,a8bc3edb070724e4a2d4aab23ed90d98c51ea5b97c80cbee63cbbee7c5e3cedd,held,pass,H67;H64;H3;H4,FGDC-3034;FGDC-3262,day,ambiguous_122003,institutional_or_compound
FGDC-3035,9e6066fdc509e884b837a6f5b5d8c244a5f289194980392f73fdd0f1207465e4,held,pass,H67;H64;H3;H4,FGDC-3035;FGDC-3263,day,ambiguous_122003,institutional_or_compound
FGDC-3036,b53dc5aa076b2ee54382f4fecb05137ea8b2424da1b43b798a5944453823e295,held,pass,H67;H64;H3;H4,FGDC-3036;FGDC-3264,day,ambiguous_122003,institutional_or_compound
FGDC-3037,921e4abfddf9d47993f0c606b970035b88ffe2562bad03b6691ce46cbc7eb89b,held,pass,H67;H64;H1;H4,FGDC-3037;FGDC-3265,day,range_or_status,institutional_or_compound
FGDC-3038,dfb2015562ef6060b5a0a56791069d28a658dccf9efbc57dbf80b2e479e9546e,held,pass,H67;H64;H3;H4,FGDC-3038;FGDC-3266,day,ambiguous_122003,institutional_or_compound
FGDC-3039,876d176de491b359d863972e40fc7c5dbe32dfe3a9c0560ab3b59eeb45740d7d,held,pass,H67;H64;H3;H4,FGDC-3039;FGDC-3267,day,ambiguous_122003,institutional_or_compound
FGDC-304,63e66006ff32e3b00b2f9f818823e2fb5fade885a1003ad734f2affd25d6f7b2,held,pass,H67;H68,,day,other,institutional_or_compound
FGDC-3040,1207dd6ecf3e4b68aa6138a898ccf72af12d4fd9a909a0a8bb6afbae59420524,held,pass,H67;H64;H3;H4,FGDC-3040;FGDC-3268,day,ambiguous_122003,institutional_or_compound
FGDC-3041,91de35a07e07d70288383ede8c668fbfe80500ba230077d27f27defaa834c609,held,pass,H67;H64;H3;H4,FGDC-3041;FGDC-3269,day,ambiguous_122003,institutional_or_compound
FGDC-3042,784bedb6bb1cb20de6f852270e81ed635684a46bb151af5ed8e730bc6b29d9ab,held,pass,H67;H64;H3;H4,FGDC-3042;FGDC-3270,day,ambiguous_122003,institutional_or_compound
FGDC-3043,a76edf6abe7861fbce5c470cc9a35f4f75b7a5a8e866c6bb1d57fb1e6292f872,held,pass,H67;H64;H3;H4,FGDC-3043;FGDC-3271,day,ambiguous_122003,institutional_or_compound
FGDC-3044,ca1d5e2614f0316d28d1729493b2a52ed6b6bb5149508ecbfa631802006ccb1d,held,pass,H67;H64;H3;H4,FGDC-3044;FGDC-3272,day,ambiguous_122003,institutional_or_compound
FGDC-3045,8f6721c540a8801682821b1c0497ac87889afdbce2950a3e8e7824a7e78af4ea,held,pass,H67;H64;H3;H4,FGDC-3045;FGDC-3273,day,ambiguous_122003,institutional_or_compound
FGDC-3046,e16de5ff17117454df08682b4578d6828b657e6f60d1347ba7d9f3368b00dea3,held,pass,H67;H64;H3;H4,FGDC-3046;FGDC-3274,day,ambiguous_122003,institutional_or_compound
FGDC-3047,dc15ca6a2ef4f8979d08424f3e060ae26ab54f1de11c3fbd6a1168ccfd09754e,held,pass,H67;H64;H3;H4,FGDC-3047;FGDC-3275,day,ambiguous_122003,institutional_or_compound
FGDC-3048,fcf77e5bcd5b5e65b25dcfaa7e0db91f2aac3cd875649f3428eb3a93b6644833,held,pass,H67;H64;H1;H4,FGDC-3048;FGDC-3276,day,range_or_status,institutional_or_compound
FGDC-3049,8498f8ea45c4bee77c0a75e827faed5e4f1d11b761479d4b5868783b1f1804b9,held,pass,H67;H64;H3;H4,FGDC-3049;FGDC-3277,day,ambiguous_122003,institutional_or_compound
FGDC-305,148d6eb6a25d05825db95923a675f1c99f35092c3139f37195549367a21eee57,held,pass,H67;H64;H1,,day,range_or_status,institutional_or_compound
FGDC-3050,4238aa318f7f89dfea6fa739b02dfcb0ed6072f98aa49cb7457196632f002fbb,held,pass,H67;H64;H3;H4,FGDC-3050;FGDC-3278,day,ambiguous_122003,institutional_or_compound
FGDC-3051,79b48ee9dd1de8b837f2c6334bf8d46a1cfca54e3b655883c18b8f76a79ec402,held,pass,H67;H64;H3;H4,FGDC-3051;FGDC-3279,day,ambiguous_122003,institutional_or_compound
FGDC-3052,781c6dff4f379bf308997945728bc0c1174300ae51cdef7cfb68652fd634982e,held,pass,H67;H64;H3;H4,FGDC-3052;FGDC-3280,day,ambiguous_122003,institutional_or_compound
FGDC-3053,4ddf6f35e1f49fe67e9357784e591e3613a1b06a219381b5ab095047bede8db9,held,pass,H67;H64;H3;H4,FGDC-3053;FGDC-3281,day,ambiguous_122003,institutional_or_compound
FGDC-3054,5efbdd6ef846dcad940e144e4d78befbd8a67719ac68f81217ba829d192f474e,held,pass,H67;H64;H3;H4,FGDC-3054;FGDC-3282,day,ambiguous_122003,institutional_or_compound
FGDC-3055,3241d25b73a618a822925b4bf4345a38c1b8a61c83b02a0ddc7852ee1afa9b75,held,pass,H67;H64;H3;H4,FGDC-3055;FGDC-3283,day,ambiguous_122003,institutional_or_compound
FGDC-3056,83d284b92685c6e91f31712ed1a889d24047c3b88d99c527f399264da983bd6d,held,pass,H67;H64;H3;H4,FGDC-3056;FGDC-3284,day,ambiguous_122003,institutional_or_compound
FGDC-3057,66c3546caf70f9d47a877790aafa13e6b38e632d844ce72d46c4fc4670965559,held,pass,H67;H64;H3;H4,FGDC-3057;FGDC-3285,day,ambiguous_122003,institutional_or_compound
FGDC-3058,ef8e51e047d45c906eca150ade55a7fe98eab3814f0c78a7cde7915b5fb7d9e5,held,pass,H67;H64;H3;H4,FGDC-3058;FGDC-3286,day,ambiguous_122003,institutional_or_compound
FGDC-3059,6e73f6729dcfd517429864b8e189f6ac9597b638c8a011c5a5bbc494c7b84f7f,held,pass,H67;H64;H1;H4,FGDC-3059;FGDC-3287,day,range_or_status,institutional_or_compound
FGDC-306,b7201be8ec6965bac70d7e681edafeae9f29f09cadf779d3b670fa67883ab078,held,pass,H67;H64;H1,,day,other,institutional_or_compound
FGDC-3060,51e1a0c3dbac56958c4d0452dc87558162302a6273e33d237cc74ff4ec79aaf9,held,pass,H67;H64;H1;H4,FGDC-3060;FGDC-3288,day,range_or_status,institutional_or_compound
FGDC-3061,71ed9cbef8d030f90a669f9da751cf3bfe6b6ae99b19db12df93c7df39577cc9,held,pass,H67;H64;H3;H4,FGDC-3061;FGDC-3289,day,ambiguous_122003,institutional_or_compound
FGDC-3062,679e5bbb8cb42a20a8cd11d97ba5e2fc22c6994d1c7637fdf70d89386f0fd5b0,held,pass,H67;H64;H3;H4,FGDC-3062;FGDC-3290,day,ambiguous_122003,institutional_or_compound
FGDC-3063,c856afbad901e8222c2eece38ade7c3c3f68e27f8b6be14f3e3c9d4de87289ec,held,pass,H67;H64;H3;H4,FGDC-3063;FGDC-3291,day,ambiguous_122003,institutional_or_compound
FGDC-3064,61a2ae9b98ffbf2de41fc84cee20ca3871e7bc652b92de09f6e7b265d6e861f3,held,pass,H67;H64;H3;H4,FGDC-3064;FGDC-3292,day,ambiguous_122003,institutional_or_compound
FGDC-3065,8bef14fd05c7b1ea1ab936bfeb4c5325c29c34f33b46d40b6f82f72055973237,held,pass,H67;H64;H3;H4,FGDC-2837;FGDC-3065,day,other,institutional_or_compound
FGDC-3066,3545d2a03e23dd16f246ba2e836dc33f76dbe1394aa645e0debf85c5f55a3d96,held,pass,H67;H68;H4,FGDC-2838;FGDC-3066,day,other,institutional_or_compound
FGDC-3067,d62c478268c54ac21ba33336fec9c930554165bdf0882217f0863aea4d4d68ae,held,pass,H67;H64;H1;H4,FGDC-2839;FGDC-3067,day,range_or_status,institutional_or_compound
FGDC-3068,20005c353ba7931f4dc96e0698adfc994b42c07bd6bbaa4b3946650c80ea49a6,held,pass,H67;H64;H3;H4,FGDC-2840;FGDC-3068,day,ambiguous_122003,institutional_or_compound
FGDC-3069,17f29f788d738512c5e4e3941e98a44a04077473b45c0d92040b8e900e2e7554,held,pass,H67;H64;H3;H4,FGDC-2841;FGDC-3069,day,ambiguous_122003,institutional_or_compound
FGDC-307,12a3787074d6d2251cf8dc0a16cadb741f795422aca0820d87d87d8f6e3f87ca,held,pass,H67;H68,,day,other,institutional_or_compound
FGDC-3070,97e7a16fd54897bfb4368044ac77f4da7de410cab7327d53b68b867a3abeb47c,held,pass,H67;H64;H3;H4,FGDC-2842;FGDC-3070,day,ambiguous_122003,institutional_or_compound
FGDC-3071,a2fdcf96fe190394080710739480913bcef3835c22faf65db50cfcc6796c1008,held,pass,H67;H64;H3;H4,FGDC-2843;FGDC-3071,day,ambiguous_122003,institutional_or_compound
FGDC-3072,7c2c4ea5f2cf48c589c5e3afa48457b1ff229efe93aa194e4380890639f9a26c,held,pass,H67;H64;H3;H4,FGDC-2844;FGDC-3072,day,ambiguous_122003,institutional_or_compound
FGDC-3073,8bf3be3528cb2cc69aa815d3baae5264b4b4b64017b90f256a93981e6bfab98a,held,pass,H67;H64;H3;H4,FGDC-2845;FGDC-3073,day,ambiguous_122003,institutional_or_compound
FGDC-3074,4cf60c5201a00edd9beec3571c3efe2c9db2f3b47905c14e663ac6a9d30c2051,held,pass,H67;H64;H3;H4,FGDC-2846;FGDC-3074,day,ambiguous_122003,institutional_or_compound
FGDC-3075,58694608b7ad8153849b25cdf6fb675eddd244e3cc992e2ce1aab3949d03fc4f,held,pass,H67;H64;H3;H4,FGDC-2847;FGDC-3075,day,ambiguous_122003,institutional_or_compound
FGDC-3076,dac74b3bc27dbc14f92e84f6a0686e02d02301e29923c7ccb8b6c181edcffff9,held,pass,H67;H64;H3;H4,FGDC-2848;FGDC-3076,day,ambiguous_122003,institutional_or_compound
FGDC-3077,7dbffdb96305ff3a71894702b3e07fa0f526d22253fb329c0dd3770f53ca3e96,held,pass,H67;H64;H3;H4,FGDC-2849;FGDC-3077,day,ambiguous_122003,institutional_or_compound
FGDC-3078,d3c01de168200db59092a5d24e0d0b302042b772488fada1b8d381e700e83df3,held,pass,H67;H64;H1;H4,FGDC-2850;FGDC-3078,day,range_or_status,institutional_or_compound
FGDC-3079,02d1e5ffb9eb185b0ba9db9d47d45094c46ddd647b4fbe7388066ea4f0db16da,held,pass,H67;H64;H3;H4,FGDC-2851;FGDC-3079,day,ambiguous_122003,institutional_or_compound
FGDC-308,e6d9d13f770e94653f52d8361e74a3568fa2b19dd7e5d4a45c0ca941dd51afaa,held,pass,H67;H68,,day,other,institutional_or_compound
FGDC-3080,37eefff650fe433fc92f5ba4e0b32b24c2c7609689babb6e78d11de02904401f,held,pass,H67;H64;H3;H4,FGDC-2852;FGDC-3080,day,ambiguous_122003,institutional_or_compound
FGDC-3081,b468b50cb099b16ed21e87e58d73ea460f006d983815f953f6a22f35fcb6e59e,held,pass,H67;H64;H3;H4,FGDC-2853;FGDC-3081,day,ambiguous_122003,institutional_or_compound
FGDC-3082,1036eba58a9301cec826f665458a0305e44ae5543300640fb18f201098f9faed,held,pass,H67;H64;H3;H4,FGDC-2854;FGDC-3082,day,ambiguous_122003,institutional_or_compound
FGDC-3083,b2bd69df0f66730db9182c1c90ae8a4db446fa86b276414f3dde7e974e6535a2,held,pass,H67;H64;H3;H4,FGDC-2855;FGDC-3083,day,ambiguous_122003,institutional_or_compound
FGDC-3084,9c243d1b1f312b0a0513db7b1b7600486f00d243d2fc7368cfec393b42fbf5c5,held,pass,H67;H64;H3;H4,FGDC-2856;FGDC-3084,day,ambiguous_122003,institutional_or_compound
FGDC-3085,3b946823cdcbb4be330da319806c15ae4bfdb7562a051905aff62d1fbae31b5f,held,pass,H67;H64;H3;H4,FGDC-2857;FGDC-3085,day,ambiguous_122003,institutional_or_compound
FGDC-3086,08a7fe7b1bb1322d326797af74149dea7516fdb29304ca6ef7d05b31ae66c4b7,held,pass,H67;H64;H3;H4,FGDC-2858;FGDC-3086,day,ambiguous_122003,institutional_or_compound
FGDC-3087,3ef04bbf4a0465f33d922658abd048e01ba8bcd1c698ecb016aafc67f2d725f3,held,pass,H67;H64;H3;H4,FGDC-2859;FGDC-3087,day,ambiguous_122003,institutional_or_compound
FGDC-3088,8c9ecf376c60e1b4c1dddb1e18f0865cbbc410887ab100c222e50587500e401b,held,pass,H67;H64;H3;H4,FGDC-2860;FGDC-3088,day,ambiguous_122003,institutional_or_compound
FGDC-3089,43f274d62e355529dce0cda7a351796d106f0b9571f68d7ae51a33dd9705c002,held,pass,H67;H64;H1;H4,FGDC-2861;FGDC-3089,day,range_or_status,institutional_or_compound
FGDC-309,d19ec5e6cda89517419e86d5c447101e20463c50d1517a15972e5d94747d5864,held,pass,H67;H68,,day,other,institutional_or_compound
FGDC-3090,94be051c86453becee850b436dcb304bf27421a51cd6b7e58f74a0c81fe7b82f,held,pass,H67;H64;H3;H4,FGDC-2862;FGDC-3090,day,ambiguous_122003,institutional_or_compound
FGDC-3091,9567b76d95a51ac3e07891547df0f161d100777642463fd34c6701a95e1123b0,held,pass,H67;H64;H3;H4,FGDC-2863;FGDC-3091,day,ambiguous_122003,institutional_or_compound
FGDC-3092,ef0f622fb85a1dda6a3696a88b5edd92bda71008762d089a0d48a056b7909d4c,held,pass,H67;H64;H3;H4,FGDC-2864;FGDC-3092,day,ambiguous_122003,institutional_or_compound
FGDC-3093,0057974985f73e3d541a7247f14adec03cb30d2b00fcadf8095cca415fb94258,held,pass,H67;H64;H3;H4,FGDC-2865;FGDC-3093,day,ambiguous_122003,institutional_or_compound
FGDC-3094,e60f3f228f0419fb678a8e05fb1fad9b594b15c559fbde43bdb41dc68b780bb1,held,pass,H67;H64;H3;H4,FGDC-2866;FGDC-3094,day,ambiguous_122003,institutional_or_compound
FGDC-3095,f3a1ae81e5df689e3d7ec65780f737807721a81fb515e345a51d4fdc51e10081,held,pass,H67;H64;H3;H4,FGDC-2867;FGDC-3095,day,ambiguous_122003,institutional_or_compound
FGDC-3096,dd4cb1ad9e4350173112aa373dbf7b01be6ae296c937bb5c26243ee230ec5f27,held,pass,H67;H64;H3;H4,FGDC-2868;FGDC-3096,day,ambiguous_122003,institutional_or_compound
FGDC-3097,470b7f7c062f0cea050474f109017048e7ba5715421c3eb0dab9189489749738,held,pass,H67;H64;H3;H4,FGDC-2869;FGDC-3097,day,ambiguous_122003,institutional_or_compound
FGDC-3098,3d96535765615f35713befc593b61d0b301e39315dd584f3ee48705cd839abf7,held,pass,H67;H64;H3;H4,FGDC-2870;FGDC-3098,day,ambiguous_122003,institutional_or_compound
FGDC-3099,30f5b5903c26724f7a5647bba5cc9c5e996888a427093968ce853a340b0d8366,held,pass,H67;H64;H3;H4,FGDC-2871;FGDC-3099,day,ambiguous_122003,institutional_or_compound
FGDC-31,63fa2a28c7123d7995195b31d528c0c026aceee379959d43b0674f8ce5db67ac,held,pass,H67;H64;H3,,day,other,personal_or_unknown
FGDC-310,55e78817e2fba3506b687abca17b3927a4205972343a45e21bdd36c717f3b061,held,pass,H67;H68,,day,other,institutional_or_compound
FGDC-3100,ebcdb3f1f6d5210c3ccb49c59acbb0af3e1bc8f022ef9e56c84317d952e0f76b,held,held,H67;H64;H30;H60;H4,FGDC-2872;FGDC-3100,day,range_or_status,institutional_or_compound
FGDC-3101,7768f41ce00d9e734de944e273a79ee3564d43a671b127d641e135409bf0c377,held,pass,H67;H64;H3;H4,FGDC-2873;FGDC-3101,day,ambiguous_122003,institutional_or_compound
FGDC-3102,a2d59b54ce81e9d8010c67cc88909061a5eab4333648de02fd17aa99e315d42e,held,pass,H67;H64;H3;H4,FGDC-2874;FGDC-3102,day,ambiguous_122003,institutional_or_compound
FGDC-3103,d14425b381dd815b059d5fab973c99db057dc6bbb5331b66ee68522ec8e487a4,held,pass,H67;H64;H3;H4,FGDC-2875;FGDC-3103,day,ambiguous_122003,institutional_or_compound
FGDC-3104,ca6d4f64fb3d41b7c6cfbb4884ecd9d9aee4b7e1081794787dcb64e11c3ffd80,held,pass,H67;H64;H3;H4,FGDC-2876;FGDC-3104,day,ambiguous_122003,institutional_or_compound
FGDC-3105,ba0d5363cfb8fa331e1feb2748bbeb1e8f68faae2e6a7718deec65363e24f2a6,held,pass,H67;H64;H3;H4,FGDC-2877;FGDC-3105,day,ambiguous_122003,institutional_or_compound
FGDC-3106,5516bb99b36b1cdfc05243df49970f307e741a0f3e911ac194d9bea307690de2,held,pass,H67;H64;H3;H4,FGDC-2878;FGDC-3106,day,ambiguous_122003,institutional_or_compound
FGDC-3107,00f90ad76b561b0266a3650c8c8e05e5b5087b48ac7e12a05550c7e0f494d799,held,pass,H67;H64;H3;H4,FGDC-2879;FGDC-3107,day,ambiguous_122003,institutional_or_compound
FGDC-3108,4a6c8e9c526c723a85e028873bdb38eba523bfaf2cb3f666fdc37246136bf183,held,pass,H67;H64;H3;H4,FGDC-2880;FGDC-3108,day,ambiguous_122003,institutional_or_compound
FGDC-3109,3c905a19c9d6af0e1a7fc10c005b855bcf28d2af71c66c0deffa85bb5a845f2c,held,pass,H67;H64;H3;H4,FGDC-2881;FGDC-3109,day,ambiguous_122003,institutional_or_compound
FGDC-311,b6039c65d8389b2872194ee078b36cc0b5b495123d977aa6c26c5d7b195a5fff,held,pass,H67;H68,,day,other,institutional_or_compound
FGDC-3110,8559a9894c79292f102e61412e98b61af18a6045d858fda4b293be99a5793550,held,pass,H67;H64;H3;H4,FGDC-2882;FGDC-3110,day,ambiguous_122003,institutional_or_compound
FGDC-3111,e6160e2ad93b28764b4fc16f021b58b8fbc9f8e02fa9d0f7a2abcb3905c203ac,held,pass,H67;H64;H1;H4,FGDC-2883;FGDC-3111,day,range_or_status,institutional_or_compound
FGDC-3112,65ba604608fd6277520327d80a4b5be6f576ae8a420e5b2f86be802cd6e88ad9,held,pass,H67;H64;H3;H4,FGDC-2884;FGDC-3112,day,ambiguous_122003,institutional_or_compound
FGDC-3113,6493826fa458a5e69afe0e45462fdec1192df54ba205ffe873c90e567b14854e,held,pass,H67;H64;H3;H4,FGDC-2885;FGDC-3113,day,ambiguous_122003,institutional_or_compound
FGDC-3114,b792de0a2b5293b8a2bb0a0cd8d3bc49d28d9d7bdf78d2b8956491cdfa649e1d,held,pass,H67;H64;H3;H4,FGDC-2886;FGDC-3114,day,ambiguous_122003,institutional_or_compound
FGDC-3115,b3a866604fdded20289f6c79ccc85ae78b8e249d4c8dae1625c14ebb4dea402f,held,pass,H67;H64;H3;H4,FGDC-2887;FGDC-3115,day,ambiguous_122003,institutional_or_compound
FGDC-3116,6176b570865f7a31238aa1d32c66940626986b116e26b85cea9830eedb69968b,held,pass,H67;H64;H3;H4,FGDC-2888;FGDC-3116,day,ambiguous_122003,institutional_or_compound
FGDC-3117,84250f8169dadb247a0c87393ca08ecc43aeb7cbbfa03c0e9150a8c3354288e5,held,pass,H67;H64;H3;H4,FGDC-2889;FGDC-3117,day,ambiguous_122003,institutional_or_compound
FGDC-3118,74c5abf19a61208749cec092f85e18eb28496f4fa9b4aec6dd5184dadfbab310,held,pass,H67;H64;H3;H4,FGDC-2890;FGDC-3118,day,ambiguous_122003,institutional_or_compound
FGDC-3119,0234c82e1eee02e1bf8ff89f130bfe7a586636a558899bd9649a98488063238e,held,pass,H67;H64;H3;H4,FGDC-2891;FGDC-3119,day,ambiguous_122003,institutional_or_compound
FGDC-312,afde0e16fd8c8cf9ff105828a0bc0d0e98f021a54148841aa71577766b117714,held,pass,H67;H68,,day,other,institutional_or_compound
FGDC-3120,dc90d6b237428c9be842bfd729edd2ad6f1d11ac0e76209d5cbfccd280764a8e,held,pass,H67;H64;H3;H4,FGDC-2892;FGDC-3120,day,ambiguous_122003,institutional_or_compound
FGDC-3121,4eb59ae7182fc297582ba615dd6ee966bb47b3df522578ea98dec3c677b5d630,held,pass,H67;H64;H3;H4,FGDC-2893;FGDC-3121,day,ambiguous_122003,institutional_or_compound
FGDC-3122,927bb889e309c91bdbd22053c78bfb88e9f37d6f693ef785c3679dc892dd024f,held,held,H67;H64;H19;H49;H4,FGDC-2894;FGDC-3122,day,range_or_status,institutional_or_compound
FGDC-3123,48fbdd49ad53843d2b41b9f71baaf8d0563d7718040357d22a8d87e7015c3af1,held,pass,H67;H64;H3;H4,FGDC-2895;FGDC-3123,day,ambiguous_122003,institutional_or_compound
FGDC-3124,6131517411f850cc6e9ece3c7adbae8dffac3eec4ad9da9e1c321992b1a3dff6,held,pass,H67;H64;H3;H4,FGDC-2896;FGDC-3124,day,ambiguous_122003,institutional_or_compound
FGDC-3125,d99e58947157d22b9d56409c5c49ca6f772c94d5e83ab5f8630b13391a12ea1e,held,pass,H67;H64;H3;H4,FGDC-2897;FGDC-3125,day,ambiguous_122003,institutional_or_compound
FGDC-3126,3e0e5b245b9a83830bc694de8d4041c98511a96b42b070a88677f6485f8b2eb8,held,pass,H67;H64;H3;H4,FGDC-2898;FGDC-3126,day,ambiguous_122003,institutional_or_compound
FGDC-3127,4f2a8a205fa1b14a2ba01965e9e93607c55c7d2d425bdb456bdd0a8136841874,held,pass,H67;H64;H3;H4,FGDC-2899;FGDC-3127,day,ambiguous_122003,institutional_or_compound
FGDC-3128,419a9f1c02cdc54276a4c316b5ef04f088562f6e1144a1601d2197c04c17f6c5,held,pass,H67;H64;H3;H4,FGDC-2900;FGDC-3128,day,ambiguous_122003,institutional_or_compound
FGDC-3129,2b75d335087d2048a6f8dad2e3b984a6f313c8ccb3850b47d78ba4c278955a44,held,pass,H67;H64;H3;H4,FGDC-2901;FGDC-3129,day,ambiguous_122003,institutional_or_compound
FGDC-313,c3582e0b14a86eafe0545dd7b1ea40a1add3b1b9fb7dfa29a90fde56b2ebfbc4,held,pass,H67;H68,,day,other,institutional_or_compound
FGDC-3130,78c33e1d6bb7551d87fee7cf4fc41d4d3ea92cfdfd0b320971c093d7ca165b2a,held,pass,H67;H64;H3;H4,FGDC-2902;FGDC-3130,day,ambiguous_122003,institutional_or_compound
FGDC-3131,6dc21b61ad5e3b29eb6efdb74e918ccfe1fa1c9b76aec5fdd150cd21dc121e75,held,pass,H67;H64;H3;H4,FGDC-2903;FGDC-3131,day,ambiguous_122003,institutional_or_compound
FGDC-3132,80c261cd5465afee8dab90e7428160c66b0ca63a5482a9733784e51c91c2778a,held,pass,H67;H64;H1;H4,FGDC-2904;FGDC-3132,day,range_or_status,institutional_or_compound
FGDC-3133,cfeff877201b752e1828ef3d812edd61b7f73769ded42fdeb769deae3b3b11e8,held,pass,H67;H64;H3;H4,FGDC-2905;FGDC-3133,day,ambiguous_122003,institutional_or_compound
FGDC-3134,7299a7fbc4a6a6f27923f502a5ee54091d183e6d8d9888d8c1c30b9c48272c46,held,pass,H67;H64;H3;H4,FGDC-2906;FGDC-3134,day,ambiguous_122003,institutional_or_compound
FGDC-3135,97a837ae20a074387091b097a3d9eb9db4524c047c10b5b4b9a1eb3075873612,held,pass,H67;H64;H3;H4,FGDC-2907;FGDC-3135,day,ambiguous_122003,institutional_or_compound
FGDC-3136,7bfe1cbb1c85f4b11217c7168eb2305407696b63f846df8d8461ef55f8292433,held,pass,H67;H64;H3;H4,FGDC-2908;FGDC-3136,day,ambiguous_122003,institutional_or_compound
FGDC-3137,ae70668401c1c70565e0e2ce49b26706c6761beef8278d9179925f5b5d88ed77,held,pass,H67;H64;H3;H4,FGDC-2909;FGDC-3137,day,ambiguous_122003,institutional_or_compound
FGDC-3138,55d334aaa499684878f5b5d73fc3f7cada57d056c365cb306016482b5e5c9bf6,held,pass,H67;H64;H3;H4,FGDC-2910;FGDC-3138,day,ambiguous_122003,institutional_or_compound
FGDC-3139,a2b51c74bd83865943aed91f2b47d1f9a0435da00f0f4443b2d7f339a3cca896,held,pass,H67;H64;H3;H4,FGDC-2911;FGDC-3139,day,ambiguous_122003,institutional_or_compound
FGDC-314,ff4f321cd585a3a0c3affa669587d9cbe6d63298c529ee175db0757596278ae8,held,pass,H67;H68,,day,other,institutional_or_compound
FGDC-3140,720e4a09f46a1f9e1daf116d866726ecfff91cdd99718efac27aacc119d65d9d,held,pass,H67;H64;H3;H4,FGDC-2912;FGDC-3140,day,ambiguous_122003,institutional_or_compound
FGDC-3141,8e2add3b8a3642cadc131c3a6ccadfce4121072592f1fb0d3e4693db5c16cfc9,held,pass,H67;H64;H3;H4,FGDC-2913;FGDC-3141,day,ambiguous_122003,institutional_or_compound
FGDC-3142,aed8dc374f2869c79a746ed40d8129e940d566719b3232a30b80a82b4a69b875,held,pass,H67;H64;H3;H4,FGDC-2914;FGDC-3142,day,ambiguous_122003,institutional_or_compound
FGDC-3143,4385a97b249dfbe21ef694ae80bc40c0f7b409f0cdc4b4705f532a90f1549914,held,pass,H67;H64;H1;H4,FGDC-2915;FGDC-3143,day,range_or_status,institutional_or_compound
FGDC-3144,b2fdc54fa458ac46ef23c2058e70ae8d48ad55f546399562a2aa4aa734c7f26d,held,pass,H67;H64;H3;H4,FGDC-2916;FGDC-3144,day,ambiguous_122003,institutional_or_compound
FGDC-3145,043e1f5c838e7d20f047722a8e2ed4ec0d1a59c271013690c949f452632ba12e,held,pass,H67;H64;H3;H4,FGDC-2917;FGDC-3145,day,ambiguous_122003,institutional_or_compound
FGDC-3146,bf1a701c9edd057ed83107c06a4bfd675f7b82e77ebb274967419dca8cb8c862,held,pass,H67;H64;H3;H4,FGDC-2918;FGDC-3146,day,ambiguous_122003,institutional_or_compound
FGDC-3147,dfa2a06d87ff978ceb26315117f8dbe45b2a8fc7ee994ce4d7743b5e6ca82611,held,pass,H67;H64;H3;H4,FGDC-2919;FGDC-3147,day,ambiguous_122003,institutional_or_compound
FGDC-3148,66097bbcd0f102a76e6fd464be17ded1cbc3ae33ddfcad625f066689f42dcd21,held,pass,H67;H64;H3;H4,FGDC-2920;FGDC-3148,day,ambiguous_122003,institutional_or_compound
FGDC-3149,4c7a232a36c52b9da730f8300fc168c94f8baa500a4ee2c4588abb9165092f34,held,pass,H67;H64;H3;H4,FGDC-2921;FGDC-3149,day,ambiguous_122003,institutional_or_compound
FGDC-315,4fb95e75a3220a8b6dfc100e3cecdb2a1c21586de11605f9578b67a7f6065a05,held,pass,H67;H68,,day,other,institutional_or_compound
FGDC-3150,1c72eef972645e3f1b561df91fd7eb08374d8d9d07a5dad8b423774082c1e62d,held,pass,H67;H64;H3;H4,FGDC-2922;FGDC-3150,day,ambiguous_122003,institutional_or_compound
FGDC-3151,d5b2805699de6c4985fc7b8fb9fb0714b8b1454395c8241a6d50993a166b0cb6,held,pass,H67;H64;H3;H4,FGDC-2923;FGDC-3151,day,ambiguous_122003,institutional_or_compound
FGDC-3152,20a3bac8b456721eae85a0ca5909f011b0bc1f5e651eda7de5882c7e2e006045,held,pass,H67;H64;H3;H4,FGDC-2924;FGDC-3152,day,ambiguous_122003,institutional_or_compound
FGDC-3153,d9d6edc6d7799c73ead9c7e3ae8693b4f696f863e08834ece535c454186bf29c,held,pass,H67;H64;H3;H4,FGDC-2925;FGDC-3153,day,ambiguous_122003,institutional_or_compound
FGDC-3154,d67382ea4475d9d44e1214a171cb98a1a06edd6ce32559694133904e59ae6fb0,held,pass,H67;H64;H1;H4,FGDC-2926;FGDC-3154,day,range_or_status,institutional_or_compound
FGDC-3155,e4c38bae9a99b7a9773e57dda165320f2ea55a28d9e8324729837b8ca5be9d18,held,pass,H67;H64;H3;H4,FGDC-2927;FGDC-3155,day,ambiguous_122003,institutional_or_compound
FGDC-3156,bb3f7deef777eac0b5890d37f31f0fe6943db5fe44053b38138ffa655f541432,held,pass,H67;H64;H3;H4,FGDC-2928;FGDC-3156,day,ambiguous_122003,institutional_or_compound
FGDC-3157,d3982b991a93644657507e51c7d931f20dc810c676b7039613f44d8a5fd50a48,held,pass,H67;H64;H3;H4,FGDC-2929;FGDC-3157,day,ambiguous_122003,institutional_or_compound
FGDC-3158,f7c6fad0f2ede5d1addc088f999dbff5b89a86ffa60598a18d373cc3c2c227ce,held,pass,H67;H64;H3;H4,FGDC-2930;FGDC-3158,day,ambiguous_122003,institutional_or_compound
FGDC-3159,8d610ed681161472e5f572cae9d52695d751b8e3f70ec41761e5ba493f4319f4,held,pass,H67;H64;H3;H4,FGDC-2931;FGDC-3159,day,ambiguous_122003,institutional_or_compound
FGDC-316,9fe80fabd25d6a65ca670e0e558fd49bc4114fadb3508867d84a639be6f17a58,held,pass,H67;H64;H1,,day,range_or_status,institutional_or_compound
FGDC-3160,86c7a76960666079facd67c81e5a5e5264f82e2efe5f03245c4b1cbf37057ca5,held,pass,H67;H64;H3;H4,FGDC-2932;FGDC-3160,day,ambiguous_122003,institutional_or_compound
FGDC-3161,96d81f09a53849c8014ffb95c6b986be60db34c33fdf95f209a3f722d11315ee,held,pass,H67;H64;H3;H4,FGDC-2933;FGDC-3161,day,ambiguous_122003,institutional_or_compound
FGDC-3162,e6cbd9194870c32c0e31b4890a29d6213753aa52b4981d7e929bb56b81c704e1,held,pass,H67;H64;H3;H4,FGDC-2934;FGDC-3162,day,ambiguous_122003,institutional_or_compound
FGDC-3163,f5deef3c3d9a8acf0e169e35ea06d3d043c39b55230d9eb96cb0a9e887eb7cc3,held,pass,H67;H64;H3;H4,FGDC-2935;FGDC-3163,day,ambiguous_122003,institutional_or_compound
FGDC-3164,e538752a0a35fe5aee2c97efa8491227a5156e4b68f9a6650b42708e6a396d61,held,pass,H67;H64;H3;H4,FGDC-2936;FGDC-3164,day,ambiguous_122003,institutional_or_compound
FGDC-3165,41d91946ae8c93520bb49b6cfc1b60aad634489ac2e45de9ff4fa4c891684bec,held,pass,H67;H64;H1;H4,FGDC-2937;FGDC-3165,day,range_or_status,institutional_or_compound
FGDC-3166,5b4ae022cfc35250fe5add4f2605cc32fda6e595eea09c0c0b1c7e4dcdaa75cd,held,pass,H67;H64;H3;H4,FGDC-2938;FGDC-3166,day,ambiguous_122003,institutional_or_compound
FGDC-3167,32788808916a30df8052c73f3cd5927b1835b5bc5ced32da44b1ba1c1c83ea62,held,pass,H67;H64;H3;H4,FGDC-2939;FGDC-3167,day,ambiguous_122003,institutional_or_compound
FGDC-3168,f724e80d30beb34a10a375b071d28ff0025495143bbebc6dccb6ef49c4ee0cc5,held,pass,H67;H64;H3;H4,FGDC-2940;FGDC-3168,day,ambiguous_122003,institutional_or_compound
FGDC-3169,609f4c8cfc54e5e15757cc77b920da55b47461159521b98ac36e74b1ffe963a4,held,pass,H67;H64;H3;H4,FGDC-2941;FGDC-3169,day,ambiguous_122003,institutional_or_compound
FGDC-317,47cdd35a03ce6ca6956172def5307d8189cda8f76b12dcd0ad4e7878762da3a8,held,pass,H67;H68,,day,other,institutional_or_compound
FGDC-3170,2eaa9caf6eb481eade261a8e3e54f1aaf41d4a32df0a1d076ee9b40246a24c0d,held,pass,H67;H64;H3;H4,FGDC-2942;FGDC-3170,day,ambiguous_122003,institutional_or_compound
FGDC-3171,50c95f15911411ee3f6a38e926eeb6b035340cf09539fb91b4b873a52e6991ef,held,pass,H67;H64;H3;H4,FGDC-2943;FGDC-3171,day,ambiguous_122003,institutional_or_compound
FGDC-3172,3b10c8879de129c36804c7ae4ee72cda774e30b5347f127a2905c7f266685935,held,pass,H67;H64;H3;H4,FGDC-2944;FGDC-3172,day,ambiguous_122003,institutional_or_compound
FGDC-3173,42ba13b6ebf5f26f60ba75bd408b9e4d16181f38cf801d10ffb7dbdcaa7a4e36,held,pass,H67;H64;H3;H4,FGDC-2945;FGDC-3173,day,ambiguous_122003,institutional_or_compound
FGDC-3174,da5db54591e32c5b34a1d35332c4c6426ae7565d20e8bb47a24308d9af3ea4ba,held,pass,H67;H64;H3;H4,FGDC-2946;FGDC-3174,day,ambiguous_122003,institutional_or_compound
FGDC-3175,08e2c243c30f5bed157281216e01c3d7b6c21647d5e78ddeee1240774380e43a,held,pass,H67;H64;H3;H4,FGDC-2947;FGDC-3175,day,ambiguous_122003,institutional_or_compound
FGDC-3176,ca9a74702d046a13e70abac603f87b17618ecd2a70c51f1363c80629f574f615,held,pass,H67;H64;H1;H4,FGDC-2948;FGDC-3176,day,range_or_status,institutional_or_compound
FGDC-3177,26fdd51ab6cf1a96245eb1609d7732dd34fe8a74ffe9b0ff3b780c8d750ca8a8,held,pass,H67;H64;H1;H4,FGDC-2949;FGDC-3177,day,range_or_status,institutional_or_compound
FGDC-3178,1c86d7c7c59a1f79c85e944e87aa5cc2aa0ffc408f5c5b8468e222289cf424b8,held,pass,H67;H64;H3;H4,FGDC-2950;FGDC-3178,day,ambiguous_122003,institutional_or_compound
FGDC-3179,2c0b55c3b0889bac1b577b28a73e2ee2777c48cd54564180a636a6e13343febe,held,pass,H67;H64;H3;H4,FGDC-2951;FGDC-3179,day,ambiguous_122003,institutional_or_compound
FGDC-318,ab4a5e244eb814cabcf432219253194d31b3706243fde286c1e0419052b907e1,held,pass,H67;H68,,day,other,institutional_or_compound
FGDC-3180,beeb92e66501fc8dd67eb415dfe2bde1c83632890a041ee15cf856ef8eda0aa4,held,pass,H67;H64;H3;H4,FGDC-2952;FGDC-3180,day,ambiguous_122003,institutional_or_compound
FGDC-3181,0025e59c5556d26b1c14ceac8c4c840057a271724b524c087db2dd0fb4315025,held,pass,H67;H64;H3;H4,FGDC-2953;FGDC-3181,day,ambiguous_122003,institutional_or_compound
FGDC-3182,ffee49ac0dc497ed873943ec907f06d870aa42d577a1c7a325e9cc8d9595c0ea,held,pass,H67;H64;H3;H4,FGDC-2954;FGDC-3182,day,ambiguous_122003,institutional_or_compound
FGDC-3183,262bc60b36121bfc4c218ec771a995ea59d0bccefd87bd2a4ad04a8558919411,held,pass,H67;H64;H3;H4,FGDC-2955;FGDC-3183,day,ambiguous_122003,institutional_or_compound
FGDC-3184,504466cc8ef0a1cf11d858fced405b81d175d503d23b4e2a0e0d0615aa77b956,held,pass,H67;H64;H3;H4,FGDC-2956;FGDC-3184,day,ambiguous_122003,institutional_or_compound
FGDC-3185,40b14a334379e5e416b69e6717ba8981c4488bf7d78388ce38cfacf0e614dd99,held,pass,H67;H64;H3;H4,FGDC-2957;FGDC-3185,day,ambiguous_122003,institutional_or_compound
FGDC-3186,c106b2016fb714fe16f215daf621102da77b1e5a2fb758e768c60ec65ecb8340,held,pass,H67;H64;H3;H4,FGDC-2958;FGDC-3186,day,ambiguous_122003,institutional_or_compound
FGDC-3187,99d7f76bb554a2b37c96f3cfa002ba41cdc36a6315fc4ae732ccee1f3c34d469,held,pass,H67;H64;H3;H4,FGDC-2959;FGDC-3187,day,ambiguous_122003,institutional_or_compound
FGDC-3188,b894b4d7dacde8dff0994f6c761d2bc25d1ec580927f74fa84cd5f5676defc44,held,held,H67;H64;H6;H36;H4,FGDC-2960;FGDC-3188,day,range_or_status,institutional_or_compound
FGDC-3189,9c378fc791115cc0d99fbbbdaf9e8f72ec3f312263c0dfb50b7d622bc7d61146,held,pass,H67;H64;H3;H4,FGDC-2961;FGDC-3189,day,ambiguous_122003,institutional_or_compound
FGDC-319,b6b87f3ee924d375e69623bdfb419b4bc9a8ee3d09f33de877627cf898dab365,held,pass,H67;H68,,day,other,institutional_or_compound
FGDC-3190,19a4fa5285402b696d11bdff009dca34f604bd190806390ef077a374dbeb9cae,held,pass,H67;H64;H3;H4,FGDC-2962;FGDC-3190,day,ambiguous_122003,institutional_or_compound
FGDC-3191,0d4162b709669eb7d6cce6b3eaa26776839c32f2b2bea67d7a1ada8363244f6b,held,pass,H67;H64;H3;H4,FGDC-2963;FGDC-3191,day,ambiguous_122003,institutional_or_compound
FGDC-3192,c4aa3a85ab4e958077f06612dabf23ea732696bcf657ff57ea2dd6150db4bae9,held,pass,H67;H64;H3;H4,FGDC-2964;FGDC-3192,day,ambiguous_122003,institutional_or_compound
FGDC-3193,a5cc5c7b825adb5fadcd4cc9f1ddbef1a58ef5099c3cd392b020feeeeac4e383,held,pass,H67;H64;H3;H4,FGDC-2965;FGDC-3193,day,ambiguous_122003,institutional_or_compound
FGDC-3194,81ec0fbb7ecb7dd50f4a119a67e9428934b7de66cb8ee3cbedff85640a8ded7e,held,pass,H67;H64;H3;H4,FGDC-2966;FGDC-3194,day,ambiguous_122003,institutional_or_compound
FGDC-3195,ee91a456cdf06d0611c9653831fd9f2c6594582bbfea25191f1ec4402147f35e,held,pass,H67;H64;H3;H4,FGDC-2967;FGDC-3195,day,ambiguous_122003,institutional_or_compound
FGDC-3196,d8aaae0145540ed28aa4010f102ac922f301799b39b43ad1a61bb5db130d54d1,held,pass,H67;H64;H3;H4,FGDC-2968;FGDC-3196,day,ambiguous_122003,institutional_or_compound
FGDC-3197,d99fb6f875fbc2b30b8e21f4a94226c84fc02f230ed12762a81b9ff206369f7f,held,pass,H67;H64;H3;H4,FGDC-2969;FGDC-3197,day,ambiguous_122003,institutional_or_compound
FGDC-3198,2cb2d7df117b03100e82b5f216dcf9e174b90c644c4f221b4cc638afde922f45,held,pass,H67;H64;H3;H4,FGDC-2970;FGDC-3198,day,ambiguous_122003,institutional_or_compound
FGDC-3199,f3cb8a667d674df59c9552569750453e3e9584d80499e3b5fea1bbc7fc9fff78,held,pass,H67;H64;H1;H4,FGDC-2971;FGDC-3199,day,range_or_status,institutional_or_compound
FGDC-32,0620b17a3d7d5e6d15b0ee49c6c07675aa00967f65acf06513e4f63fb0ede122,held,pass,H67;H64;H1,,day,other,institutional_or_compound
FGDC-320,28575c895cf520e9757ea79e8058d227564ab71b329741d58b7822d8c42beb0a,held,pass,H67;H68,,day,other,institutional_or_compound
FGDC-3200,d132c7141939dc7fc1d8cb76d9973ef8afb44acd91b50d1d7eab23b9d9c40f09,held,pass,H67;H64;H3;H4,FGDC-2972;FGDC-3200,day,ambiguous_122003,institutional_or_compound
FGDC-3201,fdb25d83f05b104d0c73db6365aef56570be101959cf8333217bb12d72f83c46,held,pass,H67;H64;H3;H4,FGDC-2973;FGDC-3201,day,ambiguous_122003,institutional_or_compound
FGDC-3202,a3a798d1e6c221adfe32580577dd1cbd650ea3340e0a9ef2f90699800903bda3,held,pass,H67;H64;H3;H4,FGDC-2974;FGDC-3202,day,ambiguous_122003,institutional_or_compound
FGDC-3203,dde0010f8f4c15891cca79b3658337ca6106bb4fa85b5e59d7516392e53cddae,held,pass,H67;H64;H3;H4,FGDC-2975;FGDC-3203,day,ambiguous_122003,institutional_or_compound
FGDC-3204,799b119aeca6bab2cf1eabff8bc0c9df1cf4640e15f127c1ef8f86d70677e973,held,pass,H67;H64;H3;H4,FGDC-2976;FGDC-3204,day,ambiguous_122003,institutional_or_compound
FGDC-3205,5f8ec5a2cd0ae3f009e785ad3b453fed0e930de79c1b29b096e0533d2e5e0fe6,held,pass,H67;H64;H3;H4,FGDC-2977;FGDC-3205,day,ambiguous_122003,institutional_or_compound
FGDC-3206,584a0f91ec877a42a8a2e9d9669f5ea3f17b342ff535691c77f71528f6aa3774,held,pass,H67;H64;H3;H4,FGDC-2978;FGDC-3206,day,ambiguous_122003,institutional_or_compound
FGDC-3207,ae45cd6d49bcf671c3cc05ac122d109911c485d1987d426fd4af81bae182190f,held,pass,H67;H64;H3;H4,FGDC-2979;FGDC-3207,day,ambiguous_122003,institutional_or_compound
FGDC-3208,5e25eb276bb38fb4d0ebe2428deea28da3d47365dedaba7fe07332a39d45adac,held,pass,H67;H64;H3;H4,FGDC-2980;FGDC-3208,day,ambiguous_122003,institutional_or_compound
FGDC-3209,eb9d64e32b53037e98dcd6546ab708a971c75ab058a4ee7c637098d523e8a827,held,pass,H67;H64;H3;H4,FGDC-2981;FGDC-3209,day,ambiguous_122003,institutional_or_compound
FGDC-321,725003a5014dcd2481f79c7f1b5fefabbb9384ed9669d8f0e1aed9b9ca346bcd,held,pass,H67;H68,,day,other,institutional_or_compound
FGDC-3210,327e3be013aa03c2795f19a8e79cafc59dfce5628efe0c0eff970ea68461afdd,held,pass,H67;H64;H1;H4,FGDC-2982;FGDC-3210,day,range_or_status,institutional_or_compound
FGDC-3211,fb44d7c159b58c70a8fe6d6c7f45966038e9354755f2f244400b8ec00d18dab2,held,pass,H67;H64;H3;H4,FGDC-2983;FGDC-3211,day,ambiguous_122003,institutional_or_compound
FGDC-3212,48685e8f431bd1045e5d294441609ee8ca8230fbf3f597155a225c905eef500c,held,pass,H67;H64;H3;H4,FGDC-2984;FGDC-3212,day,ambiguous_122003,institutional_or_compound
FGDC-3213,ff08f7a3e1e9895bd60895219c43aafee1c182a7defc98f6782f3986ef74bd5a,held,pass,H67;H64;H3;H4,FGDC-2985;FGDC-3213,day,ambiguous_122003,institutional_or_compound
FGDC-3214,ca764287c29de733cba23e0e01235e2c953ac540d342c83779dbaaf518f96f3f,held,pass,H67;H64;H3;H4,FGDC-2986;FGDC-3214,day,ambiguous_122003,institutional_or_compound
FGDC-3215,fc5b3234a1500382dd7667880f51e669a5dfdc3ba94f1257d78a5891d1667503,held,pass,H67;H64;H3;H4,FGDC-2987;FGDC-3215,day,ambiguous_122003,institutional_or_compound
FGDC-3216,8bc96a3db59d988ef8b471639dc09419e921ea0088c8d6c27b674869fea6034c,held,pass,H67;H64;H3;H4,FGDC-2988;FGDC-3216,day,ambiguous_122003,institutional_or_compound
FGDC-3217,32546731a8600267f61b8fc68c5cb8c061139c1b0e8ee4811c07e80f48f1250d,held,pass,H67;H64;H3;H4,FGDC-2989;FGDC-3217,day,ambiguous_122003,institutional_or_compound
FGDC-3218,dfbff13d9d4fddc4e0ee420dcf754faefcf033378d35a67d31dc4fe526edb4d9,held,pass,H67;H64;H3;H4,FGDC-2990;FGDC-3218,day,ambiguous_122003,institutional_or_compound
FGDC-3219,74b35a5c0aef15067faee807542f3f26c280ed1571d96175f356af0609e92cb2,held,pass,H67;H64;H3;H4,FGDC-2991;FGDC-3219,day,ambiguous_122003,institutional_or_compound
FGDC-322,057c54b8c4f75a610e81855422fb11e6163b105beb0712c4c0ece551f2c76d70,held,pass,H67;H68,,day,range_or_status,institutional_or_compound
FGDC-3220,3984ca9b51745f86bc0d903d08c8f0d42a5f21bbd376d94a64eba0604da8e73f,held,pass,H67;H64;H3;H4,FGDC-2992;FGDC-3220,day,ambiguous_122003,institutional_or_compound
FGDC-3221,a65bcdaf08b02f83bb2813a14edb2733a207fcc007a4c41cfd34aef348df024a,held,pass,H67;H64;H1;H4,FGDC-2993;FGDC-3221,day,range_or_status,institutional_or_compound
FGDC-3222,0b10316dcf9a46cdab7949592918df2cd232ff48cf7636cfb1c5b307260cf701,held,pass,H67;H64;H3;H4,FGDC-2994;FGDC-3222,day,ambiguous_122003,institutional_or_compound
FGDC-3223,ccfdd3e564721c637722bc39528815cb648444b1a6e3de3b0078fab9ff18acfe,held,pass,H67;H64;H3;H4,FGDC-2995;FGDC-3223,day,ambiguous_122003,institutional_or_compound
FGDC-3224,616a3428414fbf206f245a00b7c5f2c3cae0dc799e3f948b81ac314d19c61463,held,pass,H67;H64;H3;H4,FGDC-2996;FGDC-3224,day,ambiguous_122003,institutional_or_compound
FGDC-3225,74eb25e08f826c809a8c93e59834501d27a94a1f3d090e004d84abb2271ea190,held,pass,H67;H64;H3;H4,FGDC-2997;FGDC-3225,day,ambiguous_122003,institutional_or_compound
FGDC-3226,f2d3d71812f8ad8018de017fd9a0cfa2033a58e75d607a77570b171359b8e4e3,held,pass,H67;H64;H3;H4,FGDC-2998;FGDC-3226,day,ambiguous_122003,institutional_or_compound
FGDC-3227,2e2337ccc08ee551e21c339d2797bb23d96f914b9ab265a4d3007314e944be4b,held,pass,H67;H64;H3;H4,FGDC-2999;FGDC-3227,day,ambiguous_122003,institutional_or_compound
FGDC-3228,d28f8f9a023fb7df4961746479c2cff350e3801e78abbec958979b57ff763ad2,held,pass,H67;H64;H3;H4,FGDC-3000;FGDC-3228,day,ambiguous_122003,institutional_or_compound
FGDC-3229,2518cd78ff22d6ac95fb8eec52994771282bc079675fd8aeb97d0e023160aba1,held,pass,H67;H64;H3;H4,FGDC-3001;FGDC-3229,day,ambiguous_122003,institutional_or_compound
FGDC-323,f4154a1133cd6e4c8a009643d4e41408f04140f37b1857c11bcc118f45fc3dc0,held,pass,H67;H68,,day,other,institutional_or_compound
FGDC-3230,1a3753ffd98af2e05eeba340d59183d5398d1d08c599fa62a79968e88cd3b040,held,pass,H67;H64;H3;H4,FGDC-3002;FGDC-3230,day,ambiguous_122003,institutional_or_compound
FGDC-3231,9635b61f9423b5e73f41b4b339e717d80f9fbe6baf0dbf54ac15890da436eed1,held,pass,H67;H64;H3;H4,FGDC-3003;FGDC-3231,day,ambiguous_122003,institutional_or_compound
FGDC-3232,f02fcbd12d5147acc0951e4d8ed5e475891937443240c06b8c7062d61fcf9368,held,pass,H67;H64;H1;H4,FGDC-3004;FGDC-3232,day,range_or_status,institutional_or_compound
FGDC-3233,5dc02dbf061253113df5888958036bd3d3cd9625e783cb075f6a4f31e8e85da5,held,pass,H67;H64;H3;H4,FGDC-3005;FGDC-3233,day,ambiguous_122003,institutional_or_compound
FGDC-3234,6adb068c6326be1e67f5909c408839979d4eae01cff185ec292ed7c3e3caa9f2,held,pass,H67;H64;H3;H4,FGDC-3006;FGDC-3234,day,ambiguous_122003,institutional_or_compound
FGDC-3235,5a914f0ecea30e39ea6d85318edf7d5c4876ad1303dad659a17347c4ca55ed2b,held,pass,H67;H64;H3;H4,FGDC-3007;FGDC-3235,day,ambiguous_122003,institutional_or_compound
FGDC-3236,ee6896f0b1a245459af68bda8a118704d59f4ea327e967cfa653af06a37e53e5,held,pass,H67;H64;H3;H4,FGDC-3008;FGDC-3236,day,ambiguous_122003,institutional_or_compound
FGDC-3237,c0ef0b53aec8dc71556c2d1ebf8e8267b30f771b749d8b9965e74ef494d72532,held,pass,H67;H64;H3;H4,FGDC-3009;FGDC-3237,day,ambiguous_122003,institutional_or_compound
FGDC-3238,c50297281dd9b0324b9bb7bf48239276627b3f5b780f3cf678536aa257e92063,held,pass,H67;H64;H3;H4,FGDC-3010;FGDC-3238,day,ambiguous_122003,institutional_or_compound
FGDC-3239,2b4b348c6eae038a39312d362342af68305358cc1e776bc42b4ad959a72f6bdb,held,pass,H67;H64;H3;H4,FGDC-3011;FGDC-3239,day,ambiguous_122003,institutional_or_compound
FGDC-324,7747eb0193995cd5a9af2a6f549198fa27fc46d3915842a70fe4502ef710e732,held,pass,H67;H68,,day,other,institutional_or_compound
FGDC-3240,889dcc65cfcf4e8a7be98cf8436d01378b7f5aa63b45b5d57e616ef61b4e0181,held,pass,H67;H64;H3;H4,FGDC-3012;FGDC-3240,day,ambiguous_122003,institutional_or_compound
FGDC-3241,e457a1a1a3587179bfe1f36b5845ec3d71ece6c34904f23779e5f27a34dbfdb9,held,pass,H67;H64;H3;H4,FGDC-3013;FGDC-3241,day,ambiguous_122003,institutional_or_compound
FGDC-3242,0a9db9b97fbd4615157cc1260b869d81571349f36213ff349fb9426a8e134546,held,pass,H67;H64;H3;H4,FGDC-3014;FGDC-3242,day,ambiguous_122003,institutional_or_compound
FGDC-3243,29238d857a6e7542b14e1efc34964d57be39852a90de70712fd9028c9c8a1eab,held,pass,H67;H64;H1;H4,FGDC-3015;FGDC-3243,day,range_or_status,institutional_or_compound
FGDC-3244,60458026de686481840ecc95ab5af8d38e2f7e022bc645ebfe932c3d6ba187aa,held,pass,H67;H64;H3;H4,FGDC-3016;FGDC-3244,day,ambiguous_122003,institutional_or_compound
FGDC-3245,1edf59604b0ce2b7a93ef9a0f22411d83c751f1584e7fde9e7ff9535753a2f6c,held,pass,H67;H64;H3;H4,FGDC-3017;FGDC-3245,day,ambiguous_122003,institutional_or_compound
FGDC-3246,70749856f3a2562db90e2f2d73dcc8021387eb0be47d0a3ca09d02b5f5285a8c,held,pass,H67;H64;H3;H4,FGDC-3018;FGDC-3246,day,ambiguous_122003,institutional_or_compound
FGDC-3247,646d72f3d0dbab5e13e36626670916230a09be92c9de8ff40a38e08b9e32c514,held,pass,H67;H64;H3;H4,FGDC-3019;FGDC-3247,day,ambiguous_122003,institutional_or_compound
FGDC-3248,2b78bed889b5eafcafc81911979e9f5174b57b3ada7392d242ab4f01dfd6db95,held,pass,H67;H64;H3;H4,FGDC-3020;FGDC-3248,day,ambiguous_122003,institutional_or_compound
FGDC-3249,a73e59b5bd0ec65631ed6b3e1df912117f0d03b95339be08d11f2af6c6a8ddfe,held,pass,H67;H64;H3;H4,FGDC-3021;FGDC-3249,day,ambiguous_122003,institutional_or_compound
FGDC-325,fa38d9c560ad1ae01cc7f6b730afe867e90ecd86e2d11a8f531f5e2c2d8a066c,held,pass,H67;H68,,day,other,institutional_or_compound
FGDC-3250,d5aa3592053e8b55c36ee4c2d0e25bcb9ff6bbc30074eb2c5c18f26771f8d548,held,pass,H67;H64;H3;H4,FGDC-3022;FGDC-3250,day,ambiguous_122003,institutional_or_compound
FGDC-3251,11e1dd7caf29eb0e05bc31d53db766c2ba2dff7d2a2ac1e96db3cda6b37dd0d3,held,pass,H67;H64;H3;H4,FGDC-3023;FGDC-3251,day,ambiguous_122003,institutional_or_compound
FGDC-3252,2c07951e6be5036d5c010846339da8b7adda2d1ffdcb81a34370bdf091ddfd3e,held,pass,H67;H64;H3;H4,FGDC-3024;FGDC-3252,day,ambiguous_122003,institutional_or_compound
FGDC-3253,00685901ab0f4706298e64239b1280fa70e0eb3ece713f977f87e294509429a0,held,pass,H67;H64;H3;H4,FGDC-3025;FGDC-3253,day,ambiguous_122003,institutional_or_compound
FGDC-3254,650a2e277e5800d95a1ff7017ef08e029a438d9d79396eed0e63af5d213d412c,held,pass,H67;H64;H1;H4,FGDC-3026;FGDC-3254,day,range_or_status,institutional_or_compound
FGDC-3255,06230e76144e6129de3b4daa58aa06614005b7c088089619eab5089ad02b20a9,held,pass,H67;H64;H3;H4,FGDC-3027;FGDC-3255,day,ambiguous_122003,institutional_or_compound
FGDC-3256,87ab7801a6082edd52d0e1d35500fd96ec19cb8f7008fa73e544fbafabd489b0,held,pass,H67;H64;H3;H4,FGDC-3028;FGDC-3256,day,ambiguous_122003,institutional_or_compound
FGDC-3257,c53c428f13f59263172f5ae9f2afe33394744f09551f1c6a388b6f489c5fafd3,held,pass,H67;H64;H3;H4,FGDC-3029;FGDC-3257,day,ambiguous_122003,institutional_or_compound
FGDC-3258,47b7b632c9ac91138225abf7218374a5199823e017ff3a28e985f3e515e77320,held,pass,H67;H64;H3;H4,FGDC-3030;FGDC-3258,day,ambiguous_122003,institutional_or_compound
FGDC-3259,86a3f70134c5765934806a7980310ff20ab983df7ba86b6ef0d54ed12f8bb976,held,pass,H67;H64;H3;H4,FGDC-3031;FGDC-3259,day,ambiguous_122003,institutional_or_compound
FGDC-326,8eff4aefe2eaac0ef0c02a9f5b0dcaf03dbfe822da66ac9385d6f2351c1bc31e,held,pass,H67;H68,,day,other,institutional_or_compound
FGDC-3260,0d60030cf5cb6089f0cae8dd276fb7f7b1819478dd400fb2014bba32d7c7b2b9,held,pass,H67;H64;H3;H4,FGDC-3032;FGDC-3260,day,ambiguous_122003,institutional_or_compound
FGDC-3261,6c6dd852c3be4fe1cb6b672d4694c7885f4e9e5d798e4351011882fecaecfaa6,held,pass,H67;H64;H3;H4,FGDC-3033;FGDC-3261,day,ambiguous_122003,institutional_or_compound
FGDC-3262,a8bc3edb070724e4a2d4aab23ed90d98c51ea5b97c80cbee63cbbee7c5e3cedd,held,pass,H67;H64;H3;H4,FGDC-3034;FGDC-3262,day,ambiguous_122003,institutional_or_compound
FGDC-3263,9e6066fdc509e884b837a6f5b5d8c244a5f289194980392f73fdd0f1207465e4,held,pass,H67;H64;H3;H4,FGDC-3035;FGDC-3263,day,ambiguous_122003,institutional_or_compound
FGDC-3264,b53dc5aa076b2ee54382f4fecb05137ea8b2424da1b43b798a5944453823e295,held,pass,H67;H64;H3;H4,FGDC-3036;FGDC-3264,day,ambiguous_122003,institutional_or_compound
FGDC-3265,921e4abfddf9d47993f0c606b970035b88ffe2562bad03b6691ce46cbc7eb89b,held,pass,H67;H64;H1;H4,FGDC-3037;FGDC-3265,day,range_or_status,institutional_or_compound
FGDC-3266,dfb2015562ef6060b5a0a56791069d28a658dccf9efbc57dbf80b2e479e9546e,held,pass,H67;H64;H3;H4,FGDC-3038;FGDC-3266,day,ambiguous_122003,institutional_or_compound
FGDC-3267,876d176de491b359d863972e40fc7c5dbe32dfe3a9c0560ab3b59eeb45740d7d,held,pass,H67;H64;H3;H4,FGDC-3039;FGDC-3267,day,ambiguous_122003,institutional_or_compound
FGDC-3268,1207dd6ecf3e4b68aa6138a898ccf72af12d4fd9a909a0a8bb6afbae59420524,held,pass,H67;H64;H3;H4,FGDC-3040;FGDC-3268,day,ambiguous_122003,institutional_or_compound
FGDC-3269,91de35a07e07d70288383ede8c668fbfe80500ba230077d27f27defaa834c609,held,pass,H67;H64;H3;H4,FGDC-3041;FGDC-3269,day,ambiguous_122003,institutional_or_compound
FGDC-327,f9e9d858bd942d3172eab64f87f68932690870b7486efe02ecd7b7a65768e970,held,pass,H67;H64;H1,,day,range_or_status,institutional_or_compound
FGDC-3270,784bedb6bb1cb20de6f852270e81ed635684a46bb151af5ed8e730bc6b29d9ab,held,pass,H67;H64;H3;H4,FGDC-3042;FGDC-3270,day,ambiguous_122003,institutional_or_compound
FGDC-3271,a76edf6abe7861fbce5c470cc9a35f4f75b7a5a8e866c6bb1d57fb1e6292f872,held,pass,H67;H64;H3;H4,FGDC-3043;FGDC-3271,day,ambiguous_122003,institutional_or_compound
FGDC-3272,ca1d5e2614f0316d28d1729493b2a52ed6b6bb5149508ecbfa631802006ccb1d,held,pass,H67;H64;H3;H4,FGDC-3044;FGDC-3272,day,ambiguous_122003,institutional_or_compound
FGDC-3273,8f6721c540a8801682821b1c0497ac87889afdbce2950a3e8e7824a7e78af4ea,held,pass,H67;H64;H3;H4,FGDC-3045;FGDC-3273,day,ambiguous_122003,institutional_or_compound
FGDC-3274,e16de5ff17117454df08682b4578d6828b657e6f60d1347ba7d9f3368b00dea3,held,pass,H67;H64;H3;H4,FGDC-3046;FGDC-3274,day,ambiguous_122003,institutional_or_compound
FGDC-3275,dc15ca6a2ef4f8979d08424f3e060ae26ab54f1de11c3fbd6a1168ccfd09754e,held,pass,H67;H64;H3;H4,FGDC-3047;FGDC-3275,day,ambiguous_122003,institutional_or_compound
FGDC-3276,fcf77e5bcd5b5e65b25dcfaa7e0db91f2aac3cd875649f3428eb3a93b6644833,held,pass,H67;H64;H1;H4,FGDC-3048;FGDC-3276,day,range_or_status,institutional_or_compound
FGDC-3277,8498f8ea45c4bee77c0a75e827faed5e4f1d11b761479d4b5868783b1f1804b9,held,pass,H67;H64;H3;H4,FGDC-3049;FGDC-3277,day,ambiguous_122003,institutional_or_compound
FGDC-3278,4238aa318f7f89dfea6fa739b02dfcb0ed6072f98aa49cb7457196632f002fbb,held,pass,H67;H64;H3;H4,FGDC-3050;FGDC-3278,day,ambiguous_122003,institutional_or_compound
FGDC-3279,79b48ee9dd1de8b837f2c6334bf8d46a1cfca54e3b655883c18b8f76a79ec402,held,pass,H67;H64;H3;H4,FGDC-3051;FGDC-3279,day,ambiguous_122003,institutional_or_compound
FGDC-328,ee6723993fc60bc9a9aea7236575e5fec80b7776304020dd5fe3677180f8771b,held,pass,H67;H64;H1,,day,range_or_status,institutional_or_compound
FGDC-3280,781c6dff4f379bf308997945728bc0c1174300ae51cdef7cfb68652fd634982e,held,pass,H67;H64;H3;H4,FGDC-3052;FGDC-3280,day,ambiguous_122003,institutional_or_compound
FGDC-3281,4ddf6f35e1f49fe67e9357784e591e3613a1b06a219381b5ab095047bede8db9,held,pass,H67;H64;H3;H4,FGDC-3053;FGDC-3281,day,ambiguous_122003,institutional_or_compound
FGDC-3282,5efbdd6ef846dcad940e144e4d78befbd8a67719ac68f81217ba829d192f474e,held,pass,H67;H64;H3;H4,FGDC-3054;FGDC-3282,day,ambiguous_122003,institutional_or_compound
FGDC-3283,3241d25b73a618a822925b4bf4345a38c1b8a61c83b02a0ddc7852ee1afa9b75,held,pass,H67;H64;H3;H4,FGDC-3055;FGDC-3283,day,ambiguous_122003,institutional_or_compound
FGDC-3284,83d284b92685c6e91f31712ed1a889d24047c3b88d99c527f399264da983bd6d,held,pass,H67;H64;H3;H4,FGDC-3056;FGDC-3284,day,ambiguous_122003,institutional_or_compound
FGDC-3285,66c3546caf70f9d47a877790aafa13e6b38e632d844ce72d46c4fc4670965559,held,pass,H67;H64;H3;H4,FGDC-3057;FGDC-3285,day,ambiguous_122003,institutional_or_compound
FGDC-3286,ef8e51e047d45c906eca150ade55a7fe98eab3814f0c78a7cde7915b5fb7d9e5,held,pass,H67;H64;H3;H4,FGDC-3058;FGDC-3286,day,ambiguous_122003,institutional_or_compound
FGDC-3287,6e73f6729dcfd517429864b8e189f6ac9597b638c8a011c5a5bbc494c7b84f7f,held,pass,H67;H64;H1;H4,FGDC-3059;FGDC-3287,day,range_or_status,institutional_or_compound
FGDC-3288,51e1a0c3dbac56958c4d0452dc87558162302a6273e33d237cc74ff4ec79aaf9,held,pass,H67;H64;H1;H4,FGDC-3060;FGDC-3288,day,range_or_status,institutional_or_compound
FGDC-3289,71ed9cbef8d030f90a669f9da751cf3bfe6b6ae99b19db12df93c7df39577cc9,held,pass,H67;H64;H3;H4,FGDC-3061;FGDC-3289,day,ambiguous_122003,institutional_or_compound
FGDC-329,7eecd4d9aa3ddfe60ee1e6d7d8e9cc551f258ec9aa5834e8aa7174d28d189031,held,pass,H67;H68,,day,other,institutional_or_compound
FGDC-3290,679e5bbb8cb42a20a8cd11d97ba5e2fc22c6994d1c7637fdf70d89386f0fd5b0,held,pass,H67;H64;H3;H4,FGDC-3062;FGDC-3290,day,ambiguous_122003,institutional_or_compound
FGDC-3291,c856afbad901e8222c2eece38ade7c3c3f68e27f8b6be14f3e3c9d4de87289ec,held,pass,H67;H64;H3;H4,FGDC-3063;FGDC-3291,day,ambiguous_122003,institutional_or_compound
FGDC-3292,61a2ae9b98ffbf2de41fc84cee20ca3871e7bc652b92de09f6e7b265d6e861f3,held,pass,H67;H64;H3;H4,FGDC-3064;FGDC-3292,day,ambiguous_122003,institutional_or_compound
FGDC-3293,0b74dd4740079e279ae01dcfd3b1dea6ba0b98742e19ca6abf0061a31c06bf96,held,pass,H67;H64;H3,,day,ambiguous_122003,institutional_or_compound
FGDC-3294,b0b425f5edf6bdf0574fc3d8f75a29aa8bb59c346596bb7b75f67e05d89f8928,held,pass,H67;H64;H3,,day,ambiguous_122003,institutional_or_compound
FGDC-3295,6e211b687376b8f82df5bce024c3bda654194be5bf92e7fbc2ca211e369d61fc,held,pass,H67;H64;H3,,day,ambiguous_122003,institutional_or_compound
FGDC-3296,a941049375f5f8c6ac191d6c6dfdf2d5c86d261cf5ea576d2510f951c061f39f,held,pass,H67;H64;H3,,day,ambiguous_122003,institutional_or_compound
FGDC-3297,f4ae73332cd7ff9cb70102da1021be921217194d73f9b97f29e6972ffe2203cd,held,pass,H67;H64;H3,,day,ambiguous_122003,institutional_or_compound
FGDC-3298,390e9fc562d846cb3520a18aa36f5d9dca45d7b0a70dc73d7976d33979dff0dc,held,pass,H67;H64;H3,,day,ambiguous_122003,institutional_or_compound
FGDC-3299,d04e1e9e646dea1ab394f65982ea19198fa220e78d9614083ff072b573711203,held,pass,H67;H64;H1,,day,range_or_status,institutional_or_compound
FGDC-33,1ba95d72294e198059393d3cc55eb6cc09e45f8d3e7d79f1dfd3ae8e505056dc,held,pass,H67;H64;H1,,day,other,institutional_or_compound
FGDC-330,7ff35eeeeb1c6f1a1adac4943cda78e4e4639afbff6cefa611193b3f3a085279,held,pass,H67;H68,,day,other,institutional_or_compound
FGDC-3300,0c4b4fceffd7d62709f0f0843133d7c6c76095a69328785da7506259f5f12bef,held,pass,H67;H64;H3,,day,ambiguous_122003,institutional_or_compound
FGDC-3301,003f976155cf0e53aba85149d1a5e89b877362223dae841c016e468d4738c9e4,held,pass,H67;H64;H3,,day,ambiguous_122003,institutional_or_compound
FGDC-3302,c24ca1a8a9e1754dda74a1432d54aad70b26c1f90c5035d1b7f5708f1c979d7b,held,pass,H67;H64;H3,,day,ambiguous_122003,institutional_or_compound
FGDC-3303,6b53aeed4a4de891e176d9d531d44212144f2a0f2da47986b4bbc086e5ca54e2,held,pass,H67;H64;H3,,day,ambiguous_122003,institutional_or_compound
FGDC-3304,a2c42c08591837639ce18df478bc2bf87890cab1f606c6a57bc357087d0088e4,held,pass,H67;H64;H3,,day,ambiguous_122003,institutional_or_compound
FGDC-3305,2ecbf5a653f9c092abd5c892d667d14b26e32c78503da0cd1d3e0badf603623d,held,pass,H67;H64;H3,,day,ambiguous_122003,institutional_or_compound
FGDC-3306,721662edcd2865918e1b0a70088a6eaec935a5aa696f3a0284c7ce0a4fe612b6,held,pass,H67;H64;H3,,day,ambiguous_122003,institutional_or_compound
FGDC-3307,7f1cbc869dff8afb7f8ba44eee1251fa93a6f37e56c2a1be64d6dde27e557b01,held,pass,H67;H64;H3,,day,ambiguous_122003,institutional_or_compound
FGDC-3308,374e626d762061a726c5345c9da3a3ec424b16c9a581d4a86b81b6bb8d5591e0,held,pass,H67;H64;H3,,day,ambiguous_122003,institutional_or_compound
FGDC-3309,9e609dc228896eaf9d78003ab7469fc1825f7f3fa1740d8cf6e8468be274ad1f,held,pass,H67;H64;H3,,day,ambiguous_122003,institutional_or_compound
FGDC-331,c8f8bc00b5bdb5b43f9e317badce9618d034cf8c63450580c2ca36136f7961f2,held,pass,H67;H68,,day,other,institutional_or_compound
FGDC-3310,7c36caca8fe0e7f0656a52dd79124c5162c8b7908b2fd9c0b7716c3e7480dc34,held,pass,H67;H64;H1,,day,range_or_status,institutional_or_compound
FGDC-3311,da04c49f3a102ef6c7d2242cac9bc7d95e3e66aba379817c244003cb7a71cf36,held,pass,H67;H64;H3,,day,ambiguous_122003,institutional_or_compound
FGDC-3312,d121285bde97dfafdd9eb5f3953eca5fdf9886e94f899c93538eb9868bfa7864,held,pass,H67;H64;H3,,day,ambiguous_122003,institutional_or_compound
FGDC-3313,3b3e808b93d9478a7aec8388932ec109d135b8f3b4a8100de9e7cd99a6431e24,held,pass,H67;H64;H3,,day,ambiguous_122003,institutional_or_compound
FGDC-3314,cd860e804cbc9b9529ceb9e7ba20d0121e5f1aa8f4cd8f34472d11415ce7a94f,held,pass,H67;H64;H3,,day,ambiguous_122003,institutional_or_compound
FGDC-3315,4b2fa1ef6c6d1693f3e5d79f75cb9c2de7087297a89f7ef83dac7b8df8e7272f,held,pass,H67;H64;H3,,day,ambiguous_122003,institutional_or_compound
FGDC-3316,cf912948abe38867b0befdaa12c759c4e5dc6df38d761e77e4997603e4627381,held,pass,H67;H64;H3,,day,ambiguous_122003,institutional_or_compound
FGDC-3317,c4c89e35b713ebafa2fc5a41e4629eb9cc15b4a482a668bb1a99e24e26fad29a,held,pass,H67;H64;H3,,day,ambiguous_122003,institutional_or_compound
FGDC-3318,8f91e9f7f97dfae6a54ba5258a3467c5c46b4168b916f631e34336d0de0f9405,held,pass,H67;H64;H3,,day,ambiguous_122003,institutional_or_compound
FGDC-3319,8d6314dab37a53de496f82fe620c3691cdbc4f4d167f243c73c248e1240e8d51,held,pass,H67;H64;H3,,day,ambiguous_122003,institutional_or_compound
FGDC-332,af8349007dc06537d8c5e20555d35a5e03f0f3d7cbd8d71984128edc0e0f21fc,held,pass,H67;H68,,day,other,institutional_or_compound
FGDC-3320,42e1ac4fe508d8c65ffddc49a8445c7063317b5607e4a774c35a0bfe803a0000,held,pass,H67;H64;H3,,day,ambiguous_122003,institutional_or_compound
FGDC-3321,c4350d15541e53b1a4b423e7f50e04567a9de3e8fe5fb9bc84130b1f7c42b3b3,held,pass,H67;H64;H1,,day,range_or_status,institutional_or_compound
FGDC-3322,323036048909ef4876f98c1f44daee834642480a60014844dfcf12cc8ac5dec1,held,pass,H67;H64;H3,,day,ambiguous_122003,institutional_or_compound
FGDC-3323,a4b074b245da0ae7be5b624cefb852352d854440a44eee7031dba55fe2a12973,held,pass,H67;H64;H3,,day,ambiguous_122003,institutional_or_compound
FGDC-3324,490b202171312ff5aca72e44ea879cb9b0dc2397ab7e2618d4cc5cb9f22e87dd,held,pass,H67;H64;H3,,day,ambiguous_122003,institutional_or_compound
FGDC-3325,514a4cd5f7c81beb929e8ed529b79e275174bab225fd84c58757df44913cc7a1,held,pass,H67;H64;H3,,day,ambiguous_122003,institutional_or_compound
FGDC-3326,5bb901410fa67cf72d0eba4cfc6bf8d64ee665e8b2a87aece2617970b779d335,held,pass,H67;H64;H3,,day,ambiguous_122003,institutional_or_compound
FGDC-3327,61c0ad72a6d9fbce43fa06b07fe94f1cc1bdbdb6a2021725e59fa17f3eee0ab8,held,pass,H67;H64;H3,,day,ambiguous_122003,institutional_or_compound
FGDC-3328,b3295784a547e1bbbfe5775905e1a7ec634a7fe3ff28c8dc92dd228493acbfa4,held,pass,H67;H64;H3,,day,ambiguous_122003,institutional_or_compound
FGDC-3329,c583e23475a61226b09225a2535bef931f4fc6a04c20a098e00053b267b70e19,held,pass,H67;H64;H3,,day,ambiguous_122003,institutional_or_compound
FGDC-333,61b04ceed41fcbb8c790050de5783e0fdee482b130533471a33b6d19beb473e8,held,pass,H67;H68,,day,other,institutional_or_compound
FGDC-3330,671cdb853da8cda1fafad3b4b4f9d48c06506cc44eab035e38f6d87b01b51748,held,pass,H67;H64;H3,,day,ambiguous_122003,institutional_or_compound
FGDC-3331,b4625951306b34fd679cf7c978c6e4f4b13fdb4a9d7ec54dc8551aeb94e53e9b,held,pass,H67;H64;H3,,day,ambiguous_122003,institutional_or_compound
FGDC-3332,1f83041890b053a5de5e8be2877a09adfc2570cefe26fe0f445f0ed18106e653,held,pass,H67;H64;H1,,day,range_or_status,institutional_or_compound
FGDC-3333,be96106e10da577512cb210d4f98b4850861eeaed83c0366b5df0022c6d37b4a,held,pass,H67;H64;H3,,day,ambiguous_122003,institutional_or_compound
FGDC-3334,ca2ac7f2cf567651fbba7b67b040507ab8d6911b20be6bfa316b6c9e6e2007ec,held,pass,H67;H64;H3,,day,ambiguous_122003,institutional_or_compound
FGDC-3335,82416476a13684d2a7563002aca90f17c8305c5287bd07919dcc2b3d1b739909,held,pass,H67;H64;H3,,day,ambiguous_122003,institutional_or_compound
FGDC-3336,6412f8ed18ddc9a1e45bbebb97dcc01a70e67bdc393c7ed809c6bb0d24e34246,held,pass,H67;H64;H3,,day,ambiguous_122003,institutional_or_compound
FGDC-3337,6713e4c65dec9dba4583a6496537944fc36c2e42930027124379e614e72cea4d,held,pass,H67;H64;H3,,day,ambiguous_122003,institutional_or_compound
FGDC-3338,545f23f719fdeda102bb7bc78a502527d0d35cd58f2ac7095390824ecc27c926,held,pass,H67;H64;H3,,day,ambiguous_122003,institutional_or_compound
FGDC-3339,bb46a9e2be1c66e671829ae8a864ae542db6bc218499916da2e600ecff285308,held,pass,H67;H64;H3,,day,ambiguous_122003,institutional_or_compound
FGDC-334,e6629c9a86d6b0efe429e9f594590ef311c0037e6dbe3ff8f57251cd4e53cb0e,held,pass,H67;H64;H1,,day,range_or_status,institutional_or_compound
FGDC-3340,37c147ac2ed3747f6519fd4d8a3edff873608fc59b396f988df2f9199daf7ed0,held,pass,H67;H64;H3,,day,ambiguous_122003,institutional_or_compound
FGDC-3341,b76785cbba1eb10bd3195353bed4f749cd272eecb911d955225bcee5f4631729,held,pass,H67;H64;H3,,day,ambiguous_122003,institutional_or_compound
FGDC-3342,117e2a9477846a0dd7822a4546f40d61bb9275191d24447894916c975fda3448,held,pass,H67;H64;H3,,day,ambiguous_122003,institutional_or_compound
FGDC-3343,bfb52f737fd4edd2c3e30f68e421f5418c8cf7bfb08d07e58480de9f4525603d,held,pass,H67;H64;H1,,day,range_or_status,institutional_or_compound
FGDC-3344,9ba65dfec94c3b35a3b7ce591e0fd7d4d44496f9192d3b94cdac0334632a3e52,held,pass,H67;H64;H3,,day,ambiguous_122003,institutional_or_compound
FGDC-3345,902ba4feb98646eee2e1bbcfd71a1850a931108a7a600c9ba9a9f1009f396f21,held,pass,H67;H64;H3,,day,ambiguous_122003,institutional_or_compound
FGDC-3346,5e3d1aee4634141b99573d330837a1bd691675d98c01ab9875ea6a81ba4d23cd,held,pass,H67;H64;H3,,day,ambiguous_122003,institutional_or_compound
FGDC-3347,fe447f4bc40d549df12cfbfe478bcafa0acd330fac213b24cd0591ff49ccfc25,held,pass,H67;H64;H3,,day,ambiguous_122003,institutional_or_compound
FGDC-3348,138483f07e56e395e7b96d7423543c294c7a57f9d9f646dc47d289dec6758195,held,pass,H67;H64;H3,,day,ambiguous_122003,institutional_or_compound
FGDC-3349,5ddc0356fb6acf50bd06c15591dabcacba68ff1dd13d9ef4d9c18413b0794e8e,held,pass,H67;H64;H3,,day,ambiguous_122003,institutional_or_compound
FGDC-335,873e86c97685b1d8935b1ba22c3651aa831173cce8593db750d678081c952a97,held,pass,H67;H64;H1,,day,range_or_status,institutional_or_compound
FGDC-3350,f4c13bcef55607c94c2f75f32e65a5411adc011c0bf9ab40af24c9196d8259c0,held,pass,H67;H64;H3,,day,ambiguous_122003,institutional_or_compound
FGDC-3351,585b44fe7b04ee0ea36349383a65b26e8e210266f3c7ddbdf30dc4b285b88774,held,pass,H67;H64;H3,,day,ambiguous_122003,institutional_or_compound
FGDC-3352,71dc473b88672cb396ec004ad2cc50aac3133e3b4f494bb456ea494b0f50f1ad,held,pass,H67;H64;H3,,day,ambiguous_122003,institutional_or_compound
FGDC-3353,fca18207b2514caf9bc1a68fd0ac24ac7ca4d2420645a399e7f4b7f39c846527,held,pass,H67;H64;H3,,day,ambiguous_122003,institutional_or_compound
FGDC-3354,f7c6dcb850dc99e1ced1cc2da3ad85111c937996e9a8dac85dbdc2b85e47d95c,held,pass,H67;H64;H1,,day,range_or_status,institutional_or_compound
FGDC-3355,f5a0297e3b5d274a4a518cd65a9c1d83ce22dfdcb88d054bcbd5050f4b24a0e9,held,pass,H67;H64;H3,,day,ambiguous_122003,institutional_or_compound
FGDC-3356,8c19b6630ab51c62aef729b5f77cf59142dc3299067d599ec2dad2f49ba99940,held,pass,H67;H64;H3,,day,ambiguous_122003,institutional_or_compound
FGDC-3357,e0e7cdede73d4736a9badea293606d935802450d98bcd8d0e816f92e924d2646,held,pass,H67;H64;H3,,day,ambiguous_122003,institutional_or_compound
FGDC-3358,fb5bfe26992c7c85570090483c99764efe98151e876622a8f976540947ac8154,held,pass,H67;H64;H3,,day,ambiguous_122003,institutional_or_compound
FGDC-3359,6830d1ea3c4fda57abee4ff3a9c1abb5f5a2e38c5287c2e1caa701fc58855d9c,held,pass,H67;H64;H3,,day,ambiguous_122003,institutional_or_compound
FGDC-336,608fd4f69b42d39117194a5974ef7095681fb691e914732d51eb9fcd907b7c65,held,pass,H67;H64;H3,,day,range_or_status,personal_or_unknown
FGDC-3360,0ffe538efe4fbaa04bd4b565b226e3d303176440b7abc2327b9d90b7996e0674,held,pass,H67;H64;H3,,day,ambiguous_122003,institutional_or_compound
FGDC-3361,76dc561fcf9b2a1954ca4eb6ea285545957cc32663fcff9e9a10090c6c6e985e,held,pass,H67;H64;H3,,day,ambiguous_122003,institutional_or_compound
FGDC-3362,b92d92f214cd29cfe9bea8f0257aacd050286684deb28f1dbd1578237f4aa1a4,held,pass,H67;H64;H3,,day,ambiguous_122003,institutional_or_compound
FGDC-3363,5a0223c8470b220f823535fde6be1e7a9e2cbbddd2cf163b5ad36f0f6937e31b,held,pass,H67;H64;H3,,day,ambiguous_122003,institutional_or_compound
FGDC-3364,d468be23689a23cb0f16ceb2fd2a54c4c312d856a979978dd816281558fd4014,held,pass,H67;H64;H3,,day,ambiguous_122003,institutional_or_compound
FGDC-3365,65cd26f0dd35fe725664ea81d4630c439aac85294dfbf2b091e48b72d1e44502,held,pass,H67;H64;H1,,day,range_or_status,institutional_or_compound
FGDC-3366,d43d6b118f75cb6e78b3e46310848ab869bdbd089209101edb4625135732cfd3,held,pass,H67;H64;H3,,day,ambiguous_122003,institutional_or_compound
FGDC-3367,a964bc6f88fe6bbcabe7947ca981ffc9663bc999e3b393c48558f5d3a1404ced,held,pass,H67;H64;H3,,day,ambiguous_122003,institutional_or_compound
FGDC-3368,bda8bb2d455e38ee6157ce79208a4a03b5380cf3d20a82a5e9f5390b936f0f72,held,pass,H67;H64;H3,,day,ambiguous_122003,institutional_or_compound
FGDC-3369,fac5d8c107d0d4a05c161c7fa9ed3c883d4a0d08c6ee0693bb583ee014bc1ecc,held,pass,H67;H64;H3,,day,ambiguous_122003,institutional_or_compound
FGDC-337,f149f8e5bfb68eabf3baf67f3f9025da581a83ce8cb377d8c36df9eca60fa52c,held,pass,H67;H64;H1,,day,range_or_status,institutional_or_compound
FGDC-3370,38f354a7dd9bbc68ad3304ee195bc6bcbacc97128acca3af3c8cea786f1c4b8a,held,pass,H67;H64;H3,,day,ambiguous_122003,institutional_or_compound
FGDC-3371,e16720a5b64904c4b7e18009a1bc6e88f60583447486f6c4cef2816597541029,held,pass,H67;H64;H3,,day,ambiguous_122003,institutional_or_compound
FGDC-3372,feb44b24ca41db69d830cc99d1eaabea2fe3a90d44e113e62d6f3ed4b8a42272,held,pass,H67;H64;H3,,day,ambiguous_122003,institutional_or_compound
FGDC-3373,f1e54026a1efbb56a3c5795e9642ce50445b2694fe7bc32057112b5dd5c80f1f,failed,not_constructed,,,,,
FGDC-3374,8a74ee6833ebaedb1446b9d40f6a6907cc57999a6afbccc1272fc9af456cf41d,held,pass,H67;H64;H3,,day,ambiguous_122003,institutional_or_compound
FGDC-3375,c05f6f37cdf346d650e09fa11fe8f076478c525197fcd7ac8a16c18c92bbfdad,held,pass,H67;H64;H3,,day,ambiguous_122003,institutional_or_compound
FGDC-3376,f1ad79c557995a104ae2951f27f94f6c77067eb4d9dcb3b37a32dbaa3408a8a5,held,pass,H67;H64;H1,,day,range_or_status,institutional_or_compound
FGDC-3377,a223401a855fc1df130ea4102eea06c215a36d0de6fe091cdab1961b0b160c91,held,pass,H67;H64;H3,,day,ambiguous_122003,institutional_or_compound
FGDC-3378,935d83cadf8ecf4012db9a853e95315646ccb102fab4912dd5bc4e2ec65ddbc6,held,pass,H67;H64;H3,,day,ambiguous_122003,institutional_or_compound
FGDC-3379,f056830d414e860a6c05a2460794939164bb3af6f43f9c74152cdc94446d4539,held,pass,H67;H64;H3,,day,ambiguous_122003,institutional_or_compound
FGDC-338,32526154a8e0c3c6c5e8276fa321b71dc07084b14f43489e99c4368d2898da73,held,pass,H67;H68,,day,range_or_status,institutional_or_compound
FGDC-3380,4fa2335ab749e88b0b9ba0ad5421d619439be6783e841613c935ddadf2ea3938,held,pass,H67;H64;H3,,day,ambiguous_122003,institutional_or_compound
FGDC-3381,e719ae78fc8bda08a535fc505c60c3bf93b4a5ad499b02ec6883233adc80f4b8,held,pass,H67;H64;H3,,day,ambiguous_122003,institutional_or_compound
FGDC-3382,2366e8b780c284517deda35a48aeb22ed30834356d68a71e8adb4523fd635836,held,pass,H67;H64;H3,,day,ambiguous_122003,institutional_or_compound
FGDC-3383,4ee649bec04d8c4861b5adfa00002a72c3fcb3f542afcfe706415aff1f0c12b5,held,pass,H67;H64;H3,,day,ambiguous_122003,institutional_or_compound
FGDC-3384,5683b9a2b60545695687ad9abfc53a49895847e53cbb4e8f8d47371d2efdcee9,held,pass,H67;H64;H3,,day,ambiguous_122003,institutional_or_compound
FGDC-3385,d9a09d880e53527d4ee10b7bcd5bc67132542e4befdc80f3d9aa4ffea171bdcd,held,pass,H67;H64;H3,,day,ambiguous_122003,institutional_or_compound
FGDC-3386,fb8d7c975beb612b45d671846ef08171d3a945d7fd7980a9809105bb90451653,held,pass,H67;H64;H3,,day,ambiguous_122003,institutional_or_compound
FGDC-3387,01f398335b00483526490186e0c07858708aa67369fe08999e44f844f4e06d47,held,pass,H67;H64;H1,,day,range_or_status,institutional_or_compound
FGDC-3388,4d36d56ab321b7c8c78e8fe611db818021dfa8e6082f71e5a2532b8888f1d536,held,pass,H67;H64;H3,,day,ambiguous_122003,institutional_or_compound
FGDC-3389,7e88943a1aef07d75ac032b723d2532b78d749eb9713b77daa1135df68229eea,held,pass,H67;H64;H3,,day,ambiguous_122003,institutional_or_compound
FGDC-339,425c1ba15806fbf75dddd26082bbae77460541206157e4fb5a01e7c065d16aca,held,pass,H67;H64;H1,,day,other,institutional_or_compound
FGDC-3390,00ed97bee58e8b18996c21d24a7eb41544a8a0be16f750137966acf6f8e8c537,held,pass,H67;H64;H3,,day,ambiguous_122003,institutional_or_compound
FGDC-3391,b017ec0f91a9a89af32dfb853417ca1139a6dbe59492b3a15b90e2725989cd8a,held,pass,H67;H64;H3,,day,ambiguous_122003,institutional_or_compound
FGDC-3392,04b943de39345066f3ba9a7aaac8161743fdebe1749fe8c39134503b0cc0a3e5,held,pass,H67;H64;H3,,day,ambiguous_122003,institutional_or_compound
FGDC-3393,5e7554f3c7b38aed9e37a4be039910b10dc0720500cff7d268c6ebaf34b14c16,held,pass,H67;H64;H3,,day,ambiguous_122003,institutional_or_compound
FGDC-3394,8b048461d98e1318bf11134d98f2a0fa2884295377c05769c1d6c5ec5cf476a1,held,pass,H67;H64;H3,,day,ambiguous_122003,institutional_or_compound
FGDC-3395,971784a858fdbe284d045d624bbac19554caeb2350d6e50a8553e056c8cd157f,held,pass,H67;H64;H3,,day,ambiguous_122003,institutional_or_compound
FGDC-3396,5988a9f8fa2c279c12d32412cb595796216e427f5981da23d46367ce6de49276,held,pass,H67;H64;H3,,day,ambiguous_122003,institutional_or_compound
FGDC-3397,803b07bfd02e10f78a36552cdf386242611785054b010d912c10b7743630feb6,held,pass,H67;H64;H3,,day,ambiguous_122003,institutional_or_compound
FGDC-3398,9f4f4e3cb943d6f642f556bf4ab52627db01d6ea27a90bdeca25c14bc0a18901,held,pass,H67;H64;H1,,day,range_or_status,institutional_or_compound
FGDC-3399,38d78fefb491c4c3fef51982dcc872fdde68bf58f305ae67286b5f05ff100e9a,held,pass,H67;H64;H1,,day,range_or_status,institutional_or_compound
FGDC-34,5bc2505daeee91c9f67926c108079fc1061a5bec3496c92d4d9a5337bb1088b9,held,pass,H67;H64;H1,,day,other,institutional_or_compound
FGDC-340,9c2f93370b59f4c7fdc191cbdcd0a764b852e4c18a9e51b1e213cd1e9ae06248,held,pass,H67;H64;H3,,day,other,personal_or_unknown
FGDC-3400,6eda4fa1eb107b021ffb824483fbcafa62f7e09c3bf39ae5a81b4b25ca8e9142,held,pass,H67;H64;H3,,day,ambiguous_122003,institutional_or_compound
FGDC-3401,745a8f7641c0d27065dcaff4866140a95bf09c1b22d43a602c1e1b9466a2c934,held,pass,H67;H64;H3,,day,ambiguous_122003,institutional_or_compound
FGDC-3402,6bb9f0048456abfd428495ba7428e78d9f8dc437f923acdb661dcbc2939b77c8,held,pass,H67;H64;H3,,day,ambiguous_122003,institutional_or_compound
FGDC-3403,b5ce2c0ddc25360dcf1369a48e206a76d824b0b42d90d974e95c3fdf53914dad,held,pass,H67;H64;H3,,day,ambiguous_122003,institutional_or_compound
FGDC-3404,a235a5867ecfaf8a2c290cc71f083198b7ce314c87cfdbd301b60fd9f732b319,held,pass,H67;H64;H3,,day,ambiguous_122003,institutional_or_compound
FGDC-3405,f18b16856f4c9065c33a1c4f7f2db5e8887550d7a7cae3bb226458f96652c868,held,pass,H67;H64;H3,,day,ambiguous_122003,institutional_or_compound
FGDC-3406,469b2c64fb27f474ead6bd86f8b802d3f54774f994d04b9de5431534b0b88560,held,pass,H67;H64;H3,,day,ambiguous_122003,institutional_or_compound
FGDC-3407,f770aa21e2b9ba82f01e8afb581cfc9cfaa6120bbb29925f4eb6e4c14ac32759,held,pass,H67;H64;H3,,day,ambiguous_122003,institutional_or_compound
FGDC-3408,a1d600ec572c91a64ae8c7d7a5301a1e96f668e2f6006410ac7cb0dfd3746cdd,held,pass,H67;H64;H3,,day,ambiguous_122003,institutional_or_compound
FGDC-3409,99570da55766418c83d18a4f210e129362178b379708d6a01d78347104c7dab3,held,pass,H67;H64;H3,,day,ambiguous_122003,institutional_or_compound
FGDC-341,c463df9466765d434a871d744157eeacfbbcd6b173ae22c4c2ca7bd76932ccb2,held,pass,H67;H64;H1,,day,range_or_status,institutional_or_compound
FGDC-3410,1c20c0716defe5041ba82a17b4edbf2c99ef3dd396756c972915f5a3e990f953,held,held,H67;H64;H28;H58,,day,range_or_status,institutional_or_compound
FGDC-3411,2a14365419fd000f45fa396cf775571864d60c07f3ceb2f259ba0b5ddbef1ea8,held,pass,H67;H64;H3,,day,ambiguous_122003,institutional_or_compound
FGDC-3412,b7276f828336a9ddc0cb244d84764ee101b5ddfc40ec4001c669a77fe4e2a396,held,pass,H67;H64;H3,,day,ambiguous_122003,institutional_or_compound
FGDC-3413,e73b48f113660c87bb28a434878ee7b67ac833b35c6b0c1d1ceb26c0e4c7ef5d,held,pass,H67;H64;H3,,day,ambiguous_122003,institutional_or_compound
FGDC-3414,f3953222a55d8ecc5fb85d86ed0413e288d9add189f9089a4aa38b66585839d1,held,pass,H67;H64;H3,,day,ambiguous_122003,institutional_or_compound
FGDC-3415,08ff52b55b180713a90c589113c8ee83f9023025d27bd27c295a6e3e18dbafd5,held,pass,H67;H64;H3,,day,ambiguous_122003,institutional_or_compound
FGDC-3416,1ce69a7b69563d9bb65f13f61474d0fc78bc00812cbb46b67c78c40f809712f6,held,pass,H67;H64;H3,,day,ambiguous_122003,institutional_or_compound
FGDC-3417,53f6722197e86f98fed43da18986e113bebb7303be0887066b84a4a82b6f9e71,held,pass,H67;H64;H3,,day,ambiguous_122003,institutional_or_compound
FGDC-3418,27c456c404f87aacfef4d5728fb09d5d5fdb6a745e7317cbbe5ec84e39293950,held,pass,H67;H64;H3,,day,ambiguous_122003,institutional_or_compound
FGDC-3419,0c44e9214a2dc1bb2f3bc52957c312b5cac6b169c2b897e6b5140ad2e7a6d69e,held,pass,H67;H64;H3,,day,ambiguous_122003,institutional_or_compound
FGDC-342,4c73ca8007b7af98800742803f13741b82ccb4d643da5136c60b073a193dc6b4,held,pass,H67;H64;H1,,day,range_or_status,institutional_or_compound
FGDC-3420,71d6b61dd7d99ff0f79099d9f0cd7d91acd4d67bf3705712e9851192261207ef,held,pass,H67;H64;H3,,day,ambiguous_122003,institutional_or_compound
FGDC-3421,9e97470bf7c0f9879e44756264db2612202320db55ba7a8939534cb9a801cc50,held,pass,H67;H64;H1,,day,range_or_status,institutional_or_compound
FGDC-3422,c8c80b70e19b83231aecbb9baa79d57d36a31479b9b6fab99097d1c6e9fcae45,held,pass,H67;H64;H3,,day,ambiguous_122003,institutional_or_compound
FGDC-3423,7aac35bbff58327e874553c44719445ca58b8942687496aaa11df8554a5306d6,held,pass,H67;H64;H3,,day,ambiguous_122003,institutional_or_compound
FGDC-3424,66d40614d0fcc2d5cfd750361053f338df2cd9231f16110ef1353156d50229a0,held,pass,H67;H64;H3,,day,ambiguous_122003,institutional_or_compound
FGDC-3425,b9832b68d5270a3030a8aecad2192a2055ebd87089d21b0b5c51d2db037b6ef8,held,pass,H67;H64;H3,,day,ambiguous_122003,institutional_or_compound
FGDC-3426,1eb8a71936423acff0c596efefb52da19c82038fb4d7a70b5c376525178d5d16,held,pass,H67;H64;H3,,day,ambiguous_122003,institutional_or_compound
FGDC-3427,9497ca0371104a32a06550b884b21fa0e82f6ef8375df5efd3db80a817b66c59,held,pass,H67;H64;H3,,day,ambiguous_122003,institutional_or_compound
FGDC-3428,22676ffaad613d4d26a936808098b2d9aeba15726f5321b703c617f3a9fa53e2,held,pass,H67;H64;H3,,day,ambiguous_122003,institutional_or_compound
FGDC-3429,5202a9d95039df5778a52a4c4418c013a7886f0f5c1ee824504561d05ea0b4a0,held,pass,H67;H64;H3,,day,ambiguous_122003,institutional_or_compound
FGDC-343,9e23667116b23324639fd89b63a52f97bc1ab31d1a496befb5000690f0c0553f,held,pass,H67;H64;H1,,day,range_or_status,institutional_or_compound
FGDC-3430,886b0bb64956bd74d90965300a5ef194600a335ccff6cc41ddb72ee4d3147f7f,held,pass,H67;H64;H3,,day,ambiguous_122003,institutional_or_compound
FGDC-3431,58631e39160968f647cbc24274f60a384b8245b8538e750d65cd79af27531508,held,pass,H67;H64;H3,,day,ambiguous_122003,institutional_or_compound
FGDC-3432,40e9593b338a06d02f858ce4fcdedc09ed7d0153701befc7a39a299870b5c405,held,pass,H67;H64;H1,,day,range_or_status,institutional_or_compound
FGDC-3433,20708b3c5b4360bf5db09d3a5f2826e34636fef02964fe57ea977b320544d603,held,pass,H67;H64;H3,,day,ambiguous_122003,institutional_or_compound
FGDC-3434,c0ad72cd13ea614046f3bbac473f0730380504a8a68349c27b656178324a711a,held,pass,H67;H64;H3,,day,ambiguous_122003,institutional_or_compound
FGDC-3435,8c670723027fb5e57f03df5a56c2c87a30afb5140170edfa8d83266e9e1bc4ca,held,pass,H67;H64;H3,,day,ambiguous_122003,institutional_or_compound
FGDC-3436,9406363bbc685b2afb53e4661f813e8e3530d4b169447ff5fb50814425829058,held,pass,H67;H64;H3,,day,ambiguous_122003,institutional_or_compound
FGDC-3437,48c1eb73e16f5fa7aa6e563621a3e4e69cb130107cf54dc278fe8675f0291d7b,held,pass,H67;H64;H3,,day,ambiguous_122003,institutional_or_compound
FGDC-3438,19645cb8232a607df4c01a09f3895bbe30010c63f37cd9dcc4f9885cb29c8958,held,pass,H67;H64;H3,,day,ambiguous_122003,institutional_or_compound
FGDC-3439,e75a222dff4e3c4faa4f62fdf3a44611cc34ef09156bb5fd44422898877eca34,held,pass,H67;H64;H3,,day,ambiguous_122003,institutional_or_compound
FGDC-344,2a1c27e6d3fa7a42d6904929be63242d7ce7da463788a13bea96c11ceca0432b,held,pass,H67;H64;H1,,day,range_or_status,institutional_or_compound
FGDC-3440,cf5e21f81995e72e0a7c9ff62996c686f31291344c0b52bd0067fd9eac518eb9,held,pass,H67;H64;H3,,day,ambiguous_122003,institutional_or_compound
FGDC-3441,16b540ae36bf7978e9dc981e8bb87c22796e3e4e32270d94e53fdfc2ce109376,held,pass,H67;H64;H3,,day,ambiguous_122003,institutional_or_compound
FGDC-3442,b04d00b9e66cccfe90b045e50516eb826326b2ac6fe2ca4956f429ecc88b62e3,held,pass,H67;H64;H3,,day,ambiguous_122003,institutional_or_compound
FGDC-3443,49dfe1760f8bb3ab072b31ddc43bb60faf53cd12e1e4a16560074ebd5c7f3a14,held,pass,H67;H64;H1,,day,range_or_status,institutional_or_compound
FGDC-3444,cfd4501bcb544aed7a21a5ad8491fee954b635f340607775864f58e69fbeb5a4,held,pass,H67;H64;H3,,day,ambiguous_122003,institutional_or_compound
FGDC-3445,945baa67924c03583c407e5d61003256e2637509df13cea2352b832ddc6b71d6,held,pass,H67;H64;H3,,day,ambiguous_122003,institutional_or_compound
FGDC-3446,5107dff22e56aafa825820b8a4038d2a24eb0cc53b2b72f289a893d59edf699d,held,pass,H67;H64;H3,,day,ambiguous_122003,institutional_or_compound
FGDC-3447,b1271659acf56d92c12bc8ed9fca251b667570b78b8fa179ed872d9fae6785ba,held,pass,H67;H64;H3,,day,ambiguous_122003,institutional_or_compound
FGDC-3448,f13abf1a16e2f1e26af8c67614d38bf44e7fae32eb2af59d53d66211fecb9248,held,pass,H67;H64;H3,,day,ambiguous_122003,institutional_or_compound
FGDC-3449,53714c1d886efc7707270f2b3aae4b36e961852b87231d7cb259d4249726594b,held,pass,H67;H64;H3,,day,ambiguous_122003,institutional_or_compound
FGDC-345,b592322538bab39ad02af8a2b8c119923025245da2ecd0a21b851b4e9e94dfba,held,pass,H67;H64;H1,,day,other,institutional_or_compound
FGDC-3450,c70835389f83aa52f61a6323ebc1cebeec3ac4e8f7530d521e81543a8b9e2f45,held,pass,H67;H64;H3,,day,ambiguous_122003,institutional_or_compound
FGDC-3451,69a95323b522795a2f3175bd18b68460be24737645e0ddbcb3c5f20578494fab,held,pass,H67;H64;H3,,day,ambiguous_122003,institutional_or_compound
FGDC-3452,622c123745680e7ad4550d79339f5d32734be6e1eea98ea9672653d17fefb0cb,held,pass,H67;H64;H3,,day,ambiguous_122003,institutional_or_compound
FGDC-3453,b6f94120d473105a4462b707ed90081b00ba288ee42fa3f2fffbf0b0213d7d56,held,pass,H67;H64;H3,,day,ambiguous_122003,institutional_or_compound
FGDC-3454,9da9a022a0dbd5daba95a44f31dabf3d687a0cb93b4ecedd4364abe71219aa10,held,pass,H67;H64;H1,,day,range_or_status,institutional_or_compound
FGDC-3455,74675c4b61743dd7a4488e0ff40c948b3778e8eb14161c0da70df6a3703aa8f3,held,pass,H67;H64;H3,,day,ambiguous_122003,institutional_or_compound
FGDC-3456,45cbbb468901bf15bd36afa12853e8eebff19a5690ea844f8c63d01c74f527b4,held,pass,H67;H64;H3,,day,ambiguous_122003,institutional_or_compound
FGDC-3457,c1bd769036850cf0e6bd56fb6bbe82e2a42762c974f7c5594a4ced05b2f4d5d8,held,pass,H67;H64;H3,,day,ambiguous_122003,institutional_or_compound
FGDC-3458,d726e396842467d38258c9b11872f3290da01c6ea5df8e70c575dbadc77ef241,held,pass,H67;H64;H3,,day,ambiguous_122003,institutional_or_compound
FGDC-3459,5d7202d40251a433a46b37bfae5ecb997ce1c8630e720da0082abe9e187a464b,held,pass,H67;H64;H3,,day,ambiguous_122003,institutional_or_compound
FGDC-346,0464f12664a838008abd03374fbfc89119d963999023274885937f2015eda2ee,held,pass,H67;H68,,day,other,institutional_or_compound
FGDC-3460,fbccacfa1861eb191b25f88ebc5995583d3ef81adcdfed3d1dbcb0caf27f33df,held,pass,H67;H64;H3,,day,ambiguous_122003,institutional_or_compound
FGDC-3461,7b3d3833524f5a775987265f3c7646711e6632d04acd2cb367c6586cf398a573,held,pass,H67;H64;H3,,day,ambiguous_122003,institutional_or_compound
FGDC-3462,50462e69f0eff3335523d3f3d392fdc5e785ab9ab30c9965e7be9dda8a987669,held,pass,H67;H64;H3,,day,ambiguous_122003,institutional_or_compound
FGDC-3463,230fa60828bedd2597f4034d15666700d6f55fac992aef2ba385e09bd39e8121,held,pass,H67;H64;H3,,day,ambiguous_122003,institutional_or_compound
FGDC-3464,d518eb70dcb04e899d31ebf2b9f06f4d5a69201f0c7b23443358020e4a4fcd15,held,pass,H67;H64;H3,,day,ambiguous_122003,institutional_or_compound
FGDC-3465,bc2d4874bad6214690bd6b29889fec7af87e3e1f466e705c86303269a51cc478,held,pass,H67;H64;H1,,day,range_or_status,institutional_or_compound
FGDC-3466,665254d855e447b308ca2b6f78b50db831828948dff0e170bee7413ca7f2e2a2,held,pass,H67;H64;H3,,day,ambiguous_122003,institutional_or_compound
FGDC-3467,ab4ef3f8ef4aa5035110970007f1294773668a01c2357099a2997fe71d2a149d,held,pass,H67;H64;H3,,day,ambiguous_122003,institutional_or_compound
FGDC-3468,b488e09c92226f7f2060d515a074683a167d18a4479b86b7971c6f0ce8438a6e,held,pass,H67;H64;H3,,day,ambiguous_122003,institutional_or_compound
FGDC-3469,59635f06275db20097d06a16f8643316e3e0a8fdd3bce643c277cb8862a9f1f6,held,pass,H67;H64;H3,,day,ambiguous_122003,institutional_or_compound
FGDC-347,e8cc6ec14d86cf996225c01a75ee0495f6fdea9f99166f3a2f2bf7e38aaa73f6,held,pass,H67;H68,,day,other,institutional_or_compound
FGDC-3470,aa69bb5a784dde9856749fad4526aca7beb597ffe0571cad44155911d35d7ba5,held,pass,H67;H64;H3,,day,ambiguous_122003,institutional_or_compound
FGDC-3471,97f956c41e9968063f1f82a16cf4c1d5652df72ed23a2a370bcf5b17bc025911,held,pass,H67;H64;H3,,day,ambiguous_122003,institutional_or_compound
FGDC-3472,9850bb031a9200d71c883b5554a1377cc694182b17b8dbd683fe29b670b4fedc,held,pass,H67;H64;H3,,day,ambiguous_122003,institutional_or_compound
FGDC-3473,583572b66e7e4325d7bb48bc3a9a36e6157c4653ca7496ff637677420699e206,held,pass,H67;H64;H3,,day,ambiguous_122003,institutional_or_compound
FGDC-3474,c403a8ae5ed7702218cab9e3299344c4228a71d78a2702265b0bf28edec29db7,held,pass,H67;H64;H3,,day,ambiguous_122003,institutional_or_compound
FGDC-3475,1337a82a5f69e717e2e99cea8affb467a4a785423a044c29b7894be376e4afc4,held,pass,H67;H64;H3,,day,ambiguous_122003,institutional_or_compound
FGDC-3476,8baff729b8e60a592edaf90ca2ad3761c49e3d668a3096f6a1045769d3acae2f,held,pass,H67;H64;H1,,day,range_or_status,institutional_or_compound
FGDC-3477,0c1cac95d2a0234663313fb120c7b411811a7af287bab64b06830291dc286499,held,pass,H67;H64;H3,,day,ambiguous_122003,institutional_or_compound
FGDC-3478,9a2c1d3039a1d670d89f7f3ab6cf3033c2f0336981be1127bbf490efeaba9dc2,held,pass,H67;H64;H3,,day,ambiguous_122003,institutional_or_compound
FGDC-3479,eb091a0a9aeb3c848e92ba136815c9258238f32c84e7a31905b381c5573ac50b,held,pass,H67;H64;H3,,day,ambiguous_122003,institutional_or_compound
FGDC-348,c7d73780fec38fae2b75c0f2f71c1cdb4db431d3ccbfd50423b3b5aa2012386e,held,pass,H67;H64;H1,,day,range_or_status,institutional_or_compound
FGDC-3480,ee7be20b13763a7409e39b59a1b7e9ce78a0fc3d5672758481ea7864601b0175,held,pass,H67;H64;H3,,day,ambiguous_122003,institutional_or_compound
FGDC-3481,e712126e03fe36848eda2a0e48f2f7882b5591e4019c95985cba0d23f2c54fbb,held,pass,H67;H64;H3,,day,ambiguous_122003,institutional_or_compound
FGDC-3482,2285d1cebbe4fca9ac53310df32720a3beacbd93a0656dc7b181694f176038f3,held,pass,H67;H64;H3,,day,ambiguous_122003,institutional_or_compound
FGDC-3483,9ac34185a95be9b1b12156977d48ca6c0f3c890d752c4787b50f0ac50d367478,held,pass,H67;H64;H3,,day,ambiguous_122003,institutional_or_compound
FGDC-3484,87b0104aea1053c6bef51973f4b6ff8283e5b12ca71359241c62ca241c758635,failed,not_constructed,,,,,
FGDC-3485,98b0fbd3982982dd761fa1fa301634b02124d79f576ae059902ca1dbb0200b1e,held,pass,H67;H64;H3,,day,ambiguous_122003,institutional_or_compound
FGDC-3486,067c737d0518f85177dbf327f32bfc38f360de39483cf4db8b4c95708b7a4340,held,pass,H67;H64;H3,,day,ambiguous_122003,institutional_or_compound
FGDC-3487,c25d6334c78bc9fb1edf485070aa07e6f2c6fc317b24b1896ff83813746e01a8,held,pass,H67;H64;H1,,day,range_or_status,institutional_or_compound
FGDC-3488,f3622c88e4d10575704d9cc4826f27ff1d75cab6be9d4f384642976fdcd5e85c,held,pass,H67;H64;H3,,day,ambiguous_122003,institutional_or_compound
FGDC-3489,4da893ac8e3632b9cb33b0bf878379030198dc102dd8628311866c60b2c712f6,held,pass,H67;H64;H3,,day,ambiguous_122003,institutional_or_compound
FGDC-349,229b1c88a768f89ba66c3033a19e28cfb06fe79fa45ec72597fcd2dfe33fec58,held,pass,H67;H68,,day,other,institutional_or_compound
FGDC-3490,5a1e7f8db92bae86084869abacb7344b8f2e67c1f93b84a6cd5bb81df132cbaf,held,pass,H67;H64;H3,,day,ambiguous_122003,institutional_or_compound
FGDC-3491,c9dc3cd546be120ac10f641924f1c30188589da1b36fef4b15414d98a44018a5,held,pass,H67;H64;H3,,day,ambiguous_122003,institutional_or_compound
FGDC-3492,785597149755d5e0f002d87b0e1b2e803ce7484d3cf696d199bd631b67671dbb,held,pass,H67;H64;H3,,day,ambiguous_122003,institutional_or_compound
FGDC-3493,25ecaa84e34f7c53b9a152e41d058df3005e0b30ef839aa63226446e7433538b,held,pass,H67;H64;H3,,day,ambiguous_122003,institutional_or_compound
FGDC-3494,1c3f6be1d0374cb6603915fbf05069f6b331b7e6df0e288e81c4ad68435f6122,held,pass,H67;H64;H3,,day,ambiguous_122003,institutional_or_compound
FGDC-3495,214c724e9fe3f09b640ceb323c2853b022bf375789b2127e5f940ee0287e3acf,held,pass,H67;H64;H3,,day,ambiguous_122003,institutional_or_compound
FGDC-3496,7a9ce6fec69003ecae1b6ebfb9a526aa98c496a13a5119cb87f63cb6a74f597c,held,pass,H67;H64;H3,,day,ambiguous_122003,institutional_or_compound
FGDC-3497,2b00b7f9590d5049208103020f752c3ec2b50a03e1ba566dbe1a840940333c9f,held,pass,H67;H64;H3,,day,ambiguous_122003,institutional_or_compound
FGDC-3498,d52f8ac56d06f0c2b53f2fa21a4779580fc52fbacee86e4cebf0b455f5ab3d4f,held,pass,H67;H64;H1,,day,range_or_status,institutional_or_compound
FGDC-3499,3f1fbeaa805e0ef18a12b5882260999e7b4aa73759f930414a42258da4815994,held,pass,H67;H64;H3,,day,ambiguous_122003,institutional_or_compound
FGDC-35,93dbb114ac30f676bd9c337eec8f1331ae2650cdd905a3738d3542bdb87743c8,held,pass,H67;H64;H1,,day,other,institutional_or_compound
FGDC-350,f73aaebc176d9f8730d46d24d23d12d32c55f9ad6143df76ddd6f27e54fa5e30,held,pass,H67;H3,,day,other,personal_or_unknown
FGDC-3500,cc1529bed71caf46ccec8a0ff25da1e8c6c72c81f3bf68f5ad9845085795004a,held,pass,H67;H64;H3,,day,ambiguous_122003,institutional_or_compound
FGDC-3501,c0a1c7a80a6cc155c26c4b2a7cb9e845118f40f3941e244e1ef541488f25a230,held,pass,H67;H64;H3,,day,ambiguous_122003,institutional_or_compound
FGDC-3502,50fb1ef728396d19641b231e247bb2412f7773c48c99478c32b14dd95c897194,held,pass,H67;H64;H3,,day,ambiguous_122003,institutional_or_compound
FGDC-3503,e2c0274d8290e9b9d424cf39407fa65de0fc5b1101f4d3567b0e5fcc477b2efe,held,pass,H67;H64;H3,,day,ambiguous_122003,institutional_or_compound
FGDC-3504,2fe080b6847b7d505bef32c3efb82d995c739defa0ca9eeade1c515d5f247f54,held,pass,H67;H64;H3,,day,ambiguous_122003,institutional_or_compound
FGDC-3505,3ce4ef4e5944aeb75ec4003d187deb5b13711c4f577e055f8fdc428a688809e3,held,pass,H67;H64;H3,,day,ambiguous_122003,institutional_or_compound
FGDC-3506,b6afd817ea2fabb5e9e646cb95d223159c879ba3d28c270d351475cf3b080c6b,held,pass,H67;H64;H3,,day,ambiguous_122003,institutional_or_compound
FGDC-3507,4f9c754a2a0da1000a9f50952b420d161ab7027fc0f7b304c8a39b3985b48cc2,held,pass,H67;H64;H3,,day,ambiguous_122003,institutional_or_compound
FGDC-3508,d80e31b0cbc599049ed408289589f5a2d3e46be3d402650dca83746d49a381d0,held,pass,H67;H64;H3,,day,ambiguous_122003,institutional_or_compound
FGDC-3509,f4443d644d83786d097994e73c148da3f3897ee0c7b5ff323e1f8e9c3dc95b52,held,pass,H67;H68,,day,other,institutional_or_compound
FGDC-351,f72fa4ed8ae6412d78b4deb9b459606ad5930e3098c75d0d506454762c42ffb7,held,pass,H67;H68,,day,other,institutional_or_compound
FGDC-3510,9d06f397257f50cb72d37ae0af9ae4ff3acc1358f3d62b7546c7665a02be22c9,held,pass,H67;H64;H1,,day,range_or_status,institutional_or_compound
FGDC-3511,3bd9cf4c229e47c3c96de487dbeed07e995acd8768cf9f9a003a63881991c3f7,held,pass,H67;H64;H1,,day,range_or_status,institutional_or_compound
FGDC-3512,d3826cc20be9c9aa1746dfab9e11876a106d3efdce0c1c7be86405c51bbd8921,held,pass,H67;H64;H1,,day,range_or_status,institutional_or_compound
FGDC-3513,a4c56075d6cd20f827369a0e671b7a568b5a759abfaee9c766a6e73d7a42eacd,held,pass,H67;H68,,day,range_or_status,institutional_or_compound
FGDC-3514,4f457c4172f69e1e17e5316c7bc1fb9dbe49769e63497876c7d9b3ba4e7cabce,held,pass,H67;H68,,day,range_or_status,institutional_or_compound
FGDC-3515,b45f25c2edaee51b351c2a56e8f9bdbd4b847c38ffbc46cab2e94d3e1577722e,held,pass,H67;H64;H1,,day,range_or_status,institutional_or_compound
FGDC-3516,3f74786d77087a50e3ddb792720d80806e6c3771fbbe73000a679da54e34b244,held,pass,H67;H64;H1,,day,range_or_status,institutional_or_compound
FGDC-3517,0f008343a933e51861c48248cb86d9e82d08b4599e615e2a0d326786d2036a50,held,pass,H67;H64;H1,,day,range_or_status,institutional_or_compound
FGDC-3518,c724567e3fa346856bac2627c18505036b4098efa6f7803feeafad0bdc0671b4,held,pass,H67;H64;H1,,day,range_or_status,institutional_or_compound
FGDC-3519,a64b9f318bf30f04a3617681ff23af9525edd9cbb94c6e829446002e81bfb7e6,held,pass,H67;H64;H1,,day,range_or_status,institutional_or_compound
FGDC-352,06ba45c5ab5a65223bb2e26fd3f982b6a9d2f55b19dfbb7a59fef7ca58c8de45,held,pass,H67;H68,,day,range_or_status,institutional_or_compound
FGDC-3520,1d5a74952bbee1e98748a0920a20962066fe75a79fbbccda2fd3a104f972f9a7,held,pass,H67;H64;H3,,day,ambiguous_122003,institutional_or_compound
FGDC-3521,b3d924c93f317238a21815edbdfc52c5af1f73135e0afdbcda4b371d81a08ac5,held,pass,H67;H68,,day,range_or_status,institutional_or_compound
FGDC-3522,0bdac25474c351915e9cea42ff2efee919e824f61945da2e12dc17290a065840,held,pass,H67;H64;H3,,day,ambiguous_122003,institutional_or_compound
FGDC-3523,3045d27c136ce2eb842fcac76b9f82ecfa3ef2b4ab03c52feeb2b0c5e4235b2c,held,pass,H67;H64;H3,,day,ambiguous_122003,institutional_or_compound
FGDC-3524,68be32c0895373feed9c8edfea4bdc290761102ff77d2ef71bf9a1dbb2debb4e,held,pass,H67;H64;H3,,day,ambiguous_122003,institutional_or_compound
FGDC-3525,4ee62696192bf85a7107155ce8cf61d90772c5206aec8f09e57a23f1c4151b30,held,pass,H67;H64;H3,,day,ambiguous_122003,institutional_or_compound
FGDC-3526,bcdd07ad1143511c18112fcdf84a4d083e4ee300b418526fb51c245227005fe3,held,pass,H67;H64;H3,,day,ambiguous_122003,institutional_or_compound
FGDC-3527,722e96e1f05f59617e3b3567c9c180c6bf6b844b1a8c2650d8154003fbd5ff50,held,pass,H67;H64;H3,,day,ambiguous_122003,institutional_or_compound
FGDC-3528,f9f1440a4adaadff4aa8063bb3e93420a93dade71aa841c116db19358f001fb5,held,pass,H67;H64;H3,,day,ambiguous_122003,institutional_or_compound
FGDC-3529,f054c2aad3720c5e94e076e684309c8d7ae186a02b3fc2536c1c93c08a3f3c2d,held,pass,H67;H64;H3,,day,ambiguous_122003,institutional_or_compound
FGDC-353,4b4f3149a30cd6c5021a82c5beff51b6f1c31a9ccf2386762027410403b32898,held,pass,H67;H64;H1,,day,range_or_status,institutional_or_compound
FGDC-3530,0a93b275250cfbc11ce9a3f9ec54f833f1291c1c6dc2790e5195f51a500eb84a,held,pass,H67;H64;H3,,day,ambiguous_122003,institutional_or_compound
FGDC-3531,285d27821d24463cfacb30a05d97d7570d9efa06f11877356203a49ef99ecf96,held,pass,H67;H64;H3,,day,ambiguous_122003,institutional_or_compound
FGDC-3532,07954c77b68b8d06469fdd02e2d47a0b53093f91e1e2a4801b38ff6f16d5085f,held,pass,H67;H64;H1,,day,range_or_status,institutional_or_compound
FGDC-3533,f77b363e657ebe0617dab0fb2835ce90bf38e51a91dc99ce03858950189fd218,held,pass,H67;H64;H3,,day,ambiguous_122003,institutional_or_compound
FGDC-3534,ca2111a588c6753eaf6c1739077f0d72fc471fa244e351a8e9786111aa11d72e,held,pass,H67;H64;H3,,day,ambiguous_122003,institutional_or_compound
FGDC-3535,2094ec9031feb2a431ddfb828ea96b8d0ae8928415a6ecd276731fd2708a1b46,held,pass,H67;H64;H3,,day,ambiguous_122003,institutional_or_compound
FGDC-3536,2ffa97807de38be8031daaf808b30539d6b95d7b2e6c8c4902684be739c4c8f0,held,pass,H67;H64;H3,,day,ambiguous_122003,institutional_or_compound
FGDC-3537,f0ce3a860d7d2d930e430d9a0a5035807cdf64df360d2e3714b64de37743de81,held,pass,H67;H64;H3,,day,ambiguous_122003,institutional_or_compound
FGDC-3538,ca1119a778044e31c6738dfc2672462418d32be841b4dafe566d7d8bed945909,held,pass,H67;H64;H3,,day,ambiguous_122003,institutional_or_compound
FGDC-3539,b17a14514cd98b8309d199e04484854f8587c20381a1997c264095b0a38d2ad7,held,pass,H67;H3,,day,other,institutional_or_compound
FGDC-354,6df3d51bfb2f388e27bab8a94db7b93d54cd729fb889ce5e32a43982f9794340,held,pass,H67;H64;H1,,day,range_or_status,institutional_or_compound
FGDC-3540,3041bbe835f5b77fda2cab4cc31417f4917eb4d295ce9fad64217b9493745f31,held,pass,H67;H64;H1,,day,range_or_status,institutional_or_compound
FGDC-3541,f62e539ea87a1e1358e7abe7af667e950f60ffb6b29d22a268c32e421275807a,held,pass,H67;H64;H1,,day,range_or_status,institutional_or_compound
FGDC-3542,22c3b7dac000a54f935e9e5cfbbe2022e4887ef29fd5e64ac676187c9ed95059,held,pass,H67;H64;H1,,day,range_or_status,institutional_or_compound
FGDC-3543,248ba84cb2856300729e4cd357a1cd9660550509d79fa6629baa8b267cfd6b80,held,pass,H67;H64;H1,,day,range_or_status,institutional_or_compound
FGDC-3544,06f1f96b021115a19931503ceb396361d5099154fa2909c2eb060afa8deeb815,held,pass,H67;H64;H1,,day,range_or_status,institutional_or_compound
FGDC-3545,6ad50f78749ca154a647c91f284f7999863cedd1351e9c34792f860b75045509,held,pass,H67;H64;H1,,day,range_or_status,institutional_or_compound
FGDC-3546,2068d48dc56fd7df6be0fe0c40535282bc83e245b5c0e2b5ad512f68b0e4831c,held,pass,H67;H64;H1,,day,range_or_status,institutional_or_compound
FGDC-3547,62e6cd79a01cfa04dd7cb07d215625b6a284d99c1b72e8e0518da96f2cf3ae9a,held,pass,H67;H64;H1,,day,range_or_status,institutional_or_compound
FGDC-3548,1e8b6c4fa204fd66808d463eae20464d2330d88a0dd7d1fe44c5704573afcdcb,held,pass,H67;H64;H1,,day,range_or_status,institutional_or_compound
FGDC-3549,1c47689439d7d55da7cc627644eb36c661c9a63fe8c3cd71b7f057eadc266f6a,held,pass,H67;H64;H1,,day,range_or_status,institutional_or_compound
FGDC-355,0bc2feb3881638057bab634c8d6027c6cb55ed442c2c95dee487480ded55ea03,held,pass,H67;H64;H3,,day,range_or_status,personal_or_unknown
FGDC-3550,bf18c2730ab544fe952945418bc6f29931d0c6122bcf508475b1ed406bcfb899,held,pass,H67;H64;H1,,day,range_or_status,institutional_or_compound
FGDC-3551,05e16e466cdec9a83148a52369bb1ebf2265024908f8fa0fcb85c0ceafef0656,held,pass,H67;H64;H1,,day,range_or_status,institutional_or_compound
FGDC-3552,24ec4c34f7df3dff9117def4895e5953d0128c3fb044006c58736326735089a4,held,pass,H67;H64;H1,,day,range_or_status,institutional_or_compound
FGDC-3553,964bf21c27b90ed58283c82de1f03ee71cb4cc4b415a91da805c253e3f899108,held,pass,H67;H64;H1,,day,range_or_status,institutional_or_compound
FGDC-3554,02297b1faa429511b5e3d82958d47bcd6ccfcd6262fc568b5f936ad0298b1c2a,held,pass,H67;H64;H1,,day,range_or_status,institutional_or_compound
FGDC-3555,a4afe31eb7719152267e638d72a68406133e1791f3e268d5fb52a6a642afc4da,held,pass,H67;H64;H1,,day,range_or_status,institutional_or_compound
FGDC-3556,152357533e52890c8a741c5e4adf1012d24fe4e34caf8078575e573498336eb7,held,pass,H67;H64;H1,,day,range_or_status,institutional_or_compound
FGDC-3557,4e05e476f2c6c4ad4f24613521eccb000f8e437d31daf8728953536bbe5527fc,held,pass,H67;H64;H1,,day,range_or_status,institutional_or_compound
FGDC-3558,7ba0d86b1709a6ae8624665a3c798fe96b7abdb39c20036ebd8b6440e1d783fd,held,pass,H67;H64;H1,,day,range_or_status,institutional_or_compound
FGDC-3559,4c7be302694d145833fd0c613362ba3ea7787f73a9f332ce8010ca6d342b0ebe,held,pass,H67;H64;H1,,day,range_or_status,institutional_or_compound
FGDC-356,087afaab4adb48a0bfddd31017fb6a090ba60c3f3dcf4ceaf238ec41c2cb27f2,held,pass,H67;H64;H1,,day,range_or_status,institutional_or_compound
FGDC-3560,31ca09d0946b72417bca2b03867de7484e2d6c9961c3030437768f6a789c654a,held,pass,H67;H64;H1,,day,range_or_status,institutional_or_compound
FGDC-3561,698731b7da768df039ae6ab908b66ce855afbbcc02a72d835fb167f344610820,held,pass,H67;H64;H1,,day,range_or_status,institutional_or_compound
FGDC-3562,01352636decda0c3b8292897654dd2de00dc9a1fc9ea4c49bd3992eefc6af40f,held,pass,H67;H64;H1,,day,range_or_status,institutional_or_compound
FGDC-3563,c871a3268017ea09623d67881949823e2a269ff4dc857c162d958fde084ce481,held,pass,H67;H64;H1,,day,range_or_status,institutional_or_compound
FGDC-3564,2a53e7057a4b187428d09e7456d6c5ba879e75f5a38ca4071050d6f6c4bcba22,held,pass,H67;H64;H1,,day,range_or_status,institutional_or_compound
FGDC-3565,c1ac5afc2da8a03b0f61bdffb395cd9c739d3c4ec6ad50487176c464ac661b25,held,held,H67;H64;H33;H63,,day,range_or_status,institutional_or_compound
FGDC-3566,f2f3b4056310276fb0a337babd587e32cb92ff166ba7b40bea9b908a19b9cc61,held,pass,H67;H64;H1,,day,range_or_status,institutional_or_compound
FGDC-3567,d40c35306d20d062a6c28948736cd02dd7df170aaa1a81ea69be8adb6dea395e,held,pass,H67;H64;H1,,day,range_or_status,institutional_or_compound
FGDC-3568,177e7d48bcbc80e339366bdad59f8c1ac70671bc35956445e11f8cc7cc4d962b,held,pass,H67;H64;H1,,day,range_or_status,institutional_or_compound
FGDC-3569,6cbfbfc7f929e97b9a51a5ec2a686de838230144ee109de127c9fc8f581906b6,held,pass,H67;H64;H1,,day,range_or_status,institutional_or_compound
FGDC-357,f6107a53edfdd7fe49575aa4d01616789c69b23f989c6a5034de699040618c4d,held,pass,H67;H64;H1,,day,range_or_status,institutional_or_compound
FGDC-3570,850704146a9405afeebed83889bdfb7623f8d0ffed275039ca5ff3a26730dc3e,held,pass,H67;H64;H1,,day,range_or_status,institutional_or_compound
FGDC-3571,1b914d2a6c113c8d1e5268cb68ea32e8c27b97601193e12d4f64024ab41f7eac,held,pass,H67;H64;H1,,day,range_or_status,institutional_or_compound
FGDC-3572,2535c5dfb5e2eb1b23728db55f5068774834794bbeaeb4521662771c1ab73ae6,held,pass,H67;H68,,day,range_or_status,institutional_or_compound
FGDC-3573,6f5fe6fbd597d1c4451f38869064c528be2be8a66d3d820be81ab10758743046,held,pass,H67;H68,,day,range_or_status,institutional_or_compound
FGDC-3574,78272392ddb8bf31cf7d5f7cec75a5541b10598d1dd6babc726909647bfc0dff,held,pass,H67;H68,,day,range_or_status,institutional_or_compound
FGDC-3575,e4b677eefb7dc1329a8ecbeff8530b8ce0b1e577987b64bdcf6f8e0c4982a3fd,held,pass,H67;H68,,day,range_or_status,institutional_or_compound
FGDC-3576,9d613233366d180ca17804aebb99a199430651d8e15ae446f779821eeb8221b8,held,pass,H67;H64;H1,,day,range_or_status,institutional_or_compound
FGDC-3577,8888cecf2be2667b4feb95e14bdfb8ca83dfedd5a46ed832c7bafe9eb69ad913,held,pass,H67;H68,,day,range_or_status,institutional_or_compound
FGDC-3578,419d4058ae87f8f621bba3308e84659ac0794b4399eff85b663f3bbef8e3ff88,held,pass,H67;H68,,day,range_or_status,institutional_or_compound
FGDC-3579,3cf40764eb24cb82e10e1821220a25c50a0dc102027f4197559963a99a6b7b10,held,pass,H67;H68,,day,range_or_status,institutional_or_compound
FGDC-358,36d014ac434bec6e1c0c8549402e769a61e14dff0ebc69943871843c1b2976a5,held,pass,H67;H64;H1,,day,range_or_status,institutional_or_compound
FGDC-3580,6d63b70c7082549ea45dd944186193b1a019675b47e6a6a66ed21cb564079dc8,held,pass,H67;H68,,day,range_or_status,institutional_or_compound
FGDC-3581,18ed308c0a77af63913ab7ed86fc36023b5f2029e3f1f0aa9f344ee14d3c7ec6,held,pass,H67;H68,,day,range_or_status,institutional_or_compound
FGDC-3582,52810ab02259737311547da24014013b9686c549b58ac26deaa8e860a3e5ac2a,held,pass,H67;H68,,day,range_or_status,institutional_or_compound
FGDC-3583,1ccaa133573be249156f3b85cc01e8fab2974d71a067e723c4f6cadf15f5691d,held,pass,H67;H68,,day,range_or_status,institutional_or_compound
FGDC-3584,47c1b1a61ba092ab7674dfa9e079a507334ac39ccc9787c7b4c255e25fd83d3d,held,pass,H67;H68,,day,range_or_status,institutional_or_compound
FGDC-3585,3e2e7d89db098b380530c2c2cd995b03ee39e5192b6bfe47086b94b179bf06e0,held,pass,H67;H68,,day,range_or_status,institutional_or_compound
FGDC-3586,c3796efea5cbc10c5d1458714874de5a1974b7dfa896f902bf69d1cc1174a805,held,pass,H67;H68,,day,range_or_status,institutional_or_compound
FGDC-3587,ef4cf27ee439895553cccb5caf218edea4f70a83363bc8b6eac804696dac340c,held,pass,H67;H64;H1,,day,range_or_status,institutional_or_compound
FGDC-3588,73769b8e84aff36e99147bb5df3e77e4ca96c6bcab65cebf3f9cfce81a09947d,held,pass,H67;H64;H1,,day,range_or_status,institutional_or_compound
FGDC-3589,6026cb7c26f3c10a13e69f17a619aa7fd387cf39ea22361e3d4963ef6a4e454f,held,pass,H67;H64;H1,,day,range_or_status,institutional_or_compound
FGDC-359,7e9e5a7abf53dbfcb84148eb7b56b39788618cd2f9e5260417547a924a02d209,held,pass,H67;H64;H1,,day,range_or_status,institutional_or_compound
FGDC-3590,66ebefc07f2ec80a331847ea9bdd2826b7ed433e0381a247d774845176bfe25c,held,pass,H67;H64;H1,,day,range_or_status,institutional_or_compound
FGDC-3591,0561e77c36daf4800e94c1784c1ef17c5e981a33654d32469aeafb891bfff8eb,held,pass,H67;H64;H1,,day,range_or_status,institutional_or_compound
FGDC-3592,214a282593f401eb36fa56b7e544d74d630503708a9d0180fc101b6fae834cab,held,pass,H67;H64;H3,,day,range_or_status,institutional_or_compound
FGDC-3593,eeaf35ec26a0cefe390073fe1e9bf8140073644993d3cd233fdc652d519c2588,held,pass,H67;H3,,day,range_or_status,institutional_or_compound
FGDC-3594,c8d58891b478b92f78a0155ed9eefb116ce2b4c40eade7bc7fcf21e8c8d969fa,held,pass,H67;H64;H3,,day,range_or_status,institutional_or_compound
FGDC-3595,592e1959590080ce60c422613a0b8564f2f27f7e2d2f12df141bc6bda8f7408a,held,pass,H67;H64;H3,,day,range_or_status,institutional_or_compound
FGDC-3596,66d268cd793d1fcac1f9388b92d182502437ec09471fdb4d15731fec262e86d7,held,pass,H67;H64;H1,,day,range_or_status,institutional_or_compound
FGDC-3597,c74e90c08f6662d509ce235e4ddc7844dda1b9a2b87f2a0bd898ad1f9c7ae7cd,held,pass,H67;H68,,day,range_or_status,institutional_or_compound
FGDC-3598,6b45afe66717e80bd88ea8042fc088578955bd6bde22ff27b4604e0bbace2b3e,held,pass,H67;H64;H1,,day,range_or_status,institutional_or_compound
FGDC-3599,e68427690dad4285c3cdf893e0cee5b254a9064c4a00331c23e7875d4881c267,held,pass,H67;H68,,day,range_or_status,institutional_or_compound
FGDC-36,9920bd223bdf1a81a13f3c26af78809f9d78516ef646ceb4670153fa713409de,held,pass,H67;H64;H1,,day,range_or_status,institutional_or_compound
FGDC-360,7309ad4d359d1437741bf300bd06e782e19b78d6a78e7541ca235273175ca1b5,held,pass,H67;H64;H3,,day,range_or_status,personal_or_unknown
FGDC-3600,e6bc7f2cac8751e369ce68622631cbab97f9c887988fef2336194d615c113aa0,held,pass,H67;H68,,day,range_or_status,institutional_or_compound
FGDC-3601,b5fd2d0966c5a53e66b10597c4fcaa2e05e66bcc32bc3f19fc4119b3cf3f0556,held,pass,H67;H68,,day,range_or_status,institutional_or_compound
FGDC-3602,4038b56ae8edba53a6efa22c6b8dabb6e487893bb26a51cd35693b4e1aa523a2,held,pass,H67;H64;H1,,day,range_or_status,institutional_or_compound
FGDC-3603,43b2d8da3c8717cc38a670a153ea90b089417db71ba13ff1ea3d2dac215da97f,held,pass,H67;H64;H1,,day,range_or_status,institutional_or_compound
FGDC-3604,ab540f3aebfb687b9ecd5f8093568126080962cf9b6ccb5945c2517e055e237f,held,pass,H67;H64;H1,,day,range_or_status,institutional_or_compound
FGDC-3605,f73a2f215c6f4822f6e70ee1f4eec6b891f94fbbd733df764f18a6db15f39620,held,pass,H67;H64;H1,,day,range_or_status,institutional_or_compound
FGDC-3606,3d2f4ae18f2a27bd0e7138902b69b910b17485cb7b6b39c8dd524a133645c818,held,pass,H67;H64;H1,,day,range_or_status,institutional_or_compound
FGDC-3607,578fd3e4098f418b2616eca611fa5b46abaa116bbe3b856bf5fc19a83bd05414,held,pass,H67;H64;H1,,day,range_or_status,institutional_or_compound
FGDC-3608,959625cc6c72a8b29328e98b5b405fc58c63c2e5d4bd34a69d16a0707b3a3d1c,held,pass,H67;H64;H1,,day,range_or_status,institutional_or_compound
FGDC-3609,f12f7cbf4bd3d753f6ce04bb1f1784033082e87032e96400a8315796e3f90dc3,held,pass,H67;H64;H1,,day,range_or_status,institutional_or_compound
FGDC-361,f9b99ffdc24bde3af4d370f2281e3564697b1342bedd7d6187807bb3e12c7d91,held,pass,H67;H3,,day,range_or_status,institutional_or_compound
FGDC-3610,99485af0f9d7fafb51d343141837a819fce191c4340f3122f4f9f5d9f94a7a1d,held,pass,H67;H68,,day,range_or_status,institutional_or_compound
FGDC-3611,6b9122024c986b4928250d7d5452214840269ccfeeae099b263a034795f31ece,held,pass,H67;H68,,day,range_or_status,institutional_or_compound
FGDC-3612,75a1f1ca201f50c45495da78109ef97ed05b02868ffff540f30a3fed51ae7c15,held,pass,H67;H68,,day,range_or_status,institutional_or_compound
FGDC-3613,7dca6d70efa65420b5f95578558c6cf1157b222249cb46c35b3f351a2d783b5f,held,pass,H67;H68,,day,range_or_status,institutional_or_compound
FGDC-3614,9096b2f331f74f96cb314dbaff7650546a6044a29b6b9cd3ec5711baad8548d2,held,pass,H67;H68,,day,range_or_status,institutional_or_compound
FGDC-3615,2486951eed317bf8d75a93180d3b0a6b65a6bf5373ce483f1d237d6cdccd1289,held,pass,H67;H68,,day,range_or_status,institutional_or_compound
FGDC-3616,aae8dac0c9630f7f84b127b20f8f9ef3eb2a00045af8ce32fc6284f3933dec67,held,pass,H67;H68,,day,range_or_status,institutional_or_compound
FGDC-3617,5ec0746425c8d5a4f63c2b416699936f2d697c0e8e154341794461269d244298,held,pass,H67;H68,,day,range_or_status,institutional_or_compound
FGDC-3618,6c70e4b6dea9dd0f5406a3642a2e99a61a1f77ef066565ed87a90948bf1a1cf5,held,pass,H67;H68,,day,other,institutional_or_compound
FGDC-3619,7523be17719b93b435a784ea32c7cc3b411b28cd8a422dbb8f25e058033fe5dc,held,held,H67;H64;H12;H42,,day,range_or_status,institutional_or_compound
FGDC-362,062c4d5c436407dcb7e57fc2a976d0dcac40191ea3690f61fe106ee5e1668b24,held,pass,H67;H64;H1,,day,range_or_status,institutional_or_compound
FGDC-3620,4c5d9c58ff197f7386670d3a8c56bb5706a505e7a1880c51554bbfbe870d78e1,held,pass,H67;H68,,day,range_or_status,institutional_or_compound
FGDC-3621,264390bf9f58065e6eff9653ae60ecda4bb457ac2987c2b2786e4e3a6a5c3e97,held,pass,H67;H68,,day,range_or_status,institutional_or_compound
FGDC-3622,bab6639ac202a74ba4c9ace03b79bcb17ba09e386d79b238fcfbcb2da6a62cfe,held,pass,H67;H68,,day,range_or_status,institutional_or_compound
FGDC-3623,ff98e41fde588b9188add43a0a5a0b6eda7f2b64b0f8ad59cd2524dde94aa029,held,pass,H67;H68,,day,range_or_status,institutional_or_compound
FGDC-3624,19f1626577f1adf7dc02b217a13a6e3bbfa1247fecdafa2f13d0d80198b46676,held,pass,H67;H68,,day,range_or_status,institutional_or_compound
FGDC-3625,7c81a33f183c7e2dcd3377ad401770851730f4b981298c8460dc81f056220bb3,held,pass,H67;H68,,day,range_or_status,institutional_or_compound
FGDC-3626,6e7900135ac06ac9f718d8b96b78d4cf39c98ce4f2b4534910efbb644a516528,held,pass,H67;H68,,day,range_or_status,institutional_or_compound
FGDC-3627,5f29781c900af8654be46e474f3e55115cd3713f94cbb234cab04148171a88c3,held,pass,H67;H68,,day,range_or_status,institutional_or_compound
FGDC-3628,4e35820b12deecbdec78601e54510123c37e15b0036c93932891166c0d65c49c,held,pass,H67;H68,,day,range_or_status,institutional_or_compound
FGDC-3629,ae3a93cf0eae4a02ad6c657e626eb66d704ef1e38903ff301853c4135acad87f,held,pass,H67;H68,,day,range_or_status,institutional_or_compound
FGDC-363,b308a9b07ba6e59cf6767dc5967a51279e14a0a10567f6f0b0f3408cebddde2b,held,pass,H67;H64;H1,,day,range_or_status,institutional_or_compound
FGDC-3630,402feaf0b5d0fb4593119be7d878c61d4ac7da9fc211cc67f1138b4fbfc18e65,held,held,H67;H64;H14;H44,,day,range_or_status,institutional_or_compound
FGDC-3631,3c690019046e26845505226fece1913752818bc941092c8daee567dbb817501b,held,pass,H67;H68,,day,range_or_status,institutional_or_compound
FGDC-3632,aad8a6f468d9a04af8b4d8359fe4665dbdbb54ba2ca8a0f4fd2eeb5728dc7c83,held,pass,H67;H68,,day,range_or_status,institutional_or_compound
FGDC-3633,919e0401ec7181891749609d65fc23dc496d411e3f71dcaff74e598d2a9e7a9c,held,pass,H67;H68,,day,range_or_status,institutional_or_compound
FGDC-3634,ce75025d85c7ea5d3c6417035accd00d40d26739b85ec24ee7e4165ae3f7058a,held,pass,H67;H68,,day,range_or_status,institutional_or_compound
FGDC-3635,d06612da641e39c9bb44c8ead9a4021326dbc8ab7b3a292a4a2c6fe55a78192a,held,pass,H67;H64;H1,,day,range_or_status,institutional_or_compound
FGDC-3636,cb4b988d57654e2c678c11ac4e53a2c014f2488deee40b9bb0a5155cc6913fe7,held,pass,H67;H64;H1,,day,range_or_status,institutional_or_compound
FGDC-3637,374768db57212e06345a000ca5c78b7cafdfbaef048464f08a20d8084fd7b738,held,pass,H67;H64;H1,,day,range_or_status,institutional_or_compound
FGDC-3638,4b232bd67f18924248ad3438cb375a497f3a737a11f65bd7392901f7c8dcbd46,held,pass,H67;H64;H1,,day,range_or_status,institutional_or_compound
FGDC-3639,f738c7ec2d465d7f495cb6689ab1601c9cdc6d6a54cccee3a89dd97a013c659f,held,pass,H67;H64;H1,,day,range_or_status,institutional_or_compound
FGDC-364,3bea4dab8c16d410b699df671a70d2350061b075ff2dc722112b0650b994eb71,held,pass,H67;H64;H1,,day,range_or_status,institutional_or_compound
FGDC-3640,01229d65ce7824cd7b155d83b59c9323ca35a87fe4fce3b3d8ea8c0cdd1886cc,held,pass,H67;H64;H1,,day,range_or_status,institutional_or_compound
FGDC-3641,eeeb67756946caa6db659834a909a65968c6246f5e4904decf676f405caa2a15,held,pass,H67;H64;H1,,day,range_or_status,institutional_or_compound
FGDC-3642,9dc5c9818f9cb253cebd16b132bd03ce88ef003f321b9c84a79fd1ee35df8218,held,pass,H67;H64;H1,,day,range_or_status,institutional_or_compound
FGDC-3643,86ec4c68a85cbede0a78a367ef7676bf374424cd6aa12254cae7f63b25519fa7,held,pass,H67;H64;H1,,day,range_or_status,institutional_or_compound
FGDC-3644,fd8dc38bc9321fb5be5dec40c7312f80f63b845018fde7a031157aa485c19a1f,held,pass,H67;H64;H1,,day,range_or_status,institutional_or_compound
FGDC-3645,19f71d7298556b74e65ebb123e41bacd61d9686e18a94057101ddd1e0e3ba749,held,pass,H67;H64;H1,,day,range_or_status,institutional_or_compound
FGDC-3646,a3e077baa1b042daea1987031b35c5c8125321c411117bfbadaf6b23f3776bc4,held,pass,H67;H64;H1,,day,range_or_status,institutional_or_compound
FGDC-3647,e3d7522f23432324be24781f6304ca48e9bd781c4084c115780ebead17f28446,held,pass,H67;H64;H1,,day,range_or_status,institutional_or_compound
FGDC-3648,fe1fc1033ca63cc49a5c66d27b444938911acc10d7eb14f1f7278f2e9e82438f,held,pass,H67;H64;H1,,day,range_or_status,institutional_or_compound
FGDC-3649,7ef5ba7dbd1c4a40283c8a4f359d557bcb9c45b51504bfd624779c394710e091,held,pass,H67;H64;H1,,day,range_or_status,institutional_or_compound
FGDC-365,f67c317b4cca84199051a66a3be609ff55ddf441624146b9113b56f1814fc48b,held,pass,H67;H64;H1,,day,range_or_status,institutional_or_compound
FGDC-3650,c2522170f955921fd0be5b6dd4d68b2bc412da7f5b8902453fa3c46823950ae0,held,pass,H67;H64;H1,,day,range_or_status,institutional_or_compound
FGDC-3651,7a0c633d660556e5caf80b1d322deee7aff5f0256617574755a2c66dcf4f0a7f,held,pass,H67;H64;H1,,day,range_or_status,institutional_or_compound
FGDC-3652,76103230cc283046efc840820112eadd452305702337794ba1eac38e394d8dec,held,pass,H67;H64;H1,,day,range_or_status,institutional_or_compound
FGDC-3653,1f3ccc2998276e147a778cb33259fbae19dc8e3264de02f5ee5aa0b8be49fb4b,held,pass,H67;H64;H1,,day,range_or_status,institutional_or_compound
FGDC-3654,62df7fe6bf54e3f5fe542854324e0d566716874d5ee687ed1e5e02b0462b53cd,held,pass,H67;H64;H1,,day,range_or_status,institutional_or_compound
FGDC-3655,29b80961b335f7ef32e7943d7b64ecdd96149a4dfd6271230529c1cbba851497,held,pass,H67;H64;H1,,day,range_or_status,institutional_or_compound
FGDC-3656,10d678792f8ba79f60c1cb552b69f3534b4aae0dfb1f98f169634bd30514a76a,held,pass,H67;H64;H1,,day,range_or_status,institutional_or_compound
FGDC-3657,7cd999b3de2495c62d69609f3218fb857d1b08bd422431b757180ef5a3bd7236,held,pass,H67;H64;H1,,day,range_or_status,institutional_or_compound
FGDC-3658,58f9f00e61525cb64fe179e5a2b62175cf01cfe87de2326c753fbe241b30a630,held,pass,H67;H64;H1,,day,range_or_status,institutional_or_compound
FGDC-3659,fccc4cb5605b6a4c971cd6c9300689c12b08494b78fb14ca7b17fae580b89980,held,pass,H67;H64;H1,,day,range_or_status,institutional_or_compound
FGDC-366,6ba7161d0a5ed2d136f76a20d7786f4b8d2abbcf9e94ca4b06fa889a6b49362f,held,pass,H67;H64;H1,,day,range_or_status,institutional_or_compound
FGDC-3660,aa177643c8494dc13bcef7a5a591fda77d8e2a399fb9c6b030b60a794be5c0af,held,pass,H67;H64;H1,,day,range_or_status,institutional_or_compound
FGDC-3661,863baefb5fbefc2e4a24be9696b6a3105e1e4e0402d46b41d902c4d1fd58ba73,held,pass,H67;H64;H1,,day,range_or_status,institutional_or_compound
FGDC-3662,a73486c8b5f7ee5e2824a6cccf64dadbede43ee29507f2f9992229d983ccaeab,held,pass,H67;H64;H1,,day,range_or_status,institutional_or_compound
FGDC-3663,f329dcf9ca1394faad38abdbd8b5eed69a5eaf8ee6404a5e9d8ba8c680c30d67,held,pass,H67;H64;H1,,day,range_or_status,institutional_or_compound
FGDC-3664,50b300cd1d0dada2f3514a2960aef0cf066d627d48cc33d4d54459a17105b288,held,pass,H67;H64;H1,,day,range_or_status,institutional_or_compound
FGDC-3665,ce225f55a86c3c0067cd12cecdd2a9f748a581a9d86cbb5e51b6ace45af21442,held,pass,H67;H64;H1,,day,range_or_status,institutional_or_compound
FGDC-3666,a76c86ed52eecce78d5dfbf1506bf66acecb552a71120d1da4a8bce09c9e5f1a,held,pass,H67;H64;H1,,day,range_or_status,institutional_or_compound
FGDC-3667,c9208c2eae2f13e22bc7955cf47f4925c78b46b30c7a29e03a1a4b0c8da1bd7b,held,pass,H67;H64;H1,,day,range_or_status,institutional_or_compound
FGDC-3668,118abe802c46884b7906c7a19b5b3d16775d3f0504cb3d9b30f9abb335750585,held,pass,H67;H64;H1,,day,range_or_status,institutional_or_compound
FGDC-3669,3f5bbca2086eb7a55d3b1c59222a0648627c4db5dab11243dbeae8d6de96b358,held,pass,H67;H64;H1,,day,range_or_status,institutional_or_compound
FGDC-367,bb26cab7c02d89b5e1cd4898843808bab39d3ade5ebdd3ae5d195d88f1bba642,held,pass,H67;H68,,day,range_or_status,institutional_or_compound
FGDC-3670,e95c3e03792f5b60af788774a3513ab887d66db8ac58de1aa5161040d2e297ce,held,pass,H67;H64;H1,,day,range_or_status,institutional_or_compound
FGDC-3671,9abd5bdb5d6625d04df5cec891527844fdad99a38028985d79da0a7a4bd26c95,held,pass,H67;H64;H1,,day,range_or_status,institutional_or_compound
FGDC-3672,42ee1a0da04ec27838f60826719747ca8f052ca38c5d2353286956b1c4cffa6f,held,pass,H67;H64;H1,,day,range_or_status,institutional_or_compound
FGDC-3673,784a66f04301cf6bb4f60fa56088ccbf06d4a379d3aba61c1fe20d8cea422b83,held,pass,H67;H64;H1,,day,range_or_status,institutional_or_compound
FGDC-3674,631f418a63b50fb0e96ade6b7dc273a791e70b3ba269dc63bde994e35297f375,held,pass,H67;H64;H1,,day,range_or_status,institutional_or_compound
FGDC-3675,687a851a9c9cde2f2618f87ea965708185e4f4ee9de26ebdb8c1e1513c3849bf,held,pass,H67;H64;H1,,day,range_or_status,institutional_or_compound
FGDC-3676,8c0d1d0fc0df0458fe58cab6a7d1777f81201aa63fb33cd2ab4a8b3d34b27acb,held,pass,H67;H64;H1,,day,range_or_status,institutional_or_compound
FGDC-3677,cd82658735267f6c7e4bd1ffaec4fcc4d15151be049ab9e351505cba2c61f90c,held,pass,H67;H64;H1,,day,range_or_status,institutional_or_compound
FGDC-3678,00a446c4db4c8f16d21a48f897de3058d5bd88aaa6c37d3b73782a5ae284e1ae,held,pass,H67;H64;H1,,day,range_or_status,institutional_or_compound
FGDC-3679,809498004a8c385e4c72a583205699789c9d14b8264ef0020d939089f263846d,held,pass,H67;H64;H1,,day,range_or_status,institutional_or_compound
FGDC-368,f5b7ceb7f48083c024a6a703bcd3dbd4fc35e040a2115a4b413197b5a2264cf0,held,pass,H67;H64;H1,,day,range_or_status,institutional_or_compound
FGDC-3680,fdd1e0cab9b12a788d65eeb1d590424a13320996b7a56aac90b0592ea41b6522,held,pass,H67;H3,,day,other,institutional_or_compound
FGDC-3681,ab98292dce1dc81c38d0d6b0562bd7bfc924d931ef3381529c35a2e8df8b5afa,held,pass,H67;H3,,day,range_or_status,institutional_or_compound
FGDC-3682,1400516e035cdb9c68cc0b5590ebdae4429ab3945497d50170fb8e3b823e06c1,held,pass,H67;H64;H1,,day,missing,institutional_or_compound
FGDC-3683,63ee9cc74618ccca30fcddb633bfeccaaf65809e6e1bd065f65998a934cdde20,held,held,H67;H64;H2;H34,,day,missing,personal_or_unknown
FGDC-3684,13c074fd61362db1d5427c5527aea18818aab2d82d23516845c495e08a184b5b,held,pass,H67;H64;H1,,day,range_or_status,institutional_or_compound
FGDC-3685,d76c9149e7e13fd508d8653e2d6c72956a4b7097509415c51b48cad0b78251f5,held,pass,H67;H64;H1,,day,range_or_status,institutional_or_compound
FGDC-3686,4aa8c1037c4dc5fdf7969889902f6400f0dbcff55d927ec5c0f22978ebc77f01,held,pass,H67;H68,,day,range_or_status,institutional_or_compound
FGDC-3687,462968f7691bf90142067b857792e2b2644e5eaf0b64ed735c2bc9fcf16adf7b,held,pass,H67;H64;H1,,day,range_or_status,institutional_or_compound
FGDC-3688,b13f16d4fdfd7581d5d854877462ba0686eed29cec5ee8517c7e10b0aaab5da4,held,pass,H67;H64;H1,,day,range_or_status,institutional_or_compound
FGDC-3689,93882226cf0173b16afc2a3621677554a3db8f96f32fdcf2a8a340cf09300cb2,held,pass,H67;H64;H1,,day,range_or_status,institutional_or_compound
FGDC-369,8869c5cc5a9fd1680154cf55486b95a1275022ec7ac0ebf30f110783a016dea4,held,pass,H67;H64;H1,,day,range_or_status,institutional_or_compound
FGDC-3690,f6e0a019c0489f5af99876d5b3602d8fd7a41b9b4917d2161c83df5419523c94,held,pass,H67;H64;H1,,day,range_or_status,institutional_or_compound
FGDC-3691,ee1011c5c1ce571014b02891677f447a3aac0af31961bfc0dd6f7347fce741bf,held,pass,H67;H64;H1,,day,range_or_status,institutional_or_compound
FGDC-3692,743c7fadd79f201a69a5cc02216dd26ab7ceb8055ebadea691e6e9755a896cc8,held,pass,H67;H64;H1,,day,range_or_status,institutional_or_compound
FGDC-3693,c1b9d01acef4560da780b28498888a9f2c8c871b671320f9b6b0df1fe9dd4f00,held,pass,H67;H64;H1,,day,range_or_status,institutional_or_compound
FGDC-3694,ddd1bf0b8e9c062e6d4aee0253bb5ed915f19ec18390d9b66877bbf28ef58fb8,held,pass,H67;H64;H1,,day,range_or_status,institutional_or_compound
FGDC-3695,496b0aea77450d3c8baecc8d9b659e394e4af3308c2850d5b212dbe87740bf2a,held,pass,H67;H64;H1,,day,range_or_status,institutional_or_compound
FGDC-3696,45f7406575ebaeac5fb8a1fdb2446e3e7093e5b918fc90b3d757bbb0b851709b,held,pass,H67;H64;H1,,day,range_or_status,institutional_or_compound
FGDC-3697,c11347eacfab9a62497500f5f9685f9eb505d491d538277d8810b26ea4c06523,held,pass,H67;H64;H1,,day,range_or_status,institutional_or_compound
FGDC-3698,a14758e5c99c24451a8f2a7b741075d30986b0c9ca4c8e0c2d85952b66500ca8,held,pass,H67;H64;H1,,day,range_or_status,institutional_or_compound
FGDC-3699,20badd71ff85c5a279f10f8eeeec9a8b6e0d659a7feac1ad8b38be158c62536c,held,pass,H67;H64;H1,,day,range_or_status,institutional_or_compound
FGDC-37,0182c2e14fb0dd506c0c4279f29d816d87fd9db9d916359cab3288e561905b0d,held,pass,H67;H64;H1,,day,other,institutional_or_compound
FGDC-370,307eddf2854ea053f9546a92c78ba4d387224738c30287520501dc4def953021,held,pass,H67;H64;H1,,day,range_or_status,institutional_or_compound
FGDC-3700,64dc87877e676df5568efa45342644d7a963663b3cba008a8c70fb8b958c38e8,held,pass,H67;H64;H1,,day,range_or_status,institutional_or_compound
FGDC-3701,54cc1bc0ff295ae769aa2fcb4be1f7ef0ee9fec87ffd96d0ff395321af114d6a,held,pass,H67;H64;H1,,day,range_or_status,institutional_or_compound
FGDC-3702,45df4036278f1c98664c83693113ad4c574466660184ebc1885279cdd5045ccd,held,pass,H67;H64;H1,,day,range_or_status,institutional_or_compound
FGDC-3703,3b8c7129ac94e6330631c06b5ad73917a0541e9832f77eca716f4dc29ec96d61,held,pass,H67;H64;H1,,day,range_or_status,institutional_or_compound
FGDC-3704,5c2f8e3fd7913a169625994fa84830a1c511ae108d81258de3e2e8477d5673dd,held,pass,H67;H64;H1,,day,range_or_status,institutional_or_compound
FGDC-3705,423bc5477c74958998aa3a3d7d827148ce13ec8e28e3783f2e19f27a1c07c56d,held,pass,H67;H64;H1,,day,range_or_status,institutional_or_compound
FGDC-3706,8cfbebdd8cd37c74b36b98a1442603b5cafd9c1d8182384fcafcf6d64de2a662,held,pass,H67;H64;H1,,day,range_or_status,institutional_or_compound
FGDC-3707,6aefdc48d37d561854fc3413171076dc8818d0f4458f1d371ecd8bd779815734,held,pass,H67;H64;H1,,day,range_or_status,institutional_or_compound
FGDC-3708,afa83cdfbe1fbcb5fdf8956b6380b074b1af9a2542acdee5a8707fdd4074e7e8,held,pass,H67;H64;H1,,day,range_or_status,institutional_or_compound
FGDC-3709,96f6a08d10597e4c0372449b81a9e3ae19d84f5b34fceb2aafd2eccd88ba523a,held,pass,H67;H64;H1,,day,range_or_status,institutional_or_compound
FGDC-371,7663479e72024ea50cba9581074c99a7b8eafbd1ead079d968247edd1a8debf5,held,pass,H67;H64;H1,,day,range_or_status,institutional_or_compound
FGDC-3710,0095d6cfbb73b594dd98ae0c38b29aa3fa0e01dc19ff2d128af4fde6ee06287d,held,pass,H67;H64;H1,,day,range_or_status,institutional_or_compound
FGDC-3711,cef3f2280bb28663a77ffa37ed763899413a2e7174f35b99d0d650268c88d3b9,held,pass,H67;H64;H1,,day,range_or_status,institutional_or_compound
FGDC-3712,a499ba73bd6c557f479930bf0e3d46c0d4bb9a4bd3937c3c5fa69af9e8493d97,held,pass,H67;H64;H1,,day,range_or_status,institutional_or_compound
FGDC-3713,05256ff27c53450fc123316f57ffb8756d051baff988c61e776429d82db4850e,held,pass,H67;H64;H1,,day,range_or_status,institutional_or_compound
FGDC-3714,60b6abbb8d074ddecd4dc1cd14318ab7f9b70c50bf0b11049daa184dc73202c5,held,pass,H67;H64;H1,,day,range_or_status,institutional_or_compound
FGDC-3715,a31013bc8a793caa54f42c83c6458a27ce923812189e5585b2b49981ffa39809,held,pass,H67;H64;H1,,day,range_or_status,institutional_or_compound
FGDC-3716,4f97f5bc09ccb210f43f4f1c3365a9c21b61c892ece66a4c59f65a10683f3160,held,pass,H67;H64;H1,,day,range_or_status,institutional_or_compound
FGDC-3717,c74283a3b12fa20218c8efad0cfe3fa2389bc09ac847fceaaf2e24ca758c9a07,held,pass,H67;H64;H1,,day,range_or_status,institutional_or_compound
FGDC-3718,f79463c14d51372003ed77e36e4d85ad253a234228cbc783c38b917115ff8e80,held,pass,H67;H64;H1,,day,range_or_status,institutional_or_compound
FGDC-3719,d3206222602c4324aa3cb3f32e8eabc960d939b80059b2eda7fad26a22dee259,held,pass,H67;H64;H1,,day,range_or_status,institutional_or_compound
FGDC-372,36138b72c8fa6e5dc4331f1a124fa5596892de53d6b331ced35302bc432a11ef,held,pass,H67;H64;H1,,day,range_or_status,institutional_or_compound
FGDC-3720,4ad22d81a4831ddc6a8972e131fbca2f3b8a145d1aa9912b5967e5b2ba060482,held,pass,H67;H64;H1,,day,range_or_status,institutional_or_compound
FGDC-3721,d8ec0dde89f8416e00409f483fed14da21711be391e2b03a49f3e9be6cf923a5,held,pass,H67;H64;H1,,day,range_or_status,institutional_or_compound
FGDC-3722,6e1acf0480a20195f2120c412d2e3f632194534b74c986bb5c1a553160d76852,held,pass,H67;H64;H1,,day,range_or_status,institutional_or_compound
FGDC-3723,75db2dfd0bead7b2ffb2a9286db720d82e9eac1e4448a0ec131230054c2b711c,held,pass,H67;H64;H1,,day,range_or_status,institutional_or_compound
FGDC-3724,d927f25e1fd55ca331bdf03dc0f3b0993921cc2ff9bd19b6cb141e9600b10b23,held,pass,H67;H64;H1,,day,range_or_status,institutional_or_compound
FGDC-3725,3cd6d4cffbfa443988c16d024d54046efe4b1847713260b1ba6eccac0f643ff9,held,pass,H67;H64;H1,,day,range_or_status,institutional_or_compound
FGDC-3726,86c72ec546a3df800e6280005ae2e9adb95b4926e2562fa119b8f4221343123f,held,pass,H67;H64;H1,,day,range_or_status,institutional_or_compound
FGDC-3727,d3f35e661066180e6b45475be05989bfd9becf2f0a95c0d2c353bafc015857d1,held,pass,H67;H64;H1,,day,range_or_status,institutional_or_compound
FGDC-3728,c2130685edfe486a9ef4debb4d67d2cf8bad4db1f9b0ed49a82cc03a11f11241,held,pass,H67;H64;H1,,day,range_or_status,institutional_or_compound
FGDC-3729,3fc5196d759e808e9b1f631b52e493dac53e168719625d030dcd6bd48d0fcae1,held,pass,H67;H68,,day,other,institutional_or_compound
FGDC-373,ba6b8f03b3099296fbaa7db86f8c3daf95604e368155c3b354d585585e967244,held,pass,H67;H64;H1,,day,range_or_status,institutional_or_compound
FGDC-3730,1510f2e316a831417bc215677f79df436579783c6a078a549b05c0fb307f90fc,held,pass,H67;H64;H1,,day,range_or_status,institutional_or_compound
FGDC-3731,0c63a55bc5a6dedfbab4653586e2161621b0105eaa763785126dac16923edea2,held,pass,H67;H64;H1,,day,range_or_status,institutional_or_compound
FGDC-3732,330e28fbae605a0e059bd96399f7b52dd1cf125283c2aa5ce6fba5676f3a13b9,held,pass,H67;H64;H1,,day,range_or_status,institutional_or_compound
FGDC-3733,a5e759458459f85e3c2999b26eaf403b531d7bb0b029075abf6077a319813eed,held,pass,H67;H64;H1,,day,range_or_status,institutional_or_compound
FGDC-3734,201f3c9a6c412c8ae02e15b44b29d3daef24ad0c4afc4b7ce8847eb8779a90d9,held,pass,H67;H64;H1,,day,range_or_status,institutional_or_compound
FGDC-3735,80301ecdd0aeb5a21d758469b7fd240ef17ff454eb1c0dac0bbb273679f43fa4,held,pass,H67;H64;H1,,day,range_or_status,institutional_or_compound
FGDC-3736,2eb61097024800564b4f34d457970587ec6c7f4488921bd0b8c784a6780703df,held,pass,H67;H68,,day,range_or_status,institutional_or_compound
FGDC-3737,a13257771ab5eb9daaab949ac9bfc35ed550de4b65428228f17f6bedf74aca75,held,pass,H67;H68,,day,range_or_status,institutional_or_compound
FGDC-3738,a03ddd23b823042897d1eb44fc73f3793c0c26ce6d09ccafb80b2cce1af52c9a,held,pass,H67;H68,,day,range_or_status,institutional_or_compound
FGDC-3739,4f64728b2d1b3e178ed9a1315f4c14d9785e0bd7231d75e6349b6d66566e21e1,held,pass,H67;H68,,day,range_or_status,institutional_or_compound
FGDC-374,b29bc654c7d31c664486dbeede90e36ab579b75b9337a145072f68ee9bf5dfdb,held,pass,H67;H64;H1,,day,range_or_status,institutional_or_compound
FGDC-3740,05db845b3f2203e08c7e61140f837ff3e31694f5e3037fdfd570b63a583fa605,held,pass,H67;H68,,day,range_or_status,institutional_or_compound
FGDC-3741,1bc7ba715064bdc9c3f7975f030eed34afc8eb02eab5c205c36743faaf78a4b5,held,held,H67;H64;H23;H53,,day,range_or_status,institutional_or_compound
FGDC-3742,014ec336ebaf615c17032f5f015d668b6ba5d9c524a1640ac2eb0dae955e08b0,held,pass,H67;H68,,day,range_or_status,institutional_or_compound
FGDC-3743,6aa904978e8ae2fe33ee22604e0f686c3260cc84fcd70f65e7fff806ea79902e,held,pass,H67;H68,,day,range_or_status,institutional_or_compound
FGDC-3744,13fbde7a10ae6f2ac212cc07991c4e4162d7c58854668f55611e90e7cbecc383,held,pass,H67;H68,,day,range_or_status,institutional_or_compound
FGDC-3745,42ff9d02c4a1d53fb147558552d524dcf9fb3277fafc87a361a246b6a8bdb3cb,held,pass,H67;H68,,day,range_or_status,institutional_or_compound
FGDC-3746,3915cb1abe39a02d114521c15f4318a67793d0462f20dce281c5c44c04e0e12a,held,pass,H67;H68,,day,range_or_status,institutional_or_compound
FGDC-3747,c613ee10ed15f11ed6ec828317a8918e0615b01fd24d3302e3c729250feefc09,held,pass,H67;H68,,day,range_or_status,institutional_or_compound
FGDC-3748,f76e83c6b08cc736402e5757a6ed99168eb1be1e139b8cc639a37e2a3f7b450b,held,pass,H67;H68,,day,range_or_status,institutional_or_compound
FGDC-3749,5486ad07929cacfd9157054514a5c4d34f9754a3e06b4d46f0964d68af699aa6,held,pass,H67;H3,,day,range_or_status,institutional_or_compound
FGDC-375,f123ac82c52696fba0d17e8d440e58910368ee911717d3f313b7f07c68157c77,held,pass,H67;H64;H1,,day,range_or_status,institutional_or_compound
FGDC-3750,a4f9887e028d75b8eb78214f0bcd3765b86b7dce7dc6ee9d9214e4b5999c29e8,held,pass,H67;H68,,day,range_or_status,institutional_or_compound
FGDC-3751,04a68cd85adde8c3eed4d24b61e520426546e2a6cdc8ffbcdfb908a3dcef16c2,held,pass,H67;H68,,day,range_or_status,institutional_or_compound
FGDC-3752,93c54043222fadfd0f3a1d52872f53f1429590539da183a95a7759d3155ec899,held,held,H67;H64;H25;H55,,day,range_or_status,institutional_or_compound
FGDC-3753,9bb30eaf92eb4b9de85fdaa88b95efb7ce05f8e7901d67888edd9a83eba732f5,held,pass,H67;H68,,day,range_or_status,institutional_or_compound
FGDC-3754,420f676e3916f9daf369b7bd8b4c8349c7bd4187450c3a41b8ee63e04cb22da9,held,pass,H67;H68,,day,range_or_status,institutional_or_compound
FGDC-3755,9a7de104fb23503ce487c3903bc2dc4be2b268299f77efd4f49587a2f4b711c9,held,pass,H67;H68,,day,range_or_status,institutional_or_compound
FGDC-3756,e1c126315de6592e45b1b1684ef4cf244c732dfe38ec18e9d1450df5488877a3,held,pass,H67;H68,,day,range_or_status,institutional_or_compound
FGDC-3757,fa9f3e31106b4ca36ff8574c68004fcd63e5a87832d63e7f2c3720e1989bee44,held,pass,H67;H68,,day,range_or_status,institutional_or_compound
FGDC-3758,c62ea1e419e4ebbcb0a5de9927349a62c3ceea0bd6a8533d48e9fc69acccf7e5,held,pass,H67;H68,,day,range_or_status,institutional_or_compound
FGDC-3759,e9892caea4529ec73aa901f2bc0638f4ab130ea85d9dd432d6f0e737e4d31f97,held,pass,H67;H68,,day,range_or_status,institutional_or_compound
FGDC-376,2d00df49f667889920cb83bd773d2d70f35365065f4372e0a95705e954540369,held,pass,H67;H64;H1,,day,range_or_status,institutional_or_compound
FGDC-3760,a24cb8051d71bfb4825d7235103ebb1d531d6b589c773551da49a67e402d7d27,held,pass,H67;H68,,day,range_or_status,institutional_or_compound
FGDC-3761,8130d754223e005da2b06d3e487921825314868a4073e68c89e026a0dc90cdc2,held,pass,H67;H68,,day,range_or_status,institutional_or_compound
FGDC-3762,15c984bec0d2108e1de04eb1a0e492b0ce19c37da4e07e38ed887d80df05a8ad,held,pass,H67;H68,,day,range_or_status,institutional_or_compound
FGDC-3763,fa4985711b8d6d6c6bd3ba9440c436f33daf63dbf5b043dba94d4338dd3df41c,held,held,H67;H64;H13;H43,,day,range_or_status,institutional_or_compound
FGDC-3764,2ac80ab4b8fb2c0a92ee6257e1a86683702c2b0d4b0358ba11c73c6ef0047fbb,held,pass,H67;H68,,day,range_or_status,institutional_or_compound
FGDC-3765,9d2963fc2867decb2b45f9cdc1dc6c980773b4556b3f1a2d5ba1df944b37ee0a,held,pass,H67;H68,,day,range_or_status,institutional_or_compound
FGDC-3766,066eaf7e302daeae1d6e99843dbb782c55315bb7501208291076ea897a911da9,held,pass,H67;H68,,day,range_or_status,institutional_or_compound
FGDC-3767,9f1ee70955518825678f7807b7705e8a75a3db06f2b229dba52c01799d813c4c,held,pass,H67;H68,,day,range_or_status,institutional_or_compound
FGDC-3768,74a6d3981f4e28a5522f602724204fb2a87446dad408928a5ca01596583587fe,held,pass,H67;H68,,day,range_or_status,institutional_or_compound
FGDC-3769,a287bc453c43f85ccd1edbc8e7fb75fa9b8e2894b63b891a95a6f492cbac4912,held,pass,H67;H68,,day,range_or_status,institutional_or_compound
FGDC-377,aac86f70bb28e2cf770ddb501c1638076f2adef664cc2c3dc14cd7d0f93e43a6,held,pass,H67;H64;H1,,day,other,institutional_or_compound
FGDC-3770,26847025201a5751d1b77a464053d38171c52374cf8170820ae53a91ce8c8e03,held,pass,H67;H68,,day,range_or_status,institutional_or_compound
FGDC-3771,7ebf852bcc432b427f6deb1d62174b9ea0e907fe92d31ef690fa05109936f846,held,pass,H67;H68,,day,range_or_status,institutional_or_compound
FGDC-3772,663fed7434af69b929d136e5188da06e917baa2375da5d0b93dfa83b17ceff38,held,pass,H67;H68,,day,range_or_status,institutional_or_compound
FGDC-3773,c127b6ba1cf9e42bf4013e06b6783245e1540cb8001d779bb3a09f67ed7bb661,held,held,H67;H64;H14;H44,,day,range_or_status,institutional_or_compound
FGDC-3774,35a8bad163ff1986fffdb9a9f96068b56176fe5b0b6deaa50a71dfef970bdb7e,held,pass,H67;H3,,day,range_or_status,personal_or_unknown
FGDC-3775,36308f7fbfebcfbb3ed4e029d9f405d3eb9a65d5b49ed99ba8fe17fff2cdee53,held,pass,H67;H68,,day,other,institutional_or_compound
FGDC-3776,e26a53b155a74cf237d94446d4128266ad45ac2428f383972a9879874e0c80f3,held,pass,H67;H3,,day,range_or_status,personal_or_unknown
FGDC-3777,3e109fc08f19adb6f2cb827fc77013e2999e8eb5732fab7a36b462dc86a45fca,held,pass,H67;H3,,day,range_or_status,personal_or_unknown
FGDC-3778,ec456839805e9c520f05c23e788665efb50e42d984f758fa640d63dbda6ea04d,held,pass,H67;H3,,day,range_or_status,personal_or_unknown
FGDC-3779,4798775f044874b80bc82573b3a8e19fde5d6dabbe502e3576e5dc4012232516,held,pass,H67;H3,,day,range_or_status,personal_or_unknown
FGDC-378,87dfb1dc1e5630d76b1be1dccf48ddd365d84ce794cdd6c4cc9c17e15439cbf3,held,pass,H67;H64;H3,,day,range_or_status,personal_or_unknown
FGDC-3780,5548c3625edbeff267b286526199075dfabb2467405d42bf054da909d6a5685b,held,pass,H67;H68,,day,range_or_status,institutional_or_compound
FGDC-3781,5e50c3739db8067ae877ed6ac1a083b0b148c4886aa0e5c58061fca4330c7c89,held,pass,H67;H3,,day,range_or_status,personal_or_unknown
FGDC-3782,fdf0d9eb4dc654efd74468ac998289d465432f057a564c9016d813ee5685bc3c,held,pass,H67;H3,,day,range_or_status,personal_or_unknown
FGDC-3783,c805a1cc50f0bdc8d043351ea31616c88823ae4b95250b14d469810cc4a47521,held,held,H67;H64;H10;H40,,day,range_or_status,institutional_or_compound
FGDC-3784,9ea4525d76c8f4173b230caafa87d25124aa8f1f514595dc4e13b986903ed316,held,pass,H67;H3,,day,range_or_status,personal_or_unknown
FGDC-3785,a754ff446b8789c03e70227624187fe0657ff4409344155e6761f65dd6de0107,held,pass,H67;H68,,day,range_or_status,institutional_or_compound
FGDC-3786,b6b89196b97d22066fb3325b19f78811c7b00c1c13b2efebd6c3ddcaa72b9329,held,pass,H67;H68,,day,range_or_status,institutional_or_compound
FGDC-3787,8507ced06d301864a5f2910048278c75ec5101ed501cc4203d67832a6b3d7380,held,pass,H67;H68,,day,range_or_status,personal_or_unknown
FGDC-3788,1b28fc323d531db21c2b2e8d071451ba18a459231abea49942b8f0263fead7a9,held,pass,H67;H3,,day,range_or_status,institutional_or_compound
FGDC-3789,0400063e073bd04d3b75fc03e916dc84c478389c871ebcb153e686a7f3d1f88a,held,pass,H67;H68,,day,range_or_status,institutional_or_compound
FGDC-379,01f88fb44adb7b4c1438b817164a37a38fc9e072078b8f8b91fa5b7e315e9ec0,held,pass,H67;H64;H1,,day,range_or_status,institutional_or_compound
FGDC-3790,53db87d54a124ad3707a1ab78dd95620ea60e2de1faadde3f48cb54ee521725c,held,pass,H67;H3,,day,range_or_status,personal_or_unknown
FGDC-3791,a095dcdad0f7dad5fd91b8c1fd6c8c882c87cb4f31be3402d4e5e80c67604c3b,held,pass,H67;H3,,day,range_or_status,personal_or_unknown
FGDC-3792,2cbc8d8e29793c03c2cc86f3012c04ce4e9585aa54da48666df332bd198c12df,held,pass,H67;H64;H1,,day,range_or_status,institutional_or_compound
FGDC-3793,dd2c4faf965c1d12699a3cc26667102437191ecbb05a12586931144fbe4e2c82,held,pass,H67;H68,,day,missing,institutional_or_compound
FGDC-3794,2708f0ca3f0f1fa17c0d50be2de3b014f01c38fb0b52b8666e7fd3925d75dbf8,held,pass,H67;H68,,day,missing,institutional_or_compound
FGDC-3795,5f826e9ab251a456f736f60c5d869c4550c4553c64d6c5c47c542032a62c7d92,held,pass,H67;H68,,day,missing,institutional_or_compound
FGDC-3796,6b4bbcffd4fb2a6d72eb86fc62849ab990baa25c2396199f675cffd5f776012e,held,pass,H67;H68,,day,missing,institutional_or_compound
FGDC-3797,ae0a6db211c6de14aa4c260ba5a6d6fd79fa246d10d19c9eb855016dab28ed54,held,pass,H67;H68,,day,other,institutional_or_compound
FGDC-3798,1ac418a14130e06ea3f44733a1d527181c7cdc2c170cc070ac183a85845c6c10,held,pass,H67;H68,,day,range_or_status,institutional_or_compound
FGDC-3799,ee71882f4b157362cfb9cc0ba94787ebcd3b1dfe9fd1448f6465fdeec74affec,held,pass,H67;H68,,day,range_or_status,institutional_or_compound
FGDC-38,bc8caa28f2673715943b6e44d0af235295befe6399a206c24745bd27040a8443,held,pass,H67;H64;H1,,day,other,institutional_or_compound
FGDC-380,65ad9c258f6dd7bc16200ee45dee5b526844357d3df80d212153caa344946436,held,pass,H67;H64;H1,,day,range_or_status,institutional_or_compound
FGDC-3800,b0af820ec0e14f1f9445da37c6603bebf296b4d32074c022236853e6cf2a82f0,held,pass,H67;H3,,day,range_or_status,institutional_or_compound
FGDC-3801,4e795acce4abf490391149138a095b1d47efee229ea5579553f8995d419ec70e,held,pass,H67;H64;H1,,day,range_or_status,institutional_or_compound
FGDC-3802,1a01b769b672f7855502468e648e786b62d12e7395e9d24c7464553f057da81b,held,pass,H67;H3,,day,range_or_status,institutional_or_compound
FGDC-3803,cce2ff4a43452d9aa89b8974a23f89cdc873e97a29c936d584c47881eb97edf8,held,pass,H67;H3,,day,range_or_status,institutional_or_compound
FGDC-3804,2bbc9994c0077609ed641967a587b3ed528d148a19c2d41a6e93c0989636009e,held,pass,H67;H3,,day,range_or_status,institutional_or_compound
FGDC-3805,068c62fb6fa417a599fa632684ede39add21477aa6e1189dfbecd95c264e48ce,held,pass,H67;H3,,day,range_or_status,institutional_or_compound
FGDC-3806,5ceb34b0b602c5d78e0670a2a76188bcc9f09e7830e38ac52f9dbc6e4e070420,held,pass,H67;H3,,day,range_or_status,institutional_or_compound
FGDC-3807,cd2789f73195e9862038633023cb0791e97560dadc566a814b9243c6774025af,held,pass,H67;H3,,day,range_or_status,institutional_or_compound
FGDC-3808,b7d9378858acd8c08963883f84b874a5f09c91257b3529fda617d9d29196f1e9,held,pass,H67;H3,,day,range_or_status,institutional_or_compound
FGDC-3809,b99a7281230b6ce6820c317d7d185bb141de08779441553ebd3b886000883ae9,held,pass,H67;H3,,day,other,institutional_or_compound
FGDC-381,e8be8a04b6f51f3290de167fe2b6da842f4f26cd71dd74928f8decb275b3f0ae,held,pass,H67;H68,,day,other,institutional_or_compound
FGDC-3810,fbfcf833722ac07ce7ade03181704cd15c0fd509d791e687cf7f1415de92535e,held,pass,H67;H3,,day,range_or_status,institutional_or_compound
FGDC-3811,a30d6f87a9c380d90108fe76fe93e979a4ab1600c5b530c8a13257db86bdae24,held,pass,H67;H64;H1,,day,range_or_status,institutional_or_compound
FGDC-3812,97f5b0495c811f0c52acdc6bb4e63aa7f67e3701e0c2f5980734853a40a4c640,held,pass,H67;H3,,day,range_or_status,institutional_or_compound
FGDC-3813,5c155ea6fae3f2c1057901fbf3cc214d2adcf8be0323dc3a17ebec7340b3abe4,held,pass,H67;H3,,day,other,institutional_or_compound
FGDC-3814,7493be1b6bf775bae511c064e89bc4f44214eaede645b93d79f242784b168563,held,pass,H67;H3,,day,other,institutional_or_compound
FGDC-3815,6c99b13dedbc6cb76fabf034530941a87d203f64d9d9a821037f125e7ef6855f,held,pass,H67;H3,,day,other,institutional_or_compound
FGDC-3816,14314df938e499ea5c9b9a9a9258adacd6152929817b5b589714f65aa1a60b97,held,pass,H67;H3,,day,other,institutional_or_compound
FGDC-3817,1528a5ebe8da9ac8036ebb378355405fcf27c3af3ed81d7eee8a5153ae9d178d,held,pass,H67;H3,,day,other,institutional_or_compound
FGDC-3818,451496a58acaad0e3d105a39301cd7e5296fc700d5c11cc18f063891c6086b41,held,pass,H67;H3,,day,other,institutional_or_compound
FGDC-3819,0d678b7d025cbadade56773fa0218b8c026e0f0d9063396df25f77a6729534a6,held,pass,H67;H68,,day,other,institutional_or_compound
FGDC-382,3c5ea74a4ffaa7c86253938cfd90a5100da89563e51a7effb5b084a15387aceb,held,pass,H67;H68,,day,other,institutional_or_compound
FGDC-3820,13d0ae865e153c52218646edabb73bfbb4fe0f6229f0d92b354041c08de0b1be,held,pass,H67;H68,,day,range_or_status,institutional_or_compound
FGDC-3821,d2ee5e0efeded0d894b235c5a93f0a2af428a34eb0cfa576c5e75f1c0c305211,held,held,H67;H64;H6;H36,,day,range_or_status,institutional_or_compound
FGDC-3822,e5cb1bb1f6e22ef3b7235ee00d94aa7da4308dbe455847d8ed487956928092ea,held,pass,H67;H3,,day,other,institutional_or_compound
FGDC-3823,d64aefac87b03116fb3abc025d923ad2d108c1383027a549a97741497cd68a67,held,pass,H67;H3,,day,range_or_status,institutional_or_compound
FGDC-3824,73d752743f67c7f7b9eb6e1fcc598f2407434cb3f9fe2730640596b871630a3a,held,pass,H67;H3,,day,range_or_status,institutional_or_compound
FGDC-3825,ddfff9043c774a5ba52d868ccab92465171408944feea74270d208f5243db6af,held,pass,H67;H3,,day,range_or_status,institutional_or_compound
FGDC-3826,b84e4285f5ada17444892415a8284493687426828138b91e09d6287dec32aa36,held,pass,H67;H3,,day,range_or_status,institutional_or_compound
FGDC-3827,3deb0a207c694434d9920ce63e22c5c3c5bf8e12297ca264dab9fbf79c353ac9,held,pass,H67;H3,,day,range_or_status,institutional_or_compound
FGDC-3828,a8e424556354cf882db5176bea2acdcd0f14401b2041f44b281c95123e44ab5d,held,pass,H67;H3,,day,other,institutional_or_compound
FGDC-3829,ffb24bf1366343dd66db40b9e6ff41ec19cf5916dfe1f96e84e0304fb79f9bf1,held,pass,H67;H3,,day,other,institutional_or_compound
FGDC-383,94b8e89672db1e7f7f7e5ad8d116312e4ad48d34f3a5b2dea993ffbbc2496788,held,pass,H67;H68,,day,other,institutional_or_compound
FGDC-3830,e9f10a5d66a96c166f2ccb9843cda6a0e0b0bd97643e89913831af3d99dbe4fd,held,pass,H67;H3,,day,range_or_status,institutional_or_compound
FGDC-3831,ea0e8f8d8d962481eafdf738b3cff4211323b8fa18b739f9c3f0e5ab0bf8c0cc,held,pass,H67;H3,,day,other,institutional_or_compound
FGDC-3832,87f70ed0761da3b3a30840cac05375ad15caf26fbc5b6b19dadc294d70e522ae,held,pass,H67;H64;H1,,day,range_or_status,institutional_or_compound
FGDC-3833,2940c717dcb3445f3babf17aa3dca4b5b4d413b253bdb3597bf062a0e9b17e0e,held,pass,H67;H3,,day,other,institutional_or_compound
FGDC-3834,47eebbb08b80a7056bab57a9920259a5b4b0b40cdff3b16f97d481341062a794,held,pass,H67;H3,,day,other,institutional_or_compound
FGDC-3835,5c5873c8ff9c4fd209b31add6906fbe21c1ba57a5dc272d9dc9dfee735841a86,held,pass,H67;H3,,day,other,institutional_or_compound
FGDC-3836,fca4f7f2bdf44357f9d2577ec76f2a1483e4730fda32f9640ad4ff322ddb01c0,held,pass,H67;H3,,day,other,institutional_or_compound
FGDC-3837,2fa542eb89e650b700cc1e7108a0558f3fa64125c1cde13b63c500d6db48dcba,held,pass,H67;H3,,day,other,institutional_or_compound
FGDC-3838,e88c82da4efbbefec81eaee8eec821ae4250dfdd43674d7fbfdaa6f00a32557c,held,pass,H67;H3,,day,other,institutional_or_compound
FGDC-3839,c50a1eaaa5e6f0843b61e833908b9674a6333e415a75c3ac2fdc005807fa270c,held,pass,H67;H68,,day,other,institutional_or_compound
FGDC-384,7958fcd57a19a1112e0df6001c4cb2f0bc2325e6a45b47894e89a3ae2723e676,held,pass,H67;H68,,day,other,institutional_or_compound
FGDC-3840,66b2ee45d9509e4905225a25b813fe0177a6cf258c68a505fe3e5b2183dd147c,held,pass,H67;H68,,day,range_or_status,institutional_or_compound
FGDC-3841,0e54d3dbd62ff57f18031dcdc9a8ed6c6376e9af002e94582ff634d6c57e64e5,held,pass,H67;H68,,day,range_or_status,institutional_or_compound
FGDC-3842,cbc269bd0594a65a5745c13b457fa15810aa2f2fc48aa167a01fac889d3b40f1,held,pass,H67;H68,,day,range_or_status,institutional_or_compound
FGDC-3843,93e9a36cc6d635c6a16853b0212e994bb005add8bbd8d59ef3b0f7a37ed6b528,held,held,H67;H64;H18;H48,,day,range_or_status,institutional_or_compound
FGDC-3844,2a23c2e8fa1cb90fbd0a06d188e4a725c5ce31d9336a97b077a1cb8a8a7c583a,held,pass,H67;H68,,day,range_or_status,institutional_or_compound
FGDC-3845,c2ff4e397dcadd06000093cf2cc97ad3221cead3b4b915e6e530ee2eafd0662e,held,pass,H67;H68,,day,range_or_status,institutional_or_compound
FGDC-3846,4578ece4d88da789b8535e92d313007f11024e8453327ba7a157765244fb26f4,held,pass,H67;H68,,day,range_or_status,institutional_or_compound
FGDC-3847,4a4fe54d6dc9f1d58eacb2167ebf79749e170fef8d8852d28e8849fcf1d4952a,held,pass,H67;H68,,day,range_or_status,institutional_or_compound
FGDC-3848,11a0c457889b91b6aaabbbb7b2dc54cf53e938ada21abd81483c70a5db164584,held,pass,H67;H68,,day,range_or_status,institutional_or_compound
FGDC-3849,f5137526caf419f5829824cf3c08780050aa3681521b1135263f964a481adb5d,held,pass,H67;H68,,day,range_or_status,institutional_or_compound
FGDC-385,478e1258f5fb8f14c5dbc4bcd2c0f887a0c37e71c0d4213b85a9a63655ee466b,held,pass,H67;H68,,day,other,institutional_or_compound
FGDC-3850,6771185d20e855846fcde50a2e4c3455706882d560e9d25883adaf2ec2c0411b,held,not_constructed,H67;H66;H65,,unsupported,other,institutional_or_compound
FGDC-3851,c84125a527d9746840b85c1abc78c580e49648c0cbe54a93a69fb544663d672e,held,pass,H67;H3,,day,range_or_status,institutional_or_compound
FGDC-3852,bf5383ee8720993048ee3cad5a09bce29854fc9bd4c73457e93a87e44a0f8724,held,pass,H67;H3,,day,other,institutional_or_compound
FGDC-3853,5125d386c49448822287a6c178b21242d23b18f8b7bce8b7f5414bab1c36ee7f,held,pass,H67;H64;H1,,day,range_or_status,institutional_or_compound
FGDC-3854,7fc1acd11f576189e95bba8d5188ef10e0704c7e20061668d50123811be9690f,held,pass,H67;H68,,day,other,institutional_or_compound
FGDC-3855,ea7b1ad5dd5622929b26dbe2bae72ebe2d41037617460d92b48f4db205fdd60e,held,pass,H67;H68,,day,other,institutional_or_compound
FGDC-3856,694e3f17e5b394758a9ae17355ac4e8e8e23b9b0c1de4cebb9b0b31128bc2d56,held,pass,H67;H68,,day,other,institutional_or_compound
FGDC-3857,bcced532886e46ad2ff3d1407db2abbb672790f8d29f768111f7debd96f8c673,held,pass,H67;H68,,day,other,institutional_or_compound
FGDC-3858,9b1f3ab77295e744e2533a41efbe82fd4d5df17ea6dacc99d640e2254fa2b110,held,pass,H67;H68,,day,other,institutional_or_compound
FGDC-3859,76f0042514b923439b056489cc190ff59927b8a6f0dc6bf5d3dd136e012f3855,held,pass,H67;H68,,day,other,institutional_or_compound
FGDC-386,1d389683fa455f6c5c8ea3ca418d875ac69920e711c1a498a6ef7614cc151068,held,pass,H67;H68,,day,other,institutional_or_compound
FGDC-3860,24073a3c7ca697a0e9f31b44b2a264b5aeeba8a198e9155ea4b4538a92bbd848,held,pass,H67;H68,,day,other,institutional_or_compound
FGDC-3861,02f138289695844d4b0f1f32a143f07689d72fd9df4ffdd5a1d974ce26da96bf,held,pass,H67;H68,,day,other,institutional_or_compound
FGDC-3862,04c735d22511fe017b191a0d625eae6bb28bd2bb0441ced15c03439887a6612d,held,pass,H67;H68,,day,other,institutional_or_compound
FGDC-3863,4cb42b9b1354df4a73a47d0ffbfce606ce0e7c34428cb68c7b9a18169b7bf2ba,held,pass,H67;H68,,day,other,institutional_or_compound
FGDC-3864,049a6ceeb3de596aaa996e22562906769a1194b8997534524930b87e461039b4,held,pass,H67;H64;H1,,day,range_or_status,institutional_or_compound
FGDC-3865,78076c5cc60add3508e91be8645c1bda3bcdb8e1d3bd955c43f7366fcafb03f3,held,pass,H67;H68,,day,other,institutional_or_compound
FGDC-3866,bae10ff0ef5ff83c17540593b098c189ceec0f3f49b980fe9fab558edfaa1e33,held,pass,H67;H68,,day,other,institutional_or_compound
FGDC-3867,bd6e4181e2295940603e15e61a8cef1a3c72bc5557cd710395b7e9b1ad82fd43,held,pass,H67;H68,,day,other,institutional_or_compound
FGDC-3868,2699af352f6c28b5254dc5b29c4490c1bbdab6a7a3b7a2ef8da45546368e5561,held,pass,H67;H68,,day,other,institutional_or_compound
FGDC-3869,05bae1aecff8f2d62ffdac343ee5de78585941533be0a28f9e427663afda8e9e,held,pass,H67;H68,,day,other,institutional_or_compound
FGDC-387,e61ad1d600a008dc36edde096de537e243c6de012e9e1e821bf19f1df335ef52,held,pass,H67;H68,,day,other,institutional_or_compound
FGDC-3870,5d0069fdea4c4b2b0537778297e6b87f71dcc1c1deff895d394de766d44d5073,held,pass,H67;H68,,day,range_or_status,institutional_or_compound
FGDC-3871,25dfcff0415361997a257180d06c3be4820385e54ef25ca1bd4f35928249996e,held,pass,H67;H64;H1,,day,range_or_status,institutional_or_compound
FGDC-3872,32264bb410fc6123dc5630eacec4d12014f4ae86911a509973105b64b9431e7f,held,pass,H67;H3,,day,range_or_status,institutional_or_compound
FGDC-3873,a69efb77584a9d7f7a57f027061db3fc7cab02e99af265682b83e10fa49464bb,held,pass,H67;H3,,day,range_or_status,personal_or_unknown
FGDC-3874,f53caee4e436ffbcaa6be365d79df92b407feac4baafbd3d015d42ad6ff1ed67,held,pass,H67;H64;H1,,day,range_or_status,institutional_or_compound
FGDC-3875,b084e6ee758c5be23b6fd9133939e8df75d56ae2698af41b3fef9c4afc5b8071,held,pass,H67;H64;H3,,day,range_or_status,personal_or_unknown
FGDC-3876,5c93151f1ac3d59b4b17a6e46d6f456a513ef898ab849b5bc8cb91f628452708,held,pass,H67;H64;H3,,day,range_or_status,personal_or_unknown
FGDC-3877,c8be55010a4d1d74e3d41ee0a305d3c2c9ca349f36b31c2375c5c2b28b1aa1ab,held,pass,H67;H64;H3,,day,range_or_status,personal_or_unknown
FGDC-3878,42a37534d4c5f91db74e0991b671257c348a3c81058bce3bc37b471bf3e44dd2,held,pass,H67;H64;H3,,day,range_or_status,personal_or_unknown
FGDC-3879,e2ce74c07e73f5eae67b0370626d38723d4fead4c11ae7ed7a9d2a66d8d1ec48,held,pass,H67;H64;H3,,day,range_or_status,personal_or_unknown
FGDC-388,fcbf1d0df104388619825e437b4540f4328cb482416d504a61e61816ab9ef6f5,held,pass,H67;H68,,day,other,institutional_or_compound
FGDC-3880,e22519686dfed66b2a888566e7cfb71b92113a65d1d77748c463de725b5d0a86,held,pass,H67;H68,,day,range_or_status,institutional_or_compound
FGDC-3881,a747f74e5190a914f18360904183f7dd42bdfd7310f82b67b02c354393da8483,held,pass,H67;H3,,day,range_or_status,institutional_or_compound
FGDC-3882,e5fc213238e7233c4c5b5cc97976bb6a13b6ccfc34a4efed2b548984cb856db0,held,pass,H67;H68,,day,range_or_status,institutional_or_compound
FGDC-3883,5d0f5ef77ed0bb994811d4466fcdd34062373ac549d4b7215c788a07b1d27978,held,pass,H67;H64;H1,,day,range_or_status,institutional_or_compound
FGDC-3884,a896ef250baf9672d8f0194cff48ea27dd4619957abb3a7786b74fc2bfc3b827,held,pass,H67;H64;H1,,day,range_or_status,institutional_or_compound
FGDC-3885,dfee1abce460e2908ea893a4d58ac4d06de404700a6a8cbe54c42db0570178a0,held,pass,H67;H64;H1,,day,range_or_status,institutional_or_compound
FGDC-3886,e526e66f2f7feac669d4faf839f26a9e97d0e52f876a97e333b3e481c32b532d,held,pass,H67;H64;H3,,day,missing,personal_or_unknown
FGDC-3887,1c577d89953a83e3b715bbc742a0120458c318089b3a231fec88ebce3dfa3047,held,pass,H67;H64;H1,,day,missing,institutional_or_compound
FGDC-3888,8c41686ff581acdabff5fbc019df2aac25f42881b3289e24560fcce3e03aade9,held,pass,H67;H64;H1,,day,missing,institutional_or_compound
FGDC-3889,2027e6777ad82bdcd228e94c333dd8395c4eb128257b920406832726e0dfcdb2,held,pass,H67;H64;H1,,day,missing,institutional_or_compound
FGDC-389,3caa07cc65373c2076dbd9fb202cbe52a95ff06f38ffff97e39df0905f2c71af,held,pass,H67;H68,,day,other,institutional_or_compound
FGDC-3890,558162c7913b904f3e023c0e29bade2aa75856284c09e545220601b914287d8f,held,pass,H67;H64;H1,,day,missing,institutional_or_compound
FGDC-3891,f55e7f33abd7121b2b72c7be119e176f068233b9251055a7623abb027145b3a6,held,pass,H67;H64;H1,,day,missing,institutional_or_compound
FGDC-3892,3e680913060f51a0123d36b4d2ae74dfa0d81772bbf5cc07a37d04ae996b41f2,held,pass,H67;H64;H1,,day,missing,institutional_or_compound
FGDC-3893,631a50010dbbd8fef1c5ea93b1b378441f86ee598d4ba4f673fc00eb049de5a1,held,pass,H67;H64;H1,,day,missing,institutional_or_compound
FGDC-3894,7890eea7ad66980f97c4669519f16c87336ac4c175623f35a22f3b2b7d44feb0,held,pass,H67;H64;H1,,day,range_or_status,institutional_or_compound
FGDC-3895,9f4db136f5c12f575e144fee20ddb6838e89c49d941f509b742e5be8156e8af1,held,pass,H67;H64;H1,,day,missing,institutional_or_compound
FGDC-3896,6b175ae50f8196a9828aeb849b010a14bed529358320b0c91d8ff00e996a3f9c,held,pass,H67;H64;H3,,day,missing,personal_or_unknown
FGDC-3897,a48d8499cdabe2557fa8f6cf44492f8c06f1e63a4f663e2f91bbad9d34c63bad,held,pass,H67;H64;H3,,day,missing,personal_or_unknown
FGDC-3898,046b4d22793836dfb830792bd0ad74b8b149a78ba42a38b8036cc4130c15f334,held,pass,H67;H64;H3,,day,missing,personal_or_unknown
FGDC-3899,67db2a1c892a87c2bd1c9347fd2a6656486eead3b88d9d917a8b3d7425fe4e27,held,pass,H67;H64;H3,,day,missing,personal_or_unknown
FGDC-39,96d5eb597d4ff8eaac318bcfc12729f3a7439edf234e3278ed8a1376aaf0e460,held,pass,H67;H64;H1,,day,other,institutional_or_compound
FGDC-390,3d4801052800d8972775fc05705362dd9f08c425c96f527591f968916d62a5c7,held,pass,H67;H68,,day,other,institutional_or_compound
FGDC-3900,1eb1351b66e9b9723b0e86c1f9b9cf7cc78fee42d266349230fb4eb89c6c2b26,held,pass,H67;H64;H3,,day,missing,personal_or_unknown
FGDC-3901,eed06d892171ff9caba5e7ead786ab22762f00755f21a2abe7179d0bd44becfb,held,pass,H67;H64;H3,,day,missing,personal_or_unknown
FGDC-3902,edda15d245332eff09c0388ce8e0aa4d0a0cb3ed4f04d019eb41fd6055c1782e,held,pass,H67;H64;H3,,day,missing,personal_or_unknown
FGDC-3903,518700eb7184dd36c516a15a38f274aad433633b44e0e1c99a2e04c4c8111a62,held,pass,H67;H64;H3,,day,missing,personal_or_unknown
FGDC-3904,c2dd63eef9df754617c6d8791f618efc9ccff98baaf5190138aa53cc2a60571e,held,pass,H67;H64;H3,,day,missing,personal_or_unknown
FGDC-3905,84f983d158eda8465eb6e990683c77bbf1246ea54855b116d9513cd86790af59,held,pass,H67;H64;H1,,day,range_or_status,institutional_or_compound
FGDC-3906,c66949bad8d1e4ff807dfd655cd1dd53bf291ec4636927af62f2d93dd1a3f3e8,held,pass,H67;H64;H3,,day,missing,personal_or_unknown
FGDC-3907,e5a7b676f9968447d25d8a99c12f764ae2a6983e238a25653e5847edf3112153,held,pass,H67;H64;H3,,day,missing,personal_or_unknown
FGDC-3908,2e01b662b743c5a268594be8a8cebbb7d88b822302863df04eb2537f334217dd,held,pass,H67;H64;H3,,day,missing,personal_or_unknown
FGDC-3909,9dd8b6fe74416ef342f4a793281960fb418c539e00e1f7dfbc04be5edd4086ab,held,pass,H67;H64;H3,,day,missing,personal_or_unknown
FGDC-391,3ee25fb1d1219548ca8561106796a1799155ff271025f1aefc3e94dc9f89b9d6,held,pass,H67;H64;H1,,day,range_or_status,institutional_or_compound
FGDC-3910,18766555d3b1f6befbf11f03a3c52c149783d257835b8c5ef50606350d6efb48,held,pass,H67;H64;H3,,day,missing,personal_or_unknown
FGDC-3911,ce24bccf9b1ea5b5e0b85bdf1599636e0074fd95acbf61622e827cd674156161,held,pass,H67;H64;H1,,day,missing,institutional_or_compound
FGDC-3912,951d008d5c7a3f71d4f72acdba1df544b942033b065c15e49e86813f0ef8b050,held,pass,H67;H64;H1,,day,missing,institutional_or_compound
FGDC-3913,48ecb819d023b52f551ce55d9002dfdff6c981cdada7a957be9e72a1c88fd034,held,pass,H67;H64;H1,,day,missing,institutional_or_compound
FGDC-3914,1a6f1ab73b9eb05afffc1697fc2fb08c98103fdd17c598987e9b3d634f30aa8f,held,pass,H67;H64;H1,,day,missing,institutional_or_compound
FGDC-3915,5551c9f3e5e72932d2a4ff100335179e74cd0524f1f0fb0030f77d3c55c0e1d8,held,pass,H67;H64;H1,,day,range_or_status,institutional_or_compound
FGDC-3916,eac6ef8519d172189175e15273edcde3368e9dcf8cd66780a53a2cdcc240bb5f,held,pass,H67;H64;H1,,day,range_or_status,institutional_or_compound
FGDC-3917,e8454a000b4464886456229dcf16294d964205794834d1c1b64ba1ccfe7eea31,held,pass,H67;H64;H1,,day,range_or_status,institutional_or_compound
FGDC-3918,e71128efe27a703a888623386f9718f387bc117f0a5b67192a5ba4ab6ab80a23,held,pass,H67;H64;H1,,day,range_or_status,institutional_or_compound
FGDC-3919,1d9f38fb6c83c2388b16075329009ec1c94ecc9ea46dfb64331f0d2313113c13,held,held,H67;H64;H2;H34,,day,range_or_status,personal_or_unknown
FGDC-392,9341ae49ac13ed6cbef0287d9603ba1ee49ab61ada90a21d129b62d484a98143,held,pass,H67;H68,,day,other,institutional_or_compound
FGDC-3920,025ac052acf7f239a996c8321d2a52f24687a28d03c66f7e462f9f8fac0bbda1,held,held,H67;H64;H2;H34,,day,range_or_status,personal_or_unknown
FGDC-3921,03d58f7b85ddeab1ab33afe1c543f17ad63916c59f4d8d5703cb7bbcc22f8566,held,pass,H67;H64;H1,,day,range_or_status,institutional_or_compound
FGDC-3922,db229d5844c8c8f9d44ddca71e9b2b631d781d7c9d01f53c65f21f7d5881c690,held,pass,H67;H64;H1,,day,range_or_status,institutional_or_compound
FGDC-3923,bc6a29df625206414f7467b3cd1e194c97aebab5c9c97149cad1b4e382bfcb0e,held,pass,H67;H64;H1,,day,missing,institutional_or_compound
FGDC-3924,75e7c6eb24e3d0879c4f4f60c9b1f85fe27b00118133fe422f91142a21728df0,held,pass,H67;H64;H1,,day,missing,institutional_or_compound
FGDC-3925,ff5260dc29d34e516028f0cc08b69da0cd14f6fc48db33dd39bf3d1c059ec8da,held,pass,H67;H64;H1,,day,missing,institutional_or_compound
FGDC-3926,a4c9b18b12dee1c6391d14025d9d04de63f6f335f379c5c02ba89310b8967508,held,pass,H67;H64;H3,,day,missing,personal_or_unknown
FGDC-3927,37f0be4be5d9c9f41c12a810004a4ac3f8df39e87b0bca2bc6ddcd8b6219881d,held,pass,H67;H64;H1,,day,range_or_status,institutional_or_compound
FGDC-3928,818a8ec3b2e39b724abe3b8bfb835bde0cdb55415fb73951b5aa74933f69cd63,held,pass,H67;H64;H3,,day,missing,personal_or_unknown
FGDC-3929,11e1dbbe7e23ec78bba97aed194eeee817c7329721e5ccdafd5e464fee9716a4,held,pass,H67;H64;H1,,day,missing,institutional_or_compound
FGDC-393,afb0c28713e97b950879286888a21b6e9b44be9bf2c5083103d1aba655f070da,held,pass,H67;H68,,day,other,institutional_or_compound
FGDC-3930,43bd26f0aa0c58944b6be0814beec01b521b0d27569cee78cd0ed6f2e466a571,held,pass,H67;H64;H1,,day,missing,institutional_or_compound
FGDC-3931,17b4b9faa647c2f7a668116bde3a019425b4d341276d7d70555311a7657f405e,held,pass,H67;H64;H1,,day,missing,institutional_or_compound
FGDC-3932,98ac3aab6f1ce971f0751ee80746eb26a3001d93d704fa4c536d61539413ae98,held,pass,H67;H64;H1,,day,missing,institutional_or_compound
FGDC-3933,25eccccd136e0fc6f63b567eb88e6db90a4075aef659f75f5b9efcbb259e4ed6,held,pass,H67;H64;H1,,day,missing,institutional_or_compound
FGDC-3934,3becbc8de9ab330e03b20c6c3c538149b9e2652dd253776d82227323a7087feb,held,pass,H67;H64;H1,,day,missing,institutional_or_compound
FGDC-3935,d92a2da46d7d964e80254eb8909cecd946aa460812a6574f6dca1d2f6abbaab1,held,pass,H67;H64;H1,,day,missing,institutional_or_compound
FGDC-3936,b4bb400818e9201f3e7c0e0f8dc40492df2f797a2cd163885f0773da60222bff,held,pass,H67;H64;H1,,day,missing,institutional_or_compound
FGDC-3937,ae3234e66f571d2c545b08714944ca93413476ecf694caed5cf1e57f740c9514,held,pass,H67;H64;H1,,day,missing,institutional_or_compound
FGDC-3938,504d3eada9e02dda5f9f65cc3f22ef94c48b6492d97b9cd7a6060c3dbad1557e,held,pass,H67;H68,,day,range_or_status,institutional_or_compound
FGDC-3939,aaac0462f0565c6a3625c169af63652ff7719708db4c84c892c569e2118f2d39,held,pass,H67;H64;H1,,day,range_or_status,institutional_or_compound
FGDC-394,c8b612b3bd9f6d2e4b065985f9178a3aa5fbb2f53032129f18b22546ff7d5f08,held,pass,H67;H68,,day,other,institutional_or_compound
FGDC-3940,19303523b35068d57f36cb76cceba19944151595c2c1bb9c737a9dd398214979,held,pass,H67;H64;H1,,day,missing,institutional_or_compound
FGDC-3941,35c00d1422f02eca13bbb105e8690ad710f06bd0164d4992dd94b10b0c7e61c9,held,pass,H67;H64;H1,,day,missing,institutional_or_compound
FGDC-3942,4554f8cb879390c4b9c24a420576a02a1a2f05f57d5e225db513882d3eebfb66,held,pass,H67;H64;H1,,day,missing,institutional_or_compound
FGDC-3943,00ae8c3856100f3155b1495b77136db99209cf64c78873d426cea6425501b704,held,pass,H67;H64;H1,,day,missing,institutional_or_compound
FGDC-3944,9fe306569efa3b5f5fd6c015069cacc7d4beaf126a9e2bca6dba6ab6cddcf9bc,held,pass,H67;H64;H1,,day,missing,institutional_or_compound
FGDC-3945,8eaba1721e21b2e73dd1266c2c3e0fd7baecc36f3935fc9506e313a476d6ceb0,held,pass,H67;H64;H1,,day,range_or_status,institutional_or_compound
FGDC-3946,11c5ef8562de74c9419125b15acf33e895e0cff412d77544cb1fcfca2a72e566,held,pass,H67;H64;H1,,day,missing,institutional_or_compound
FGDC-3947,bb2758989c2352e41aece3629383270738f1832eb4b905266cae32c471a48fc1,held,pass,H67;H64;H1,,day,missing,institutional_or_compound
FGDC-3948,3f5881e0996946d237b07709ed250aa3cc0f78acfdd263ad1fe3e03b757f5e9d,held,pass,H67;H64;H1,,day,missing,institutional_or_compound
FGDC-3949,9636f0f9ff1e125a43d849369512f26b4bf9d9329f7996d1dc8b8b34ccd08a7f,held,pass,H67;H64;H1,,day,missing,institutional_or_compound
FGDC-395,364ca67ae8331a72efb5237f503624d02b55b5e37fb7cd1620203243368babbd,held,pass,H67;H68,,day,other,institutional_or_compound
FGDC-3950,0e0af3f70170afe1ef61023d9b96af343aaaf394f7b581c100ca9db1d7254132,held,pass,H67;H64;H1,,day,range_or_status,institutional_or_compound
FGDC-3951,e7a32206e486a6d2524921888e19074ce8e328e1ca5101e2e14e80bf72988ee5,held,held,H67;H64;H2;H34,,day,missing,personal_or_unknown
FGDC-3952,0d36dc527b4ad8448205c07faf65125fa7a251174b4c27239dbe29a48243ce6c,held,held,H67;H64;H2;H34,,day,missing,personal_or_unknown
FGDC-3953,3a6d35878b8f35f0db0c709fea2b37b77e13a5663097affe07642eaa989bb2ac,held,held,H67;H64;H2;H34,,day,missing,personal_or_unknown
FGDC-3954,ba542626eadbdef783ea2734c2d24a8d8fbd7214560685b167c3325aa2e7138a,held,held,H67;H64;H2;H34,,day,missing,personal_or_unknown
FGDC-3955,2e9c0e530e2933d7ba8e4e209ec69f84a122499ae628c2b0d57a75c821749a50,held,pass,H67;H64;H1,,day,range_or_status,institutional_or_compound
FGDC-3956,26275a9ad96548bb074b3b4459a316ddbafc0c9c4de874e5f279cc4909f12dce,held,held,H67;H64;H2;H34,,day,missing,personal_or_unknown
FGDC-3957,24a9c5a5fc0bed2781141c6735343667edcae1b99b01bbebee3f459778622d33,held,held,H67;H64;H2;H34,,day,missing,personal_or_unknown
FGDC-3958,9e697615eb1182216bdc9e6f9329788c5303b7fd7d624fdfc13728be3fdcba2e,held,held,H67;H64;H2;H34,,day,missing,personal_or_unknown
FGDC-3959,fb3e519d9a3f601c060f76837fff7bf6021eb145600e3e60f2cece70532ab08d,held,held,H67;H64;H2;H34,,day,missing,personal_or_unknown
FGDC-396,2fe056cd63bd75576c1e49bee28c9dbb199904ed2fb8e263af4d185606609dda,held,pass,H67;H68,,day,other,institutional_or_compound
FGDC-3960,3d2dcfabb9d7152443f91c3a62856fb3a3ccb6267de38869109f2f227968c360,held,pass,H67;H64;H1,,day,range_or_status,institutional_or_compound
FGDC-3961,824fdfd27b57d1be4d7a14731d52963568795ebbdb8205b181ceef0e2eb6967d,held,held,H67;H64;H2;H34,,day,missing,personal_or_unknown
FGDC-3962,444327ae3d73b3439135f9c8fc93949b2b20011ea6cc45661e6b0e877e9614b7,held,pass,H67;H64;H1,,day,missing,institutional_or_compound
FGDC-3963,5bd235e647df11598fd741d1b67b744c4b203357029a5885e8188ed849ce79ac,held,pass,H67;H64;H1,,day,missing,institutional_or_compound
FGDC-3964,790f295bf35f459f1cd428d8723eb9ac5834aac290d86833da76ae297bacc552,held,pass,H67;H64;H1,,day,missing,institutional_or_compound
FGDC-3965,3df8cf28ed4231e0ccf89d7787e09dcfd830b975f67646ef366db08a3120f9d4,held,held,H67;H64;H2;H34,,day,missing,personal_or_unknown
FGDC-3966,05679bc5934eacc9e8fb781c777c879a07887afbd02e757a8c394f4846a6cc07,held,held,H67;H64;H2;H34,,day,missing,personal_or_unknown
FGDC-3967,80234c29ec0d251f055a2316a038daf4f1f005d90bdbb7b19e90a0317b947f77,held,held,H67;H64;H2;H34,,day,missing,personal_or_unknown
FGDC-3968,e9680a57712405e0df4486f4507a10f9357b8b33af0f06ffeee7b38f08c697d2,held,held,H67;H64;H2;H34,,day,missing,personal_or_unknown
FGDC-3969,9bae14e8ac15ad1001fc0a21c6aa93b8f2d8ba36eb911995a95b292c90ac505f,held,held,H67;H64;H2;H34,,day,missing,personal_or_unknown
FGDC-397,051daf40b57a6e99c61797e6a00a33a6d99298fbb72c3b84ffeb117f2152c6e4,held,pass,H67;H68,,day,other,institutional_or_compound
FGDC-3970,0e6fe45c03f5d1ab78a70fef4ccd36c395a0090c02be4b6c93e8fb21c4a3d8b2,held,pass,H67;H64;H3,,day,missing,personal_or_unknown
FGDC-3971,be667a49c805a23c6f90847c42ffe6448a51c843355d3466ce569c84691d2f3f,held,pass,H67;H64;H1,,day,range_or_status,institutional_or_compound
FGDC-3972,85a22162d1c0f10500f73e7546ca42569896567e81ea6ba6973621a360d974cc,held,pass,H67;H64;H1,,day,missing,institutional_or_compound
FGDC-3973,9c66f0937385b74b323b370a935f073925ac2a358a5796ed57f0a34eabf820fd,held,pass,H67;H64;H1,,day,missing,institutional_or_compound
FGDC-3974,f7a9130448bcf4af45db42361f64ff22c2c11446804ea2d234d4e6a17091286d,held,pass,H67;H64;H1,,day,missing,institutional_or_compound
FGDC-3975,b3897a8af8dfb943db7dceaf4d2f094bda9244540d0bdf03cdbda420a12ac83e,held,held,H67;H64;H2;H34,,day,missing,personal_or_unknown
FGDC-3976,4044ca27fe2e57c8269d670caa940353c623866a8d4006234d30c677490f5a04,held,held,H67;H64;H2;H34,,day,missing,personal_or_unknown
FGDC-3977,1401dd05edb925db35b070ece055de3d22993b2972a7c73887730aa450be89c8,held,held,H67;H64;H2;H34,,day,missing,personal_or_unknown
FGDC-3978,e38dc63f5d3195c4870739aaa6ea50e85785c059adcc5550be36b58064e9ccba,held,held,H67;H64;H2;H34,,day,missing,personal_or_unknown
FGDC-3979,7ca7cfb2dfc0e8b2b8bb7b004b71f6bdd60a469ec6aa2d1db72910a6b67993e8,held,pass,H67;H64;H1,,day,missing,personal_or_unknown
FGDC-398,9c1b62a20b5857efc9b0632b85ef9b7ffc7121b06fb295145dd1dad895eace26,held,pass,H67;H68,,day,other,institutional_or_compound
FGDC-3980,1c6b76b981aff23472f0f3118b41ed7fa3618703bcfdefa97883fc881cc60412,held,pass,H67;H64;H1,,day,missing,personal_or_unknown
FGDC-3981,76f45d566e8f4a87b16ab6f64d37079bd94abb61ac93b4aea3d9c4df182f46fb,held,pass,H67;H64;H1,,day,missing,personal_or_unknown
FGDC-3982,c6803131e76f0d2f9fac757267c505e89fc6e6382ca37ee58f56bd298e06e981,held,pass,H67;H64;H1,,day,range_or_status,institutional_or_compound
FGDC-3983,dfc9570dc3d433bb06e4e879f4686c96b2384257101f1a2c9c294ceb0509a7ea,held,pass,H67;H64;H1,,day,missing,personal_or_unknown
FGDC-3984,334d2a0c54f274220dee57ce26a1dee990fbd623d56fbf3871da01506ebe5fdd,held,pass,H67;H64;H1,,day,missing,personal_or_unknown
FGDC-3985,6b29fd42f638dacda31080d8d68f63a8c5b273eb35aaaab42841707a8d6b9486,held,pass,H67;H64;H1,,day,missing,personal_or_unknown
FGDC-3986,b7689e393aa7e0b0d64d787a56ba2b37796b6513d19304f6a934e55d7f009567,held,pass,H67;H64;H1,,day,missing,personal_or_unknown
FGDC-3987,d8d7766a17911922f386441da1df5d76b99d04e51a4991722acc25d521213560,held,pass,H67;H64;H1,,day,missing,personal_or_unknown
FGDC-3988,e0a8c4e2c926d0a1d7fa075860fa2e92a3d0869b69c7f97004e47af2ee90d7d7,held,pass,H67;H64;H1,,day,missing,personal_or_unknown
FGDC-3989,dd857b590d8bc15d486da386b58f115d1f4362e826c64b6b4fbaff6ac4934206,held,pass,H67;H64;H1,,day,missing,personal_or_unknown
FGDC-399,083b2c7af284872ef6b3fd1e41644706017bd3de8ac6cf9642fb28a58b521d49,held,pass,H67;H68,,day,other,institutional_or_compound
FGDC-3990,96834246520031d695b0fae731b5b80d8a8118e32173bfc9e8afffc123438c57,held,pass,H67;H64;H1,,day,missing,personal_or_unknown
FGDC-3991,eb8500a52393c4dfbfc959b32ad07d377af55b15e496c7207fde3f3b4648a1a7,held,pass,H67;H64;H1,,day,missing,personal_or_unknown
FGDC-3992,901f8ea456d72390db5d3e96140c5549ccb788d4afe2a69cb5f1e8bf1c61c7d5,held,pass,H67;H64;H1,,day,missing,personal_or_unknown
FGDC-3993,ecce4c03a407ab583318b2013773779f48fe50499da0e2ac5a4c9e35fe224f72,held,pass,H67;H64;H1,,day,range_or_status,institutional_or_compound
FGDC-3994,67580b2450a588ed56c8e5bd15a03df468eff094993b2f93bc0b39a28d4389b8,held,pass,H67;H64;H1,,day,missing,personal_or_unknown
FGDC-3995,a9a992049839e3d360035306c83541cfba025272144e34bebbbc6ef00c08a112,held,pass,H67;H64;H1,,day,missing,personal_or_unknown
FGDC-3996,4acddb647ef392b7c039c06bb787a158af9260447577a9001d0999b8c766321b,held,pass,H67;H64;H1,,day,missing,personal_or_unknown
FGDC-3997,6adfc760afee697b9b7375a9866ba490fe631d4529ff2b53ed662c219d61a099,held,pass,H67;H64;H1,,day,missing,personal_or_unknown
FGDC-3998,38669183e213fb23d3a0e6e7d255a2fc94ab1508fb2a7f4a90b6d6eab2ccebe3,held,pass,H67;H64;H1,,day,missing,personal_or_unknown
FGDC-3999,b4953436dbae5163aea8e8e1dfdf8c9878f44db08bf2d844e20ad1d15b5b0a24,held,pass,H67;H64;H1,,day,missing,personal_or_unknown
FGDC-4,8d74589f83468c7efcd74f237777074f1ee804f519af51e75168fbaad9c24e7b,held,pass,H67;H64;H1,,day,range_or_status,institutional_or_compound
FGDC-40,6cc028f50b59a55bfa5561a121bc6e52ef36e86dbecc1b2311b17b69257408f0,held,pass,H67;H64;H1,,day,other,institutional_or_compound
FGDC-400,4a9475a0d8aac95e6431e880eac2928e083eb9ed5444dbbc70670f364a982495,held,pass,H67;H68,,day,other,institutional_or_compound
FGDC-4000,7b21979467e8b6ac3297b7875133c506382656263e56ccee17ec08a5dc02a668,held,pass,H67;H64;H1,,day,missing,personal_or_unknown
FGDC-4001,0836cb8f31576516936f30498715825f533b351d1ae44a23270465aaf81c2094,held,pass,H67;H64;H1,,day,missing,personal_or_unknown
FGDC-4002,88f210dcff587fd93e421ccb431de0e03c2ba105652a13390dd241e6bb14c4c0,held,pass,H67;H64;H1,,day,missing,personal_or_unknown
FGDC-4003,8c7bdf004942b10c5beaa877254759d0599bb976f1df174fc8e35f0f93bb815b,held,pass,H67;H64;H1,,day,missing,personal_or_unknown
FGDC-4004,88717866b935a90f9046d92ef0a4f5fc419c0915360618f47f3042ed3b4e6163,held,pass,H67;H64;H1,,day,range_or_status,institutional_or_compound
FGDC-4005,6057e1c74a0695e6bc565df80cabc913c56e0cee215d71f8a8c05decf9ca2a54,held,pass,H67;H64;H1,,day,missing,personal_or_unknown
FGDC-4006,e26c4d119556ee56898df7ea1a987a0ddc3b26cf5a48440d17b32dc1f6a48ca1,held,pass,H67;H64;H1,,day,missing,personal_or_unknown
FGDC-4007,b7e8e8e41d5276c1d2c2b76ec5133b653771386d70ef7a3ee58880e33d189a39,held,pass,H67;H64;H1,,day,missing,personal_or_unknown
FGDC-4008,8b651b688be39ff03afbff09eb6967bb949920f486375b0b9f741bb1a8000c5c,held,pass,H67;H64;H1,,day,missing,personal_or_unknown
FGDC-4009,39867e3c8c563e420af6a06a09ad697c0e7e8a42af89da3f4ca985be34fbb417,held,pass,H67;H64;H1,,day,missing,personal_or_unknown
FGDC-401,517f6c899c27511c9ce11bf9cd466727b0907d4bb1078dbab803ffd43a432057,held,pass,H67;H68,,day,other,institutional_or_compound
FGDC-4010,a929fb6280b4b96002427c9505cb7664b64893e578f7ab989664ae990d3615f5,held,pass,H67;H64;H1,,day,missing,personal_or_unknown
FGDC-4011,04c823f2d828df2494ffb9401258f3584161e381076dbe19baba57d95d08253a,held,pass,H67;H3,,day,other,personal_or_unknown
FGDC-4012,f17193e906274c928b619a5e2198c71f3b0a4b07382c7c126cb6de6b8ca3758b,held,pass,H67;H68,,day,range_or_status,institutional_or_compound
FGDC-4013,660bf5ccbab4e4ea340030f4419cb411089e5efa2e09757c370bcd5051fc3f18,held,pass,H67;H68,,day,range_or_status,institutional_or_compound
FGDC-4014,5127afff79beb2f56be0212968c999ab310a18dd12b68e9f433116bbe4203f5a,held,pass,H67;H64;H1,,day,range_or_status,institutional_or_compound
FGDC-4015,98c924af58e350bc84945677857b6cb5ff1a39ebb07e75839dee64a2f56e33fa,held,pass,H67;H68,,day,range_or_status,institutional_or_compound
FGDC-4016,820b520e93324f5adefe2207d39c6ecbc8dad43ca7de75f6993c0d724aadba96,held,pass,H67;H68,,day,missing,institutional_or_compound
FGDC-4017,89e432a4e5efb7bbd2dc9c63150c65cdee42878728a2a072030edb56ce4942af,held,pass,H67;H3,,day,range_or_status,personal_or_unknown
FGDC-4018,965a598e93153c64320e23dc29de230980439d6ea792f7a5150f11c71dd18972,held,pass,H67;H68,,day,range_or_status,institutional_or_compound
FGDC-4019,ab0ab8aaf0e2b64a34ccf0d282e29f919c6dd8a03b5726f0f1b5b716c54f402a,held,pass,H67;H64;H1,,day,range_or_status,institutional_or_compound
FGDC-402,b7cd299f4a077e0a8c1cfd65200099be7953c2af5ad4c952704e55aabde0fa26,held,pass,H67;H64;H1,,day,range_or_status,institutional_or_compound
FGDC-4020,c22c5db55b7fa236893e7e66cde1a8566077b0b222f52bc05eb2a9da66fc3709,held,pass,H67;H64;H1,,day,range_or_status,institutional_or_compound
FGDC-4021,917bbdba01b53e3772521bd925ee6e10254cdb150c26c5b9e2fd1e1de1815ef5,held,pass,H67;H64;H1,,day,range_or_status,institutional_or_compound
FGDC-4022,c12ece375654b13af7a660439b923b59bdd25dddeef14b772995a4331f38ca89,held,pass,H67;H68,,day,range_or_status,institutional_or_compound
FGDC-4023,0ff2cdf1359bb3284310f6c3af5f5527565a6819a50961636cfcf4692da20f47,held,pass,H67;H68,,day,range_or_status,institutional_or_compound
FGDC-4024,13a1db4e73e48c2b993abd9b8275bdb86819bac6914f2857d38ef48a534e5750,held,pass,H67;H68,,day,range_or_status,institutional_or_compound
FGDC-4025,32236fc2a7f2a616bae39fca7e71775d74894b7cf3bca93440ae716b7992c33e,held,pass,H67;H64;H1,,day,range_or_status,institutional_or_compound
FGDC-4026,ba216c254bc8a877e62bcb686ed26edb08b7009e538d83c1071e985a650083bf,held,pass,H67;H68,,day,range_or_status,institutional_or_compound
FGDC-4027,7db9891adfb2837497c24a1142e7029be9e7f02df6262edf6a9cf06f05eeda92,held,pass,H67;H64;H3,,day,range_or_status,institutional_or_compound
FGDC-4028,60103e4ecf0468027b7c1352eb77a1ccc43e0b60a5d5524058b7df8f358f4fb6,held,pass,H67;H3,,day,range_or_status,institutional_or_compound
FGDC-4029,b791d4eaf142148aab730a77a13f7185b69f3a45d9dc82dac6e132d1c3cd0764,held,pass,H67;H68,,day,range_or_status,institutional_or_compound
FGDC-403,c7ca533a4b7df7ed3225b83a0ce69d3a0f7c8950c5a38218c9b409d7d1dc3ac0,held,pass,H67;H68,,day,other,institutional_or_compound
FGDC-4030,9cc11306d3fdb4c2588eb51fc2bd42be6cc451354695491cbb4243253b28ad2d,held,pass,H67;H68,,day,range_or_status,institutional_or_compound
FGDC-4031,cd9858df75b06f8c96465742aff098280f3391b03bd9f225a436e4377e70716e,held,pass,H67;H68,,day,range_or_status,institutional_or_compound
FGDC-4032,abb4ec0cdb281f3c467c24c7fd5ded19b8ccabbc27fcf13ba9fef60f3961e1f9,held,pass,H67;H68,,day,range_or_status,institutional_or_compound
FGDC-4033,77dc2cd811ddd165a27b8b0d30d8b6a2d5617fccfc84e9b03ac40f600db7440f,held,pass,H67;H68,,day,other,institutional_or_compound
FGDC-4034,5daa5280021e16faf05d69f30a6795d0738c0499467b206179894643cb020fec,held,pass,H67;H68,,day,range_or_status,institutional_or_compound
FGDC-4035,f4eb9cd5555cb1763ae973838f23637f752bf41f689a39c60273fa8750323171,held,pass,H67;H64;H1,,day,range_or_status,institutional_or_compound
FGDC-4036,9cd26b5fbe3656e1ec02bbceac4a0c0abe0ac89fabe69a97d8fa97a55582ebec,held,pass,H67;H64;H1,,day,range_or_status,institutional_or_compound
FGDC-4037,7caea9bf89037e8a5760149d1d86acd9c4bec7a17d505e047306a983ee79ce8d,held,pass,H67;H64;H1,,day,range_or_status,institutional_or_compound
FGDC-4038,e946f5044fdc36c2b12ac3a415ab1581460cf3421ad775a7c8962be16284aa59,held,pass,H67;H68,,day,range_or_status,institutional_or_compound
FGDC-4039,f20ec2b06fc1fc98199b647ae395cca52e43689aad8b01ac2c9d73e52db24ccd,held,pass,H67;H64;H1,,day,range_or_status,institutional_or_compound
FGDC-404,8d7ef28501a6f31ba0b575d366d026fb9b29acc38d328e3d7e8fcc80d230ad8f,held,pass,H67;H68,,day,other,institutional_or_compound
FGDC-4040,e88a34fc6153eb2a19cb05bf8cbc55338ace3153a31407a3cb8ab2a1a681ac14,held,pass,H67;H68,,day,other,institutional_or_compound
FGDC-4041,753d14d381519a4434c67462147c71a6582357f3726c377ce27797e262749ac0,held,pass,H67;H3,,day,other,personal_or_unknown
FGDC-4042,49f2138fa7f6b2576c83d038a3eb2b84e04c0fda320a41f77542a648444482b0,held,pass,H67;H3,,day,other,personal_or_unknown
FGDC-4043,d1f0a070c737eafe5f385638eae3bcd288c8fa0191351a88e432964dbb93e4d4,held,pass,H67;H68,,day,other,institutional_or_compound
FGDC-4044,726566d9e572f9bf3ab7c44bb88a7dc53483a12737ecd559d2c4233f85440239,held,pass,H67;H3,,day,other,institutional_or_compound
FGDC-4045,4b60f3c50d7398a6c2d56294af84d46c86b5b01e7e6ea354367434ab26662b81,held,pass,H67;H68,,day,range_or_status,institutional_or_compound
FGDC-4046,cb105dd896497e38bf84413178e0c4f64ccd413ee760285edfa537754b7b2f84,held,pass,H67;H68,,day,other,institutional_or_compound
FGDC-4047,90a656dff83a3ad486ab56045af369801213ec4ce148b5d1d6c8bef27793e764,held,held,H67;H64;H31;H61,,day,range_or_status,institutional_or_compound
FGDC-4048,b60205fbf4cd1deb4d8adfa8d8d80964ad9d440fd7f719bf8d24f278b87ddbba,held,pass,H67;H68,,day,range_or_status,institutional_or_compound
FGDC-4049,a709497c88cbfe528510057cea31af14e84aa7e99ed17d6ef87d707273e8a33c,held,pass,H67;H3,,day,other,personal_or_unknown
FGDC-405,21c72cd4819fa40f196605554e28ae594a42b2371524609d636c963cced3de15,held,pass,H67;H68,,day,other,institutional_or_compound
FGDC-4050,9144689b229d288aab1ec77febd676b401ec106682438e6473abe0a23c08a45e,held,pass,H67;H68,,day,other,institutional_or_compound
FGDC-4051,e01ce435721009ee1429852b86a007c29f8d469cf12b4d006bd72eaeee22ae58,held,pass,H67;H68,,day,other,institutional_or_compound
FGDC-4052,ae3bd68aa8a8a2f92141981740c88089267f440e40ea0c4fa121706ee2b3f786,held,pass,H67;H3,,day,range_or_status,institutional_or_compound
FGDC-4053,08ea848abc99799ae7eed53ac8531745504bd0ac634829cabb48bc56c62dbc12,held,pass,H67;H68,,day,other,institutional_or_compound
FGDC-4054,3fa38e1dcb79a0138f6988480a885f1d4e48ac02e639700600874ec701caea51,held,pass,H67;H3,,day,other,institutional_or_compound
FGDC-4055,4f8d10fe341772638de24f57de4ec72525876ad91bda291374584e2db5ad66ae,held,pass,H67;H68,,day,other,institutional_or_compound
FGDC-4056,74b2ba15294ba74aa51361136de58295211fc537d093474644af570f9f9c102a,held,pass,H67;H68,,day,other,institutional_or_compound
FGDC-4057,c8d78f01416a52ffcdfccbec0022c83215ead10ddf091905a758da71aead13a2,held,pass,H67;H64;H1,,day,range_or_status,institutional_or_compound
FGDC-4058,7625f15bc15fbad3d512b1e6059cd9f0b4d0ecc9a2bfc75277f1b0bc13bbaeac,held,pass,H67;H64;H1,,day,range_or_status,institutional_or_compound
FGDC-4059,db42516fae6d95d17480a953207041e980992bb1cd587fb9b74d06eacaa1d2a2,held,pass,H67;H64;H1,,day,range_or_status,institutional_or_compound
FGDC-406,46c2941a1ef231b9f03d55b749d07ec2c7115da3ed024422baa79dded9e7b052,held,pass,H67;H68,,day,other,institutional_or_compound
FGDC-4060,81aefae301a9e7aa6e972970109225a5f8052b054731b3f4d6ed6536e6868892,held,pass,H67;H64;H1,,day,range_or_status,institutional_or_compound
FGDC-4061,fe3118deb89d48fc3ef4b53e0267a41f82799fe10bd3c0cc7cb0b34b249c69bf,held,pass,H67;H3,,day,range_or_status,institutional_or_compound
FGDC-4062,1b4e8e7a8db11518724846e563faaf76889873721a23facfcf837fadad05e773,held,pass,H67;H64;H1,,day,range_or_status,institutional_or_compound
FGDC-4063,d4316e685146a6232b5491273da2132f18f4c7397770634eb4d11fd00dc8a076,held,pass,H67;H64;H3,,day,range_or_status,personal_or_unknown
FGDC-4064,1b3891fe9136b5a95182c3e0b5a06929a7524870ba09479fd59c5148da26806c,held,pass,H67;H64;H3,,day,range_or_status,personal_or_unknown
FGDC-4065,760ce00f4dbfa5d1f7037ca67e0f6978c457661626529040a681998548fdfe4a,held,pass,H67;H3,,day,other,personal_or_unknown
FGDC-4066,570743f631edb21fbecb9fc73d494619be695cc56747c155b7bfdc72dc051c86,held,pass,H67;H68,,day,range_or_status,institutional_or_compound
FGDC-4067,b67495c26649b262696bbb3e1294467cc2984e18252372dfefc5edc534658789,held,pass,H67;H3,,day,range_or_status,institutional_or_compound
FGDC-4068,8ab7e260eb2827aeadee6effcbbbd1bc10a2e09a3c6098dcca0d153a230d762b,held,pass,H67;H68,,day,other,institutional_or_compound
FGDC-4069,d796a182e4d1229f97581fc85ce316bc6e9d93930131b35a8e05413c0c8380fa,held,pass,H67;H64;H1,,day,range_or_status,institutional_or_compound
FGDC-407,1a7ef8a12d3a13d9035556dff720d41ff53637076fdcfccfc56a4f1f887ea498,held,pass,H67;H68,,day,other,institutional_or_compound
FGDC-4070,59c01b5274a15704d572952259661f841986305dc6303df01f440cc533c1ac3f,held,pass,H67;H68,,day,range_or_status,institutional_or_compound
FGDC-4071,309e83f2038cc1ac22eda0abd10e4bfa1386ec1549f068421d9cedbe8070c1da,held,pass,H67;H64;H1,,day,range_or_status,institutional_or_compound
FGDC-4072,ec961a2edf9263d203b77a28b282f32bff6e57b4f7b25e4c03701560c6a8b3fa,held,pass,H67;H64;H1,,day,range_or_status,institutional_or_compound
FGDC-4073,8d4698ea71f72cbdcd6ec72acadffb1496d95d5b773a2ae258fff1c605d34132,held,pass,H67;H64;H1,,day,range_or_status,institutional_or_compound
FGDC-4074,53a1e1bbd07b037e5b10e61e2c6838c836da6a42424aa4268dd023bc2069cfcd,held,pass,H67;H64;H1,,day,range_or_status,institutional_or_compound
FGDC-4075,5cfd102a464d5c9bc2744671651240fbc1baef66f3653ba0b40e1c1ebf3fcb0d,held,pass,H67;H64;H1,,day,range_or_status,institutional_or_compound
FGDC-4076,3eef8e0914583a9b53937ddbe53b7e1eb816f94213adcabb900d8dac7a734e0d,held,pass,H67;H64;H1,,day,range_or_status,institutional_or_compound
FGDC-4077,9566061f9d771a5300ef8774c53f58127fe0927189474bc851b52bb3dffdbba4,failed,not_constructed,,,,,
FGDC-4078,4162e6f6d5582d3f31cc1bdf6e7f7397fb72f81c967a19bb0a7853f5c33dce12,held,pass,H67;H3,,day,range_or_status,personal_or_unknown
FGDC-4079,849ed02fb462b133abc326ff96b1d5dce5be588ffefa58a2a3ec078e8d68277f,held,pass,H67;H3,,day,range_or_status,personal_or_unknown
FGDC-408,bded8d9746bdbcf44b964f95e27cad79f48120fc45dc211a5730e709f6169212,held,pass,H67;H68,,day,other,institutional_or_compound
FGDC-4080,c6834bd18fe5f6e5092231ce350c24add77f1070bc59e3d5d00832ec2142c2e0,held,pass,H67;H3,,day,range_or_status,personal_or_unknown
FGDC-4081,a481bc27009f33efb1fa5e6f9146542fd65b990481ce38ded3a6503d1f1e3a23,held,pass,H67;H3,,day,range_or_status,personal_or_unknown
FGDC-4082,9623c2a6f32555b907fa61ac13ebaf72f839641c4e395ff47219caa6ad0f9f7a,held,pass,H67;H3,,day,range_or_status,personal_or_unknown
FGDC-4083,45d794d7ce1825ee3f5aff52f5320bf25da68b8fc5e636ea58c37e1aa631a04e,held,pass,H67;H3,,day,range_or_status,personal_or_unknown
FGDC-4084,7e55caac6d3109cafb85592be67a9de86061207b7a1e8ab0119dafbf5f8cf422,held,pass,H67;H3,,day,other,personal_or_unknown
FGDC-4085,0e14823e5de7bde5bafef307bb158af1da038026b7e61844183498299f1d3a7b,held,pass,H67;H3,,day,other,personal_or_unknown
FGDC-4086,1cf613114cff553eed0227a7c456a670fe50b9addd7e8540a90295270759bbea,held,pass,H67;H3,,day,range_or_status,personal_or_unknown
FGDC-4087,f157cdd2721c62c6c8998decee063bc8b6a8891a335bf60249ebaa0d2a52b969,held,pass,H67;H3,,day,range_or_status,personal_or_unknown
FGDC-4088,f56523959ef7d204dfbea91d20b6e8f853582d4e27d33ce2ac473e0338a2e2e2,held,pass,H67;H3,,day,range_or_status,personal_or_unknown
FGDC-4089,fb8766e9bf049fcd07d17b47cac52cc5d42f3ee5d975cabcc64db46b95661b9f,held,pass,H67;H68,,day,range_or_status,personal_or_unknown
FGDC-409,93994923407a6b6a772e247e54e58bfd69c2443c607b5b3476366c43e68c40ee,held,pass,H67;H68,,day,other,institutional_or_compound
FGDC-4090,94d4889c36d73364d8785f6d982a4cd38edea6fe6eed7bd7eeefaa989e0503f5,held,pass,H67;H3,,day,range_or_status,personal_or_unknown
FGDC-4091,a140c3d1ec7ce87b8b3c85fb391b1a10fc7b062730fc40727dc7eba5a69bbfbd,held,pass,H67;H68,,day,range_or_status,personal_or_unknown
FGDC-4092,12428c4b29217aab41c2bd5a4ed425c60b89f842f5c9ec6a2c7f3162ac9e9e7c,held,pass,H67;H68,,day,range_or_status,personal_or_unknown
FGDC-4093,6aa7681eb489cc7d4650ea7eb25e4d9b8d9fcbeae1ad2d4d2a5a0bfc46c4f121,held,pass,H67;H3,,day,range_or_status,personal_or_unknown
FGDC-4094,e90778160067fd4bb979d99858d43c9be50757a28494bd6fa9c346231353c889,held,pass,H67;H68,,day,range_or_status,personal_or_unknown
FGDC-4095,a3994cec90e46ff02a378673c7ffd77e57c3d1be9b84e4488ed418a6aded900c,held,pass,H67;H68,,day,range_or_status,personal_or_unknown
FGDC-4096,eecb1da89237d8a080193cc09bc842138e400c6dfafbeea6d68113ae6e138b93,held,pass,H67;H3,,day,range_or_status,personal_or_unknown
FGDC-4097,df7b82abce94bfb7cad98d7a3fd5628392454d701ba4be8172f3d5e8c34814db,held,pass,H67;H3,,day,range_or_status,personal_or_unknown
FGDC-4098,8651b6941757b04fc0ef8a86e7b40c03a84727c979b2fa19763cdd8a2facc976,held,pass,H67;H68,,day,range_or_status,personal_or_unknown
FGDC-4099,15b83c10cf9ed3300cd8ac7115d49c97fc7cc8e815dc816c144a37fb6699057f,held,pass,H67;H3,,day,range_or_status,personal_or_unknown
FGDC-41,5dcc1fa10a0d947932c14bf9ff93398e438c9a76583922f624cc7f44ac762fb3,held,pass,H67;H64;H1,,day,other,institutional_or_compound
FGDC-410,efa963c5acf36f722a92c1ec9aff4ff40fb94897e74c3c3a7c925a95bcb54b27,held,pass,H67;H68,,day,other,institutional_or_compound
FGDC-4100,c7bac39f828049c922c6d9789e86fd2b325d5586ec3fdd26bc47ee4ae738cae5,held,pass,H67;H3,,day,range_or_status,personal_or_unknown
FGDC-4101,288be8fb4b33d938e0e1b276b6636944a19ca6c1638dd29032f559b50851dfa8,held,pass,H67;H3,,day,range_or_status,personal_or_unknown
FGDC-4102,34f83a4b83deae449495aeebc804c02be1a9181dafd3315abd24192c89e36caf,held,pass,H67;H3,,day,range_or_status,personal_or_unknown
FGDC-4103,0d679e34c37b88571d7ed2dd9b6008d810503fc2ad0cbcd0574244521c417b90,held,pass,H67;H3,,day,range_or_status,personal_or_unknown
FGDC-4104,746acc7cc82f2bfb6a5d6f58295fa66e17170c11621131cc3178093d649f15f6,held,pass,H67;H3,,day,range_or_status,personal_or_unknown
FGDC-4105,3ed2679b12d67f7670822dc20e6a9ff8bac994bffdd42463dd647644bbdece10,held,pass,H67;H3,,day,range_or_status,personal_or_unknown
FGDC-4106,1b127812f9095794571339c4f161ec78caaa9744619b9d675baf9413375fa98d,held,pass,H67;H3,,day,range_or_status,personal_or_unknown
FGDC-4107,3b3061589552d81592afa7abe92957f059d6837507b3a6f4390dfa870be79219,held,pass,H67;H3,,day,range_or_status,personal_or_unknown
FGDC-4108,98ad30feda42bed3d6fba9bda13068ffb701da318bd4460c82ce12aa9d5f44a4,held,pass,H67;H3,,day,range_or_status,personal_or_unknown
FGDC-4109,945fc6a85e6ed0062ad62c5b3e9c9cf8345b5bfeacc055e9cbdbef4833664e42,held,pass,H67;H68,,day,range_or_status,personal_or_unknown
FGDC-411,a3e073cf881080da906c39e265c7c18bebe20fe520c55d5efb4e4f983e2cd37b,held,pass,H67;H68,,day,other,institutional_or_compound
FGDC-4110,8cff534d284906ecceb5036e496d4acec9ec7b3ef8ddc8471b4ec3182107e56a,held,pass,H67;H68,,day,range_or_status,personal_or_unknown
FGDC-4111,1cc3f259e8630fcb8d27fd6c088d99b26f2892f06365059bad2ea793ef8547da,held,pass,H67;H68,,day,range_or_status,personal_or_unknown
FGDC-4112,291de1d8458d54673f1de160bcbeb40d3293718b4fe1aa826ac221444bae600f,held,pass,H67;H3,,day,range_or_status,personal_or_unknown
FGDC-4113,90ef92db3253a9c2d66b2d8317c1963f449db7ae0b857f2c29e8fa960a49f2ec,held,pass,H67;H68,,day,range_or_status,personal_or_unknown
FGDC-4114,22411e8012b5bd39ee6b81f35c648dd319eeceeea081565c875d4215100cec9f,held,pass,H67;H68,,day,range_or_status,personal_or_unknown
FGDC-4115,34b086e5f74d46551b79950cccbd0513791e8c2440ab210df84ce48ab0e135ca,held,pass,H67;H68,,day,range_or_status,personal_or_unknown
FGDC-4116,fe14c5cd44ce73bb6a285febec845a490df131c5486231fa45d5aa1a5b8c992e,held,pass,H67;H68,,day,range_or_status,personal_or_unknown
FGDC-4117,38397945faaa078234eb26dc8f4dca5516f640e8c2242bdb20b98ed73dd6be66,held,pass,H67;H68,,day,range_or_status,personal_or_unknown
FGDC-4118,eac15f1543c07700873400f630652e51741ff9e92660a11e254977b5ba4f36ff,held,pass,H67;H3,,day,range_or_status,personal_or_unknown
FGDC-4119,9bc9695990905c581b803daf42a14ba5a6faa322497ecd548f3dffc05816ffad,held,pass,H67;H3,,day,range_or_status,personal_or_unknown
FGDC-412,92825ddaee85937f6c782813c948dcf8afa44dbd39d6366edf21465fa150be49,held,pass,H67;H68,,day,other,institutional_or_compound
FGDC-4120,4cfc8071f95d7374a8409b0a592b35ad475c384dc59a2435abc630eb4d2c69eb,held,pass,H67;H3,,day,range_or_status,personal_or_unknown
FGDC-4121,4170ea5f81dacfc4b351f499133a219943ae25a690c744d9cb3cf7298b1d9e56,held,pass,H67;H3,,day,range_or_status,personal_or_unknown
FGDC-4122,3f22d70b3471dd88e5ab16071a7df3345e23917b5a3469c384e92b7c2ea6b0b0,held,pass,H67;H3,,day,range_or_status,personal_or_unknown
FGDC-4123,114c5358caf558fe88fe444181de6518c951f27841ef86a6cced80b1e24e52c3,held,pass,H67;H3,,day,range_or_status,personal_or_unknown
FGDC-4124,45dd27cea5c8ff545df7404eb0f2012df9121b60575fd3266d55b7bac4384203,held,pass,H67;H68,,day,range_or_status,personal_or_unknown
FGDC-4125,0efba7069fb454aa8e23532fc55e3d2d040268ce358041a4ff7894d768095667,held,pass,H67;H68,,day,range_or_status,personal_or_unknown
FGDC-4126,e01ca2bda88f08ced4f979f3163ab910dbeeccc97d6690ae7edd67eb5789f6fe,held,pass,H67;H3,,day,range_or_status,personal_or_unknown
FGDC-4127,ba7eaa4c8858edf67ed342c1504fbdbdd33aa41ec0c060cd912ed2fe378cc8cb,held,pass,H67;H3,,day,range_or_status,personal_or_unknown
FGDC-4128,11815d75ce1dde8e068f1788a5a4f059b749e5b1b96142ad96b3f390d187e647,held,pass,H67;H3,,day,range_or_status,personal_or_unknown
FGDC-4129,51507050a25a2f29c4d829933aa8acbbd630056b76c9190cc800cc42b17c8c71,held,pass,H67;H3,,day,range_or_status,personal_or_unknown
FGDC-413,727fc41595d9485f87ea01d83ba3669a4ef182d3af2161c1c7967488713197bc,held,pass,H67;H64;H1,,day,range_or_status,institutional_or_compound
FGDC-4130,88f71718996a8f3330fc3465b7d32e6357443a6b65df0efc4b921f3b9dcaed70,held,pass,H67;H3,,day,range_or_status,personal_or_unknown
FGDC-4131,9aca894b38e7d8df7ec3f668bca6c83a72f68bad99ea12cd9740aad1e918bcab,held,pass,H67;H3,,day,range_or_status,personal_or_unknown
FGDC-4132,c03b91eaca94b6744eabb4d240cb7f8504a2694af7a7a47ebbc8d23fc184bd0e,held,pass,H67;H68,,day,range_or_status,personal_or_unknown
FGDC-4133,f6cc736390dc4f38539bc40e553726ae66a47162c3fab9be4c1b46990490bb21,held,pass,H67;H68,,day,range_or_status,personal_or_unknown
FGDC-4134,227e0121bcadb6facb3f90f1872b2d2a696177327f4acc81b22f133f29f62b85,held,pass,H67;H3,,day,range_or_status,personal_or_unknown
FGDC-4135,7fc1023ac2cfcf42792062c018202deb33d50b73b521f5e8483cad134b37744e,held,pass,H67;H3,,day,range_or_status,personal_or_unknown
FGDC-4136,1346d9ff30ad18293015c4f1764a5aca1869f72b9bb59e0bf26b506ee5604ea8,held,pass,H67;H68,,day,range_or_status,personal_or_unknown
FGDC-4137,5908e4e7f62f1c07c5c379f629b8f1fd3e49db281c3cc265e40ee3fd74368ccb,held,pass,H67;H3,,day,range_or_status,personal_or_unknown
FGDC-4138,e24d525d43fbea524411c6b6bf0a6905994674a004eb11d01266884b227365d5,held,pass,H67;H3,,day,range_or_status,personal_or_unknown
FGDC-4139,be98473b278c4f4481040fb05f3e17db35d0b3d9e39e4369b569e7b0e0b14848,held,not_constructed,H67;H66;H65,,unsupported,range_or_status,personal_or_unknown
FGDC-414,242358519a26d590124eb4014240484756b74ae2d86126ae7648f74e7a3104a7,held,pass,H67;H68,,day,other,institutional_or_compound
FGDC-4140,14896cc6f4116e091b8d9f1d0479ebfd042fdb98a329644acbbed0bbecada84e,held,pass,H67;H68,,day,range_or_status,personal_or_unknown
FGDC-4141,7b1d264f2b200e5553072759b2376f7363fbe4efde1963484f061a40f241eee6,held,pass,H67;H68,,day,range_or_status,personal_or_unknown
FGDC-4142,4978f2e1e2c898f834c9b301182d83028d820413cb69b4069aae3a5adadac669,held,pass,H67;H3,,day,range_or_status,personal_or_unknown
FGDC-4143,27e2123bf8cfd341694df2b442e1d73ae5c8705522f9ff6ebe999d3ad89eb217,held,pass,H67;H3,,day,range_or_status,personal_or_unknown
FGDC-4144,f1aae93a401c44329c709fb4d12a3ce8aa73717a16c090f2b46995eac7ef1e2d,held,pass,H67;H3,,day,range_or_status,personal_or_unknown
FGDC-4145,be99b2877f92add5c972964ca4463c1db3bc78c40a9a0b505318e137a057f7e9,held,pass,H67;H3,,day,range_or_status,personal_or_unknown
FGDC-4146,9975ab1b4a31dc6308222162255905e28ca77d1fa16ff7a29a8b639639261ae6,held,pass,H67;H68,,day,range_or_status,personal_or_unknown
FGDC-4147,9ceb07db184fb18b4c792543b626c11ddc106e031c6f6c95a2c6e4597f2ca02c,held,pass,H67;H68,,day,range_or_status,personal_or_unknown
FGDC-4148,9c55d4682a2bf2f54d1184d4e5e82be84604ba0975c0ff1250f92966da4e8af9,held,pass,H67;H68,,day,range_or_status,personal_or_unknown
FGDC-4149,9ee53d6a19838b32c9295d4bbd4b4bce060494344af29c3403e6912489cca4a8,held,pass,H67;H3,,day,range_or_status,personal_or_unknown
FGDC-415,c74c5925a12f5afe361aa3b3cab81f6c7af683ffb4809aff04c0d1b22f396a1b,held,pass,H67;H68,,day,other,institutional_or_compound
FGDC-4150,611355f169bd5b54bb8bd5b342c4361530ecf628453fc4942e6b13f9db4d0fbd,held,pass,H67;H3,,day,range_or_status,personal_or_unknown
FGDC-4151,cfabfe8aeb9d020b9656ff9155c04344a5b3ada193f0575504d1f5e716965958,held,pass,H67;H68,,day,range_or_status,personal_or_unknown
FGDC-4152,c768ee9581d55097b0c6dedfa230b5d217e60dfa944512abfbe346659365877b,held,pass,H67;H3,,day,range_or_status,personal_or_unknown
FGDC-4153,90bacf43a6a9abf4203355e1a9a7fd807e8be63857d439143468a2a1454d3e5b,held,pass,H67;H3,,day,range_or_status,personal_or_unknown
FGDC-4154,e611d99bd2d077a8eb1aacabcc164cc48739dfc22bf39eec7d4bcff423360cc8,held,pass,H67;H3,,day,range_or_status,personal_or_unknown
FGDC-4155,2840526939d3611d21e73fee7afa54354b6083068878a64e5de8827f7d8e7e28,held,pass,H67;H68,,day,range_or_status,personal_or_unknown
FGDC-4156,efaa685bd22aa820113acf1de861667bdc9feabbc32532875fb5082f9a572f1a,held,pass,H67;H3,,day,range_or_status,personal_or_unknown
FGDC-4157,708ee6c051555ba73d65c6e4dd7607a057b9479d61e88f0a20501b2c837d1bd9,held,pass,H67;H68,,day,range_or_status,personal_or_unknown
FGDC-4158,f90118f81ee0c046b870621cc546d1ebb0b962f7afbd8de1c198124651d2870c,held,pass,H67;H3,,day,range_or_status,personal_or_unknown
FGDC-4159,5a287606ff20b78be88720dd86cfd3c944d8bbea1dbac6e4eae991123e61b78b,held,pass,H67;H68,,day,range_or_status,personal_or_unknown
FGDC-416,407a9f069b99c8eef4186c7f74acf05d035f81ae55d8c7ba891da2beea801f11,held,pass,H67;H68,,day,other,institutional_or_compound
FGDC-4160,46d17ff17b7a44985d7c52cad3387ccb2cd4a3b0c059a0a8ac2dbc1114f0d9bd,held,pass,H67;H68,,day,range_or_status,personal_or_unknown
FGDC-4161,65fb6d71a7ecc18dbf33757e9d4f45ea9a8a6d7822e5ffd4b64bc281324e4111,held,not_constructed,H67;H66;H65,,unsupported,range_or_status,personal_or_unknown
FGDC-4162,16a0ba515c4fcd1d26e236601a16d08b012fb26579726745dc02b57e0a0ca1f4,held,pass,H67;H3,,day,range_or_status,personal_or_unknown
FGDC-4163,554f38da214bc08839a89a12f0f1b3cd34b65651dc7cdc751f3e77ee5525343a,held,pass,H67;H3,,day,range_or_status,personal_or_unknown
FGDC-4164,7abad7b39beebabc829e4d885da7ea4b7d0dfed95bd95c8c45c1abb12fd474bb,held,pass,H67;H3,,day,range_or_status,personal_or_unknown
FGDC-4165,352be6f323002e62fda20fa057c020eb094426b2687294576e1681f0b99ad41e,held,pass,H67;H3,,day,range_or_status,personal_or_unknown
FGDC-4166,0ace706ae40b9ea54490203cddd3e5fecd93495436d076b55e0502a7fa3dde72,held,pass,H67;H3,,day,range_or_status,personal_or_unknown
FGDC-4167,34b05e6bc72cbe8a0776b31fa049536aad50aaccc6a2d31e813770050d8dc960,held,pass,H67;H3,,day,range_or_status,personal_or_unknown
FGDC-4168,41f80e7ed1030b411964f3a43d4b77abb35152d931109ed1b8e5a2abb2627445,held,pass,H67;H3,,day,range_or_status,personal_or_unknown
FGDC-4169,8e8cd6a9b33bb6e98e70ff6dc3749aef376bf202184ff6e15a4c933e548c9794,held,pass,H67;H3,,day,range_or_status,personal_or_unknown
FGDC-417,a43fe5f587a2c4e5bedd52f0f15fb309428a3d062c19b5222af0025fe1a7c054,held,pass,H67;H68,,day,other,institutional_or_compound
FGDC-4170,bd94d783a86b9d6a6aa735ce399e16230636ceef1fce154325988ce992012e56,held,pass,H67;H68,,day,range_or_status,personal_or_unknown
FGDC-4171,dced23b4096f21b5069bf67fb0cdee218612f4e0126ad4f0d77c085115636bc8,held,pass,H67;H3,,day,range_or_status,personal_or_unknown
FGDC-4172,f6f1f62e97cdbcdd115436e7be687dcf43032735aa873f7b2279386fe28f095b,held,pass,H67;H3,,day,range_or_status,personal_or_unknown
FGDC-4173,5362ec4f02dd27216bc250f383f74f48d615d0b46f76d4181c696c9f2dca5130,held,pass,H67;H3,,day,range_or_status,personal_or_unknown
FGDC-4174,24decad787b3b2a090b658e22fb3c51e2616e765f26dd7978f13cbe1a7bcca2c,held,pass,H67;H3,,day,range_or_status,personal_or_unknown
FGDC-4175,ca0455da000f2e26c28cd509e865b4b6eb0a9f0777c0504aefbc30467e7f4550,held,pass,H67;H68,,day,range_or_status,personal_or_unknown
FGDC-4176,89bc03ccc871b546e5b691e547d595bae6b7c9dd78241d07da0fe3eb6cad98a6,held,pass,H67;H68,,day,range_or_status,personal_or_unknown
FGDC-4177,fcc4fd9914c24513388f4255379719f2ea9d0528d461a06af3f612dfa41d2b0f,held,pass,H67;H3,,day,range_or_status,personal_or_unknown
FGDC-4178,b03ccf64f96d39cdc3a63d0d05563a6411311b9dfe5e9d5f28b27bc1fa64e36d,held,pass,H67;H3,,day,range_or_status,personal_or_unknown
FGDC-4179,84fc1e6e8765a03e09c3eb2144adf12b009de61eea9e5feaabeeed9ad8affe9c,held,pass,H67;H3,,day,range_or_status,personal_or_unknown
FGDC-418,b9bfd1ac4ea0c1b65767013642f9048286a719b385e14051607bba2517949f78,held,pass,H67;H68,,day,other,institutional_or_compound
FGDC-4180,683a129c1d3174b8c422ec9f984a173d03128ec5e7d990ca6edee5cf0644b6bf,held,pass,H67;H68,,day,range_or_status,personal_or_unknown
FGDC-4181,e26d7f9bd812d07ef5c67d17edcd646856de32294369b56f9ca1746e0ecf4a79,held,not_constructed,H67;H66;H65,,unsupported,range_or_status,personal_or_unknown
FGDC-4182,d1e5ac01f8897763b8014e469cf249aa6875f9785231aeecd813dc49b4b72d0a,held,pass,H67;H3,,day,range_or_status,personal_or_unknown
FGDC-4183,140ad520dee84ed192a7133f5c7c41c8569d8fab3e6ee8f5257e93b307ab2896,held,pass,H67;H3,,day,range_or_status,personal_or_unknown
FGDC-4184,394d3d352f5a26c574bd2c2d6fda13bec4dfeb51c23f7937b9db4969b9cc10e6,failed,not_constructed,,,,,
FGDC-4185,54a07fd5bfdc2a8def484eee35afb565294b676f6a630a85009fb530ca3d6b23,failed,not_constructed,,,,,
FGDC-4186,c82ba631d69012fdb7a584f7847e635c192aec2e0f8062a82171a016e1ecc2ad,held,pass,H67;H68,,day,range_or_status,institutional_or_compound
FGDC-4187,07dfcd00dffea4fd93c113053f69daac5740958d721c47f79a7d96965f5fea37,held,pass,H67;H68,,day,range_or_status,institutional_or_compound
FGDC-4188,729fddc5ca1d03c84aba56cde237f77eb9fa2efff31f34074a209f17aecf49b2,held,pass,H67;H68,,day,range_or_status,institutional_or_compound
FGDC-4189,bd6caf41392d8b65f9a4568a64036bb27d75a30be77b05fff836c99a74099858,held,pass,H67;H68,,day,range_or_status,institutional_or_compound
FGDC-419,71853896a5ae9232d45166d89d06ceceda9f533e1fac5d0ea67c4dba899c18dc,held,pass,H67;H3,,day,other,personal_or_unknown
FGDC-4190,257d1e778111fd50e6f3b7d217bdce68dc53307e363fc8a93d0d8e49ad4ec2cb,held,pass,H67;H68,,day,range_or_status,institutional_or_compound
FGDC-4191,b7ff96347e5bab7e4a9879c85145012403db70f7260e8d2ff88ebc00447b17df,held,pass,H67;H68,,day,range_or_status,institutional_or_compound
FGDC-4192,b716b2ed34e5f8b33f384ed4f858c9bfb07fc0a99ec7587aead21ebaad76712e,held,pass,H67;H68,,day,range_or_status,institutional_or_compound
FGDC-4193,7198998c25e5e13ab883cfad1aa00cdacc38812140571b65ea4c73dca17eae21,held,pass,H67;H68,,day,range_or_status,institutional_or_compound
FGDC-4194,f5fa05f6d3a072ed7552ad45211e14234a5807ffbf963de21b9e74f4621e5b7f,held,pass,H67;H68,,day,range_or_status,institutional_or_compound
FGDC-4195,35e23d6e8e989d0a63090663df89b6add135907387494e7deff9fa635157a918,held,pass,H67;H68,,day,range_or_status,institutional_or_compound
FGDC-4196,0565cc6bb5e91a3477e0f13b9cf313fee80f950d51a0f1397d5f36f1a93a25f7,held,pass,H67;H68,,day,range_or_status,institutional_or_compound
FGDC-4197,c3189ca12e33143dd52af280b22b506840965a566bc5046e7b5c51902d72457e,held,pass,H67;H68,,day,range_or_status,institutional_or_compound
FGDC-4198,70f291845b2bd8058d96f4843a151b3c3349252a187441fbdc2f4a875bc8ee09,held,pass,H67;H68,,day,range_or_status,institutional_or_compound
FGDC-4199,6914e11df81940e019570599fdb8d7a3a40123c8b6d75a3dead23886778342e2,held,pass,H67;H68,,day,range_or_status,institutional_or_compound
FGDC-42,5ac89c58025f54a0f78f722520bf5b4c999663e639b97f2b27f3bdbce9c2be85,held,pass,H67;H64;H1,,day,other,institutional_or_compound
FGDC-420,b09bad3dad33a54c6690c0e75cbf039a447e8bdd3ec13103ffbd5c3f35635678,held,pass,H67;H64;H1,,day,range_or_status,institutional_or_compound
FGDC-4200,9f2b7e0ce658483c2a051ca3bf3b88b32501d36dc24605f1c6356f02a78c7dc9,held,pass,H67;H68,,day,range_or_status,institutional_or_compound
FGDC-4201,5ab2141a4ae54b32597be4a43ae51a5c7ba5df09df8f9f3d38ff3daf2bb0e046,held,pass,H67;H68,,day,range_or_status,institutional_or_compound
FGDC-4202,bcb6aa62c00669525684817112db85ecaaf4c175f36908efef70257782e5bd1f,held,pass,H67;H68,,day,range_or_status,institutional_or_compound
FGDC-4203,4e7299d8b9a74f15342121baaad2d49668b9aad83a44515319f1025af1b2b9b1,held,pass,H67;H68,,day,range_or_status,institutional_or_compound
FGDC-4204,1655e5c1d25182ded56ee6a99744f12f8fbdf8a38002313d72f38937617b3342,held,pass,H67;H68,,day,range_or_status,institutional_or_compound
FGDC-4205,30cd35253226af9d1a48e8cd0a64ac411c96ae94d033280cf939888cbb7ec195,held,pass,H67;H68,,day,range_or_status,institutional_or_compound
FGDC-4206,4c2b2ca4bd81828046d6755b5ed38714193007496b957b94a55cbdd6baa8bb17,held,pass,H67;H68,,day,range_or_status,institutional_or_compound
FGDC-421,f7a61dafb48d58e6a53298a3e26d8c1d0920d01d4d74dae3e3ba5fe277d6672a,held,pass,H67;H64;H1,,day,range_or_status,institutional_or_compound
FGDC-422,ecb7d8319de5ea130a4adcd51e8e8832f91b9eb27153a27f7a55f2cff3555393,held,pass,H67;H64;H1,,day,range_or_status,institutional_or_compound
FGDC-423,f6e0de4b4d71d062ecd31ff533495c64230c90af0856018860b5456f685bd89c,held,pass,H67;H64;H1,,day,range_or_status,institutional_or_compound
FGDC-424,e75c1c4e7ddcb11d30e1a575d919c0957a99ddf9ee44ef0417d0b26fef69729e,held,pass,H67;H64;H1,,day,range_or_status,institutional_or_compound
FGDC-425,97af73233e97bc05ddb25bf20ad26fc271987437873b73115b2b1472847ae610,held,pass,H67;H64;H1,,day,range_or_status,institutional_or_compound
FGDC-426,1df3d30f5ae219913008d0db1c43590998bc2b1629aac1ff950a39a8abd44f04,held,pass,H67;H64;H1,,day,range_or_status,institutional_or_compound
FGDC-427,4a6eafbf4e6a0a26f180849647923da94435b220db8c67f3e371b04b075f81d7,held,pass,H67;H68,,day,range_or_status,institutional_or_compound
FGDC-428,842b6bf5cc8e16d44ecd2299645790c35530937d2774775b81f9830d338af558,held,pass,H67;H3,,day,range_or_status,personal_or_unknown
FGDC-429,7daf7b7ff372c33dddb2897ac54a440f0f7ba4cf6c47f6b1d4874219b2bd7435,held,pass,H67;H68,,day,range_or_status,institutional_or_compound
FGDC-43,282db3e1f3b9e0d0f4635957fd2d9714c6bc7b80c872fdb619f4274c920b9ecf,held,pass,H67;H64;H3,,day,other,personal_or_unknown
FGDC-430,f355f1f2e8accfd021cd51ca9f665642dd045943357188ae9bb492e33cbf610c,held,pass,H67;H68,,day,range_or_status,institutional_or_compound
FGDC-431,a9beb19e93fea000e27f1726427c5bdac47f2c095c6f6d4b8bf2676b20703a5e,held,pass,H67;H68,,day,range_or_status,institutional_or_compound
FGDC-432,63e9dc01718e944efd04c1ee0d6bfcd8dafb124e122f67912b7f3901a4505195,held,pass,H67;H68,,day,range_or_status,institutional_or_compound
FGDC-433,1728f2632db4cb39f90c5116e8b99110e6c22b56055df8042de198cf01fe1a6e,held,pass,H67;H68,,day,range_or_status,institutional_or_compound
FGDC-434,6c5d0b6bed55704069f9ca1ee27a82127954d0952db74dc3d1fa057141f60f2c,held,pass,H67;H68,,day,range_or_status,institutional_or_compound
FGDC-435,7f68f36227fb5b3f409cadd867d943d694321f340842bbff1f8893487dc27f79,held,pass,H67;H64;H1,,day,range_or_status,institutional_or_compound
FGDC-436,721946b73624edfdea454018d12cd524b91b76d06607ef20d8bd6cddc23201e1,held,pass,H67;H68,,day,range_or_status,institutional_or_compound
FGDC-437,13d8bb5744ddd22cbae5c7121a3b8e7fb5994af3b2a8a574f52ddc2a95d8ec25,held,pass,H67;H68,,day,range_or_status,institutional_or_compound
FGDC-438,aa5958499ec1eaa9ca5b86af8e94399e25c82211b5dd62aef0f6c97c61f94e5c,held,pass,H67;H68,,day,range_or_status,institutional_or_compound
FGDC-439,5542a49eebb7e9c69a84818a0a7e7bcee0d3a14ead4d317c38cac241d280432e,held,pass,H67;H3,,day,range_or_status,personal_or_unknown
FGDC-44,8aff4966431b0b5f8efefdfb24bc1631807eca53244cccb0554061a137da7250,held,pass,H67;H64;H1,,day,other,institutional_or_compound
FGDC-440,6afca6a6a34a14a14698880869d6b78faf293c7774ebf01f63ec37a221b452d6,held,pass,H67;H64;H1,,day,range_or_status,institutional_or_compound
FGDC-441,4423880d4545e93fb1444578ecaeb0073e933b259ba7ebae28e9680a95aed0da,held,pass,H67;H68,,day,range_or_status,institutional_or_compound
FGDC-442,3465cb8ead19780d1b5e9c1b517e4c9964ce34d29c026520074b9e0687f27f05,held,pass,H67;H68,,day,range_or_status,institutional_or_compound
FGDC-443,7ee2724d9af03a064977a5f6b6ab9f7a63e44cc1e53d81e5eb4c81667c5add50,held,pass,H67;H68,,day,range_or_status,institutional_or_compound
FGDC-444,06070b788f0838465746d5a904b4c2e783fbbc593be9b3d8948b7f168e6f231f,held,pass,H67;H3,,day,range_or_status,personal_or_unknown
FGDC-445,333a7bf2e5b6e715a89b496021765cd282de6238df2778173622ed5f1301ce17,held,pass,H67;H68,,day,range_or_status,institutional_or_compound
FGDC-446,3a7db2b0200d6442874660978c2b88445df41bcdd7238e3a385864dd224ba710,held,pass,H67;H64;H1,,day,range_or_status,institutional_or_compound
FGDC-447,aafa139a8a798840a875be035fa53f274129e9044d1ddf4ed51c2a30867163da,held,pass,H67;H68,,day,range_or_status,institutional_or_compound
FGDC-448,f9f7685f04bf5e24a35ea233f557a9455ce80f33d265c5ec0e0370b860186734,held,pass,H67;H64;H1,,day,range_or_status,institutional_or_compound
FGDC-449,2564e4afbf023eaf177ea1a2a945040993f5fee4d6e5b247198bd3017d857c4e,held,pass,H67;H68,,day,other,institutional_or_compound
FGDC-45,e780ff9a595bb60361cf17a23f9dcd0cb8d47c8aa5530b70f354e9c7ed800554,held,pass,H67;H64;H1,,day,other,institutional_or_compound
FGDC-450,a208d49f7ad963d4be54b2c781403840bf2f419d3554690b6518b7b38b0debd1,held,pass,H67;H3,,day,other,personal_or_unknown
FGDC-451,cdd1170e5752ab1ede44e93faf1855f99d346aa49d0cde130c5ce9b3ac1f39dc,held,pass,H67;H68,,day,other,institutional_or_compound
FGDC-452,857707a4f3812005f530a224ffa270d78a0a780b9996944c217f3057f556b46f,held,pass,H67;H68,,day,other,institutional_or_compound
FGDC-453,6af3f22513c8a459d1e5d06238625e27e08b03ea0eeecb7b6a4be904e998be4c,held,pass,H67;H68,,day,range_or_status,institutional_or_compound
FGDC-454,e2fe8bf99d4f989ed05f48a9960e2fca25fe8ef1bf2d842f2d32723812b05011,held,pass,H67;H68,,day,other,institutional_or_compound
FGDC-455,57088d42f48c7dac64f86b97fae52002bf1645149dc26c8e6637734e92db0036,held,pass,H67;H68,,day,range_or_status,institutional_or_compound
FGDC-456,8ca177c128b6a53805bc444816b8aa9958449bb4484404cfec6126ee183da39e,held,pass,H67;H68,,day,other,institutional_or_compound
FGDC-457,1f224d40ff3b649ef7514b234476fb1931313691a567b98a1567fd1c5a7214d6,held,pass,H67;H64;H1,,day,range_or_status,institutional_or_compound
FGDC-458,f8eaddeaf993d5584844ae51e374e1d5cad3bfda5070b1c68b324c78735797f8,held,pass,H67;H68,,day,other,institutional_or_compound
FGDC-459,9b87a3efa5f723bd8061d7a342f8d0b1d99a62a1d4f08fd1ce0e24b80ab40203,held,pass,H67;H68,,day,other,institutional_or_compound
FGDC-46,6b0ddf4a162f741095804f592d2a56116edb5efa761fd8228842a438ce9abfde,held,pass,H67;H64;H1,,day,range_or_status,institutional_or_compound
FGDC-460,dbc2893a19a1fa4fe392d069c94891a17310d01b6b58247c84640f8ea75b6720,held,pass,H67;H68,,day,other,institutional_or_compound
FGDC-461,78624bba403771f5ef778a6a54916cf806f42cb738363e379eb1ecde9f02ac2d,held,pass,H67;H68,,day,other,institutional_or_compound
FGDC-462,d89ebc3e77642b9db9da407311bf629cc836ff3e95e592407a9689ae8af74ebd,held,pass,H67;H68,,day,other,institutional_or_compound
FGDC-463,3ba856baf288ffd6693c317d8c72da39a3cc206d65de69227bac67b727af511e,held,pass,H67;H68,,day,other,institutional_or_compound
FGDC-464,52996b5f83c5ac4294287e545d4baf06f87d2e511ebeb1f7b57637eda4a08324,held,pass,H67;H68,,day,other,institutional_or_compound
FGDC-465,07acb0bf2be82553dd95c176c9bda595a2f1aba44b2ff54384504d99abe9e379,held,pass,H67;H68,,day,other,institutional_or_compound
FGDC-466,3f1bd36d03620e8e16b2f79a4c9bf810afcd410847f5b7db63d7b99f03150396,held,pass,H67;H68,,day,other,institutional_or_compound
FGDC-467,27f8d3ae99111935810553f65a6036a9ed637ad81902e176386f96bf39b39e97,held,pass,H67;H68,,day,other,institutional_or_compound
FGDC-468,1c178ec714a0439715fdbcb204c8f999a86543c62625b54f01e88cc833004ca7,held,pass,H67;H64;H1,,day,range_or_status,institutional_or_compound
FGDC-469,820e8897068546a6dbe3d83e32e75a847e031b77c6844d5174dbecd671cde4f1,held,pass,H67;H68,,day,other,institutional_or_compound
FGDC-47,06e4b130a2f133d7e9321d0e007bee6bb60df9bac1087b0725929cd054ec73c1,held,pass,H67;H64;H3,,day,other,institutional_or_compound
FGDC-470,809b0efcc343e10e28a14fc93da75f89d111322000556914eb5606b8c23dec73,held,pass,H67;H68,,day,other,institutional_or_compound
FGDC-471,027c8516736d101d2e5d3f0c02f3673bbe9f9d19e710557a80e1ef1553336bd8,held,pass,H67;H68,,day,other,institutional_or_compound
FGDC-472,d3ea7a09ffcfc30c30827dd7dfe6151938829af72a467e5357e853ea71e4ee5d,held,pass,H67;H68,,day,other,institutional_or_compound
FGDC-473,bd64028b0b82a06816bbf2b1ed5f4658433a63133727ff8e09ba4fca6ceb65ae,held,pass,H67;H68,,day,other,institutional_or_compound
FGDC-474,a852f85039a6faf453a229671d775a7ca9c6bd05f8b08e6554f77d8b0d3a3a6e,held,pass,H67;H68,,day,other,institutional_or_compound
FGDC-475,dcd476021d7edacf274a25b24f9eef4a57f9aef6d5ebd926f8f89643a389eeed,held,pass,H67;H68,,day,other,institutional_or_compound
FGDC-476,0f12e7cb6dc40b28ac6a0b547cfadf17cd8bb9bec615d4f1aa94464b1871a343,held,pass,H67;H68,,day,other,institutional_or_compound
FGDC-477,d237b8f709448fd0d66b56beef9840197aea3a0c09a54e1a72953e820602d871,held,pass,H67;H68,,day,other,institutional_or_compound
FGDC-478,acd02fdcd7819380a07c6f0319cd7caa380753556e050f9560b8b5aa9a76e8e3,held,pass,H67;H68,,day,other,institutional_or_compound
FGDC-479,66601baedcf56a71d73ae131e3b3bcd3795c760a2c0321b36d5606d35c54de6d,held,pass,H67;H64;H1,,day,range_or_status,institutional_or_compound
FGDC-48,cb514b192c38a6372d4a4b72af8895ca3ab2d47b6597d64456448691c53d1716,held,pass,H67;H64;H3,,day,other,institutional_or_compound
FGDC-480,942a3c1e294755f57d8a3153c9eedc91e1abbbe0545425f12329873f456c9414,held,pass,H67;H68,,day,other,institutional_or_compound
FGDC-481,2bddf857580208f60810471a2cb4b17df92ec76907b5555913038420a2236532,held,pass,H67;H68,,day,other,institutional_or_compound
FGDC-482,3efb942040ff78598e7e9ecfa0174a1b09b21f770a102328d6bde0d40d5953cc,held,pass,H67;H68,,day,other,institutional_or_compound
FGDC-483,543afe9381c0e293d79c9abfc2d20fa420fde2fae919d31fd9cea40b408b8923,held,pass,H67;H68,,day,other,institutional_or_compound
FGDC-484,6affa29f5b6addbbe40d8c404b0b019743088774a2ccb861a956a821593d96ff,held,pass,H67;H68,,day,other,institutional_or_compound
FGDC-485,76dd8d827d6aefebdb4073c01252f1c32db76df7e34a1e4d2456ce72e016c692,held,pass,H67;H68,,day,other,institutional_or_compound
FGDC-486,e8bee268585528cfcb0ab54b553e5620c0824034e4296b5dfdbacb801446d780,held,pass,H67;H68,,day,other,institutional_or_compound
FGDC-487,bee1f1fa61ea483ef76962e1ac86f7e3d3face490aefbf9f86dab907895b7434,held,pass,H67;H68,,day,other,institutional_or_compound
FGDC-488,dac5f3d764fab18a8b4a71817a300fac8727f77360fc6ff40af5082bdc71d628,held,pass,H67;H68,,day,other,institutional_or_compound
FGDC-489,b47f9218b661ccba5e0b4cdc4e171ce5d0d91fef2597f89c4b3e15dbba1434ee,held,pass,H67;H68,,day,other,institutional_or_compound
FGDC-49,6d67f6098c05c7552abfd7d83f9dc4763354ddfb183ef7a551b1859e61d8b71f,held,pass,H67;H68,,day,range_or_status,institutional_or_compound
FGDC-490,d8e2dc1177b7df56e97b1b3538300b19a511880245b1754fe09e9a599925aa1a,held,pass,H67;H64;H1,,day,range_or_status,institutional_or_compound
FGDC-491,5ca2a29eae72e0ab782c478b2ae3592192648feba5e3cbec410f2cd7c02544ca,held,pass,H67;H68,,day,other,institutional_or_compound
FGDC-492,16b0f403c6f80745028dd6b751584f1775f38301fa89e1f45333599daa089b7a,held,pass,H67;H64;H1,,day,other,institutional_or_compound
FGDC-493,804684b632f59233637e3bf234c209dbb7dbb25c591bd3899bd82f14c7db3548,held,pass,H67;H64;H1,,day,range_or_status,institutional_or_compound
FGDC-494,b56b832556b24da236e2c2044181107215b9afd13da67888317bf70ff2de9b0f,held,pass,H67;H64;H1,,day,range_or_status,institutional_or_compound
FGDC-495,a8390e77a2a0066a7c500c372a3624973ef8f57b9a05bd2444e5689a7b61d479,held,pass,H67;H68,,day,range_or_status,institutional_or_compound
FGDC-496,919e30a6217708534d8da9bf7ecb08acf8c1546bfa50925772fe51b44ffdfe66,held,pass,H67;H68,,day,range_or_status,institutional_or_compound
FGDC-497,403cdd5749c8f70fbd0d39caf3a07c5f3e7a97e5be0a790be317b11c42f15658,held,pass,H67;H68,,day,range_or_status,institutional_or_compound
FGDC-498,6f4b41e94206ebf23bd037e4332ce616b0d4e3ae06a22d38368e6914492e45a2,held,pass,H67;H64;H1,,day,range_or_status,institutional_or_compound
FGDC-499,fbce1b1e8398d60dfd01b82f3d26a14e9cc58c035857e5fb174c0e915a48751e,held,pass,H67;H64;H1,,day,range_or_status,institutional_or_compound
FGDC-5,d88193245f6651b6273588bdf19688f63fbdb3b0d588b18985f4419aa4ed1322,held,pass,H67;H64;H1,,day,other,institutional_or_compound
FGDC-50,442302079e926a379463cdb524ea7ea4a5cf7742a1c5638dffedc46682e2f3e6,held,pass,H67;H68,,day,range_or_status,institutional_or_compound
FGDC-500,58da23dd38f30a1a381bfcabebcecf99a7cb5cfba3b89d3acbc5515d13e483b9,held,pass,H67;H64;H3,,day,range_or_status,personal_or_unknown
FGDC-501,d71ef2f87fc341814e0fdd670bffcfc418581c2acc94b2a5ab5163b4046c1aee,held,pass,H67;H64;H1,,day,range_or_status,institutional_or_compound
FGDC-502,19b8b7271c7948c6c0e7eac26891e1afd8f344f224e3cab9b6428635585a4157,held,pass,H67;H64;H1,,day,range_or_status,institutional_or_compound
FGDC-503,87cf7c65274d56dd7b9ec0d13facbc00354e3c21408ea2dcf64078d5ab0212a7,held,pass,H67;H64;H1,,day,range_or_status,institutional_or_compound
FGDC-504,8da2465030bd7495037a3880838c4e0e66d5c417341973335c1225ef43b35606,held,pass,H67;H64;H3,,day,range_or_status,personal_or_unknown
FGDC-505,941d8a3ae27bf6a3f4537e06fe72926941c74a4319ec88ee05474b5c5a2c8014,held,pass,H67;H68,,day,range_or_status,institutional_or_compound
FGDC-506,371db9f2610130b6b71b5b197a4233f34e70a472754bc8c7d9138c0ece05aae7,held,pass,H67;H68,,day,range_or_status,institutional_or_compound
FGDC-507,a66fb23084b6dd6f0e4df30321344e9779d9ababdec4b7a95d11511819b2e631,held,pass,H67;H68,,day,range_or_status,institutional_or_compound
FGDC-508,8b470cb53ccac5e2de2beb30251a51380b254272fbf76c32c13bdc9e0fa9bca8,held,pass,H67;H64;H1,,day,range_or_status,institutional_or_compound
FGDC-509,e7371f2b6acd7b010462e48b3ad7d2575100a5a492ffad7eb1db5335ae49e38e,held,pass,H67;H64;H1,,day,range_or_status,institutional_or_compound
FGDC-51,871b661343a29457ae30e175b3b47295cd675717ac437e5ab886303d54c116a1,held,pass,H67;H64;H1,,day,range_or_status,institutional_or_compound
FGDC-510,f3b7d63d01d3c3f2c6fb9b11624174609e3d64a56d4faddfbc2edf29849eecd9,held,pass,H67;H64;H1,,day,range_or_status,institutional_or_compound
FGDC-511,e17d8a80db98e5cdff287998f86291136a053a3b5f0dc670580600d737f32326,held,pass,H67;H64;H1,,day,range_or_status,institutional_or_compound
FGDC-512,ed646b79b71333adb950dcb2d40cfda5e10b7b68d81c55a53f2aee9146160ebe,held,pass,H67;H64;H1,,day,range_or_status,institutional_or_compound
FGDC-513,1c0f1c5682a6e48eb59a2b6f93ff787b11e78512603d695c553835547e65a3a3,held,pass,H67;H64;H1,,day,range_or_status,institutional_or_compound
FGDC-514,08e6960762a9186718e650c0ae69de5a7b6bd13feabea034f3d6cb80518604d0,held,pass,H67;H64;H1,,day,range_or_status,institutional_or_compound
FGDC-515,215a770046b661dfb1692be5ba6051a6340481f14d783dc912df90f96c590b35,held,pass,H67;H64;H1,,day,range_or_status,institutional_or_compound
FGDC-516,85ae69c03fcf44959ee9ad7033f9d5a5bd28f6f3319f9178304b6999e96cc4b9,held,pass,H67;H64;H1,,day,range_or_status,institutional_or_compound
FGDC-517,95b7436a96978541a726827c04ab5afc67bf19069cf43de57d4049c629b3bf0e,held,pass,H67;H64;H3,,day,range_or_status,institutional_or_compound
FGDC-518,53a17863536dde5e00521180b91ecb859acbfce02408b71f5025e87df7748bd5,held,pass,H67;H64;H1,,day,range_or_status,institutional_or_compound
FGDC-519,113ec70b5dada4b009a1280acfecb6bc0745e5fd94f33fd8089074eb29ed9f2a,held,pass,H67;H64;H1,,day,range_or_status,institutional_or_compound
FGDC-52,15003c68afe0770e1af3d39e7627e756a3fdc23d9032c4d0591b906adc096c0e,held,pass,H67;H68,,day,range_or_status,institutional_or_compound
FGDC-520,2b8944162579bc8579dab2821533d0cdb2ea46db8c512e3ca44e15a46c007bd5,held,pass,H67;H64;H1,,day,range_or_status,institutional_or_compound
FGDC-521,a69cf4f3196c1c980778fc5810f589eb8c0aa537a572936459f0cf02ff0c000c,held,pass,H67;H64;H1,,day,range_or_status,institutional_or_compound
FGDC-522,24da5346e4df0b58be1700006c30cd0a7b0309820ee4cb3d0ad5aa5c4a825663,held,pass,H67;H64;H1,,day,range_or_status,institutional_or_compound
FGDC-523,86079bf4edba41bdfb387b7fc90f75d28cbf24148684228157c80d0539e8313a,held,pass,H67;H64;H1,,day,range_or_status,institutional_or_compound
FGDC-524,24f3beffa52af928c37e3c52ad461eda29b16f15f41662f9213dc61cb4b9a484,held,pass,H67;H64;H1,,day,range_or_status,institutional_or_compound
FGDC-525,d21b8b69043554bc0bd30307fd8f24d11514ceedf52afe280e8115b3cee34b0e,held,pass,H67;H64;H1,,day,range_or_status,institutional_or_compound
FGDC-526,30240b621bd44ba4ee7f8e8aab28fef6c2fd1a9e0885f7bb5c65f66ec8a52978,held,pass,H67;H64;H1,,day,range_or_status,institutional_or_compound
FGDC-527,7399509cd255a1ec689a78d29d86d0080137228db55efd9044b686cffe6a0dc1,held,pass,H67;H64;H1,,day,range_or_status,institutional_or_compound
FGDC-528,b591889bc423413387e3ecd7dff4ddd74c3ad70e69145fc3dd6f9139f3e94bd5,held,pass,H67;H64;H1,,day,range_or_status,institutional_or_compound
FGDC-529,c376e9350823dda171789ced4f7ced91138060c0fc3834fca298eea00370329c,held,pass,H67;H64;H1,,day,range_or_status,institutional_or_compound
FGDC-53,dbbb55ae0fb2b049d43a4e6c529360b2d9e5159794ad431ddf0453c0f3074e45,held,pass,H67;H64;H1,,day,range_or_status,institutional_or_compound
FGDC-530,6fb515599e7f15f18e2b28606b013ff5961923a9e2505920e036191ed1fde1ef,held,pass,H67;H64;H1,,day,range_or_status,institutional_or_compound
FGDC-531,b99454ac26e13274be763453d185a1d591d21e64067944b38a6dfe29fef5f073,held,pass,H67;H64;H1,,day,range_or_status,institutional_or_compound
FGDC-532,ab9ebd53b46c5cddab07cdda058b8696088f794fd7aa22afea3a95a80eb55fdc,held,pass,H67;H64;H1,,day,range_or_status,institutional_or_compound
FGDC-533,d4e009b8ee1494b6cd5f9a702f3b317ff913018fa84b676cad62f335e37ddf7a,held,pass,H67;H64;H3,,day,range_or_status,personal_or_unknown
FGDC-534,6bde90170b909545cd90005947dbf6d35a4a5f1051b7f1031d12ef49741e9ae0,held,pass,H67;H64;H1,,day,range_or_status,institutional_or_compound
FGDC-535,8591bf5e9b9646a63c13c797d0140dde1979c71621df9aa3621a693d834ebf28,held,pass,H67;H64;H3,,day,range_or_status,personal_or_unknown
FGDC-536,3a334b262a6f1c7af6ac74af6fcde4b3026d151d743fafacf7be0ded42cb563a,held,pass,H67;H64;H1,,day,range_or_status,institutional_or_compound
FGDC-537,81caf1e620e52162447c2122afc770947dfdb73d45f2a1522eb93d3967b2ea53,held,pass,H67;H64;H1,,day,range_or_status,institutional_or_compound
FGDC-538,f844630f61848981f29c0076f96d80e26723ee35174f65e55b707655a6399c04,held,pass,H67;H64;H1,,day,range_or_status,institutional_or_compound
FGDC-539,c3de6c158ab76768f1eca7354ccc5dbc377a7594b221b28427f4cbd669ead8b6,held,pass,H67;H64;H1,,day,range_or_status,institutional_or_compound
FGDC-54,25050cb8f51806a317febc2eebd194d63cebd65932d6a5750971dca6e8da0a41,held,pass,H67;H64;H1,,day,range_or_status,institutional_or_compound
FGDC-540,238a93f4774206ed0e91da103e8cb56c565b21f9678e51e56aa224e9094d14ed,held,pass,H67;H64;H1,,day,other,institutional_or_compound
FGDC-541,86d75a34737e771566e1a619676d9a1fe66e6f7a4f39ddb10fa57660e17efc72,held,pass,H67;H64;H1,,day,range_or_status,institutional_or_compound
FGDC-542,20bec6511be112b40ad97943ea01e457b6750becfecb288a2291877c8777d90c,held,pass,H67;H64;H3,,day,range_or_status,institutional_or_compound
FGDC-543,e393f9181275036d60a6db015b65155b1b9ddf3d4a34ee7a8cad2654734b3dc8,held,pass,H67;H64;H3,,day,other,personal_or_unknown
FGDC-544,0acbf57b4e1789f7d45b16cce1bd261bc123721d0269ca7c297008a9917d8500,held,pass,H67;H64;H1,,day,range_or_status,institutional_or_compound
FGDC-545,82ac680b3d26bb8f80b4642d21e314813247a8ba74c3faddd7d73bfffbd89e23,held,pass,H67;H64;H3,,day,other,personal_or_unknown
FGDC-546,8f6d9e0d603255b0156a6c6b356e6973f2429c782672406a5b50827400483662,held,pass,H67;H64;H3,,day,other,personal_or_unknown
FGDC-547,777f31dd1bd7686f8a94a6559efc27bd11255d1c3ee7feeebdd1b180ae3b8724,held,pass,H67;H64;H3,,day,other,personal_or_unknown
FGDC-548,e48070eb5a688b732bce467796b932f80ecbe600e7e3297e68d5709538629c7c,held,pass,H67;H64;H3,,day,other,personal_or_unknown
FGDC-549,b27410843d7a077362d7348cfa5da3c0889dde6850ce97fe23515c2094ac06d3,held,pass,H67;H64;H3,,day,other,personal_or_unknown
FGDC-55,7104735f361c2b33bd1ac53a406f05e706a0b75fab0b98712240940301150c60,held,pass,H67;H64;H1,,day,range_or_status,institutional_or_compound
FGDC-550,703288a7c4460de563e91b6cab47ab41fcf62b6fc41f30c92910dedf8426d14b,held,pass,H67;H64;H3,,day,other,personal_or_unknown
FGDC-551,26031acb0be2cd0ccf8b63623fbe5d4453d3415f748dcd083c5a55acc259a16a,held,pass,H67;H64;H3,,day,other,personal_or_unknown
FGDC-552,342928f5a48294371b35eca91d0303065d5dfdb1eb151195bfe20621ec9c7bd8,held,pass,H67;H64;H3,,day,other,personal_or_unknown
FGDC-553,ad5907dd4660cb821b828e980a023a08c7b65d4a2f59a0fcb4f484049a7191a8,held,pass,H67;H64;H3,,day,other,personal_or_unknown
FGDC-554,3189d71b2848856a1bdba644c05fbfeb33e09f7c1fe7bdef1c366f6ce00d7c21,held,pass,H67;H64;H3,,day,other,personal_or_unknown
FGDC-555,12a287149c0e2c80f498c4f2a87eec37c31810ebdd90bee7fb257c96ae8bfe4a,held,pass,H67;H64;H1,,day,range_or_status,institutional_or_compound
FGDC-556,006d4437d0049c3762958209ffe02ed4f0df5f1b1ef54acdd30276375ad0008f,held,pass,H67;H64;H3,,day,other,personal_or_unknown
FGDC-557,b61781d15506505c3cec592f53250e0429944f5da578c5ac79a54959fff2a7c7,held,pass,H67;H64;H3,,day,other,personal_or_unknown
FGDC-558,07ff9e68edab62873e6db271c43f2908462478009d2ca861bafbd5f918dc60b9,held,pass,H67;H64;H3,,day,other,personal_or_unknown
FGDC-559,facb54511675fc9c0403c9616998575af910b3e5b4cd948fe77fe5bab2042700,held,pass,H67;H64;H3,,day,other,personal_or_unknown
FGDC-56,0c003aa7cf139619edaba4bfe1ccccc11aaf79e8d307102f7eba320a3f2e761f,held,pass,H67;H64;H1,,day,range_or_status,institutional_or_compound
FGDC-560,e1701f70ad40d3b4f50c57239bc15c71de793d55e89e821b6ad9b66917c067cf,held,pass,H67;H64;H3,,day,other,personal_or_unknown
FGDC-561,3992431dafa763ae2124f71519a39bf6c0c56bf3de4684a4ce20e3f564abf242,held,pass,H67;H64;H1,,day,other,institutional_or_compound
FGDC-562,ba3d41506f5a66d9afee8717be7907a9a80f282020235ac91d166f11ef0e6ada,held,pass,H67;H64;H1,,day,range_or_status,institutional_or_compound
FGDC-563,05162fde43cb4f5e122aa898d19e5a638c533bd6043b3ec10cc43b09242bcd28,held,pass,H67;H64;H1,,day,range_or_status,institutional_or_compound
FGDC-564,2638d5dbf5ca41f28037d2a291321e34693c3172152858644d2fe65086e2f8aa,held,pass,H67;H64;H1,,day,range_or_status,institutional_or_compound
FGDC-565,fb3b8f44a89a3115ec1bc62cf843bc2c2e29773b86b689f527c9b66c6b69183d,held,pass,H67;H64;H3,,day,range_or_status,institutional_or_compound
FGDC-566,92637a9e6adf982aea56598e0de9438558e3bdfe09751022aec38646d4a260e9,held,pass,H67;H64;H1,,day,range_or_status,institutional_or_compound
FGDC-567,316448057c9d9db983405831ffb62562010ac621d690cf7b95c0c611972da480,held,pass,H67;H64;H3,,day,range_or_status,personal_or_unknown
FGDC-568,a687ee4c1cc9072f356e9c674e05b7d6a2df4e81bf4ed82e7d764a0b081430f4,held,pass,H67;H64;H3,,day,range_or_status,personal_or_unknown
FGDC-569,c9bde0fe841fb3c59dd8f1ec902efe2ba36e9fe8ca595622ece326b60a7f131a,held,pass,H67;H64;H3,,day,other,personal_or_unknown
FGDC-57,99ffd73d5d06c3d3b134e9d121550680235131a8c63553cb8283e6a4d899eef0,held,pass,H67;H64;H1,,day,range_or_status,institutional_or_compound
FGDC-570,727873a2d00b1dd95303784c3b986f829c2023421591cfcff8cafe892cd3cf41,held,pass,H67;H68,,day,other,institutional_or_compound
FGDC-571,0a19ded2161c5cf79a8ec0b15d9343a8e9bc3c1648b73e8293ae5039dd075e18,held,pass,H67;H64;H1,,day,other,institutional_or_compound
FGDC-572,523f6ccbdce2ac1c45d97b0205794772e8535e07ea6417ccb3bc7847d348df1a,held,pass,H67;H64;H1,,day,other,institutional_or_compound
FGDC-573,8f169b58da27c345ed4f4111d6419d89749fb6be11cfb042326d6f5563d8bbe9,held,pass,H67;H64;H3,,day,other,personal_or_unknown
FGDC-574,f76cfeb5103c7ebc9ba1108d9cbfd22b94a889a8aea800521b047bf8c02747ac,held,pass,H67;H64;H3,,day,other,personal_or_unknown
FGDC-575,12f2a7bd8cf3c4587424b343414e61cbf7fcfe8cbd5378f13b219e746376d214,held,pass,H67;H64;H3,,day,other,personal_or_unknown
FGDC-576,5ee0491be59e811aae0a1eda9508a22c6fa837bc893ac9f818d2147e38cbdaa9,held,pass,H67;H64;H3,,day,other,personal_or_unknown
FGDC-577,c3d1c3caca278494b46631efb1a6a1ccc4b4fb1118dcd403377aeed37d198af5,held,pass,H67;H64;H1,,day,range_or_status,institutional_or_compound
FGDC-578,734e45aec7e8eef957cacf29a479b54c16f21130260a97724016e2a75d17df09,held,pass,H67;H64;H3,,day,other,personal_or_unknown
FGDC-579,8bb135ccc245a35398d8279d887e6c2c5911b6d1029060bb3fea0f2584d8da1b,held,pass,H67;H64;H3,,day,other,personal_or_unknown
FGDC-58,135410c4adeee23660330a7fe17c53727fbfff80ce2ba076ed6a8fe71581e0ab,held,pass,H67;H64;H1,,day,other,institutional_or_compound
FGDC-580,139a5568a7bbf46daacd63128812124fd9a0033c48532d8313d1735d4fdf95a4,held,pass,H67;H64;H3,,day,other,personal_or_unknown
FGDC-581,b384c383a8621f38a6b734b4f88690efb33add6f1123178dd7670385e021e23c,held,pass,H67;H64;H3,,day,other,personal_or_unknown
FGDC-582,4c42d4656b12bca412e41c52394e69e5cdb65cd1151431933f9dbdc16d2321ae,held,pass,H67;H64;H1,,day,range_or_status,institutional_or_compound
FGDC-583,e412cdd5f9b1e2e6febe2719b2501698658128f0b579dd0164816ee93e761836,held,pass,H67;H64;H1,,day,range_or_status,institutional_or_compound
FGDC-584,3e2e8ce7f0cd927e7a668b8d388cba33b3ccefa80ab3662bdc567d2f76694e94,held,pass,H67;H64;H1,,day,other,institutional_or_compound
FGDC-585,f379c1fed7b546ba0e6dfd09b561d49533031bfaa4c660ddcec821276d0d51d6,held,pass,H67;H64;H1,,day,range_or_status,institutional_or_compound
FGDC-586,ad183fe6f252790e56f64858f27a9689c0ed4fb99e860f827660bb818093b5f2,held,pass,H67;H64;H1,,day,other,institutional_or_compound
FGDC-587,3ca31af9c69c150face049e551bd10ddf3962a39722fabd506d35a6ddbc015b2,held,pass,H67;H64;H1,,day,range_or_status,institutional_or_compound
FGDC-588,c6fccdbedb3c6243318e859a5d856f8ed6765faa107e4e71b1ba8ef1a5c5fda7,held,held,H67;H64;H8;H38,,day,range_or_status,institutional_or_compound
FGDC-589,9105967d17abbbd3d53bc6d1611a2497ef7aa54b4ef7e727cf5e97732d937331,held,pass,H67;H64;H1,,day,other,institutional_or_compound
FGDC-59,3ce1c4149e576810027762770bcbdcf153de90f2c9e07985960b17f3f67dae5b,held,pass,H67;H64;H1,,day,other,personal_or_unknown
FGDC-590,63095c3a46965b4470d6bcb8ca7eb6896a16526cde5b6b7c408088456607e375,held,pass,H67;H64;H3,,day,other,personal_or_unknown
FGDC-591,45d79929e680f9969284f550381d0593a5a880b887ce39f47ca2d2c747db47e0,held,pass,H67;H64;H3,,day,other,personal_or_unknown
FGDC-592,e5483ae0060fd897ba65b6b46f165f21591cc3345e85046a12518347b0dba7f8,held,pass,H67;H64;H3,,day,other,personal_or_unknown
FGDC-593,2cb88184d96b94ac8c26311f6deb8898b7877e7b09f0693edb0ccfdafad2d7c9,held,pass,H67;H64;H3,,day,other,personal_or_unknown
FGDC-594,3804100e341679fd3ded8d1b95505ab373c10c967ac07045913ab10a8ee4643f,held,pass,H67;H64;H3,,day,other,personal_or_unknown
FGDC-595,fa058eb66392a2e3898b32242ac9f5355a3bd39ef1b386f964ea3457ae264964,held,pass,H67;H64;H1,,day,other,institutional_or_compound
FGDC-596,745e875b402cae487062c5adff39a444591be1ffb5892d1685bd31378b65fb25,held,pass,H67;H64;H1,,day,other,institutional_or_compound
FGDC-597,7f9226103e2f4907f30bbbedd2d5bf93f9a05458cc672650b0fd3e96867589ee,held,pass,H67;H64;H1,,day,other,institutional_or_compound
FGDC-598,dda4beb2f71b97be5c0a02660affa6968755b2cde09d14acd06b85fb7a6063d0,held,pass,H67;H64;H1,,day,other,institutional_or_compound
FGDC-599,b07e5926bdb5eb08b468a77fee4d3218680b5dc124bac3e2e0572b2aaf285f36,held,pass,H67;H64;H1,,day,range_or_status,institutional_or_compound
FGDC-6,76c35e656c2108aa81ad774e4262f30b68636c548e39cd8dc62d0fbfb9952058,held,pass,H67;H64;H1,,day,other,institutional_or_compound
FGDC-60,9f009f8cbe521ea7cdd1fd557722a1dd84f1affb1d6e2f4ed4a2d64cbd7874ac,held,pass,H67;H64;H1,,day,other,institutional_or_compound
FGDC-600,35d2364ee75db75b1e93b3f71cfcf10fa178d3a40fa059baeb8c2ce5707a4539,held,pass,H67;H3,,day,other,personal_or_unknown
FGDC-601,78fef95cc0782db73637b12ce2d92cdd8d164ad7c8765ed898d51ce78c939f77,held,pass,H67;H3,,day,other,institutional_or_compound
FGDC-602,5e3a926bc2beac15bfa0a15812cf484c35a74498cef7d87f427bac23f38fc0d3,held,pass,H67;H68,,day,other,institutional_or_compound
FGDC-603,118958684e84d27c480eb9b4060801c126fe3936bca2c6fe411b6fe834777e63,held,pass,H67;H68,,day,range_or_status,institutional_or_compound
FGDC-604,c87b4f234e85c9cfe635ff4d7ece85813160f72f0643aefe926392c5592bc960,held,pass,H67;H64;H1,,day,range_or_status,institutional_or_compound
FGDC-605,f2b68e8e8914336de058d9849ce7aac170c0256963f6b487eeec1f03d00d486e,held,pass,H67;H3,,day,range_or_status,institutional_or_compound
FGDC-606,fb7714c5f042db61774d68a3b5f8ac08d0d148236a2dbec2f2b6ed725751f5a4,held,pass,H67;H64;H3,,day,other,personal_or_unknown
FGDC-607,9fdd8e455d4e94d671210c6a0c6697127dbf4d33c3452227a6c4b52100de1877,held,pass,H67;H64;H1,,day,range_or_status,institutional_or_compound
FGDC-608,5d9fdd2badb606dd9c0781c711e8f3c023df1f9a2fcc45d1275a4d4d15a17d26,held,pass,H67;H64;H1,,day,other,institutional_or_compound
FGDC-609,2cff92780c3ab98df60a14754ed8b5952705b8f2ecacb846170d42f09b62fc43,held,pass,H67;H64;H1,,day,other,institutional_or_compound
FGDC-61,1de179a5b7e575993e07417daeb518557979bcd08c8ced769c0407f5f5e7819f,held,pass,H67;H64;H1,,day,other,institutional_or_compound
FGDC-610,5e0a13f0d969ab6b7621dff0453e83b8b338d49b4ab5107be4b19ce28f780375,held,pass,H67;H64;H1,,day,range_or_status,institutional_or_compound
FGDC-611,67ea01c666381e5feb245028285ea6f6f785cd8a63136911695c035de07fdc65,held,pass,H67;H64;H1,,day,range_or_status,institutional_or_compound
FGDC-612,f620e1ce42047f8095ff7b11d31721916fbf9bdec8cd7790376f2db7619f622b,held,pass,H67;H64;H1,,day,other,institutional_or_compound
FGDC-613,e908535a56bfb6c922f56ebb4bea2d93c911d202602a15bf0265632521c0ba25,held,pass,H67;H68,,day,other,institutional_or_compound
FGDC-614,d62cc9e04fc1a97524419db182bd7ddae2d4031df9de020669b5bd37745a9d17,held,pass,H67;H68,,day,range_or_status,institutional_or_compound
FGDC-615,17cc8b3da2a6b5292ff8f9027ffb9e36fdae2229638eaa7648266ae910a16950,held,pass,H67;H68,,day,range_or_status,institutional_or_compound
FGDC-616,b11c93b354e3ee26776e97a640f3bc8d02afe9fd14e7b17b2ff9b01ed1a1cd98,held,pass,H67;H64;H1,,day,range_or_status,institutional_or_compound
FGDC-617,c62de25d20c6fa28983ee8a6c35441acb2f7319c6a021bfeb4214277c28f3aaa,held,pass,H67;H68,,day,other,institutional_or_compound
FGDC-618,e7f175ac3606ed11221f24a2997b3cf28aa89f82371c42a0e7d514944accb184,held,pass,H67;H3,,day,other,institutional_or_compound
FGDC-619,117cae64f54ce82410346f23153b569f2190a268c125733a30445cc6c183184c,held,pass,H67;H3,,day,other,personal_or_unknown
FGDC-62,f6fa9790ac756f918ec26a537efb1c6a60ff523aab59669b27dc2e395e97a600,held,pass,H67;H64;H1,,day,other,institutional_or_compound
FGDC-620,1a547f308bdef8f9eb8cebf56fcfa0ef4bbd935d3c644c15013f91936f0bc54c,held,pass,H67;H68,,day,other,institutional_or_compound
FGDC-621,399e73323bf185d11b709abafa052d031375d6be741a35e0f2752f14f97640a3,held,held,H67;H64;H14;H44,,day,range_or_status,institutional_or_compound
FGDC-622,d4783a9726d23fa50c5653e43eff7eafb6ff6d233b324b77904e77e20a13f030,held,pass,H67;H68,,day,other,institutional_or_compound
FGDC-623,226c7547370d4c7094ffe50467d7dc7a92debc0e66cf4168eb614d23ba04c2b0,held,pass,H67;H68,,day,other,institutional_or_compound
FGDC-624,8d655dc6ef7c5db0b71e0ed8b8cfd64572ef89c2c36e3ea1a053e3e13b67a912,held,pass,H67;H68,,day,range_or_status,institutional_or_compound
FGDC-625,626fb0881e699c8a20df4ab8d5028eb39760e910d5f2d0d52bb3446247b111fa,held,pass,H67;H64;H1,,day,other,institutional_or_compound
FGDC-626,26f9679c7d3081408c492a96c7ef02083791dee8348ede5c1f30957cc104cb58,held,pass,H67;H68,,day,range_or_status,institutional_or_compound
FGDC-627,0d54b89cbd3650ee0c4e943b7efa51ce32cf7fb2ff56c9644e8f459f51892e29,held,pass,H67;H64;H1,,day,other,institutional_or_compound
FGDC-628,b2ff1fda141510223e0434a072214679fbb149526c0113ebba099dae22390c04,held,pass,H67;H64;H1,,day,range_or_status,institutional_or_compound
FGDC-629,bf2a3e8a142e66a728d40842b8564c9a1028754b338644fb914b3f435e0b9052,held,pass,H67;H64;H1,,day,range_or_status,institutional_or_compound
FGDC-63,a867fadda2cd6b45566d4f25871abc4ecba0e73afc28bea95ee5dbc5bbe41210,held,pass,H67;H64;H1,,day,other,institutional_or_compound
FGDC-630,d73d03d604c7ee63828c1d6eba798f820ab1704a321843d1cb0c799397cbeb56,held,pass,H67;H64;H1,,day,other,institutional_or_compound
FGDC-631,ef06894c1accbd29ac8a38c280582b53fc94c4aee006e08422ca675a918893fb,held,pass,H67;H64;H1,,day,range_or_status,institutional_or_compound
FGDC-632,e4b78f4ee98941efe1ba8266ed5aee425c0d0dda54d29e9e80f41ba7fd5c090a,held,pass,H67;H64;H1,,day,range_or_status,institutional_or_compound
FGDC-633,3ff02be2d3961544648eb4acd48f4c88cf613b8837a3bc55322d426369e413e0,held,pass,H67;H64;H1,,day,range_or_status,institutional_or_compound
FGDC-634,80795db7e39a7188b38a398ffa94f70c36a9a500eb37df96139ad94c498f1e7a,held,pass,H67;H64;H1,,day,other,institutional_or_compound
FGDC-635,17a570bd46d00fc1b36b50f2d4f7db3cf4baf7914a8db449d1ea5046a6736601,held,pass,H67;H64;H1,,day,range_or_status,institutional_or_compound
FGDC-636,46973f8cf7c93356c41a89259553899f300fa907f68ad10141e7cecb15631e5a,held,pass,H67;H64;H1,,day,other,institutional_or_compound
FGDC-637,d159b2c47392ea53efccf889b55a3eafa343834b96b4ef63a15d92905bf78e14,held,pass,H67;H64;H3,,day,range_or_status,personal_or_unknown
FGDC-638,2dff06bcff4abe5b6fbb18b8116efca7365c65ecef690017c22c754338fcf0f1,held,pass,H67;H64;H3,,day,range_or_status,personal_or_unknown
FGDC-639,5ae19a78055cc0f29cd82175769de147ec6a19f4d7f469a9ac2826cc0fc961aa,held,pass,H67;H64;H3,,day,range_or_status,personal_or_unknown
FGDC-64,1daf4ea81e8eeb2c6b8e564b53830f57e76978bb7a4adbfc9434ee172c760bc1,held,pass,H67;H64;H1,,day,other,institutional_or_compound
FGDC-640,a7dbfed3c5b307c1bd393e5fbde7c9f85f3b09e25da97de356429d3d50d321e5,held,pass,H67;H64;H3,,day,range_or_status,personal_or_unknown
FGDC-641,d9755a80b7caf7abb56a46593cdb2a4410aa251cf245d2e2c61068fd4f226dbf,held,pass,H67;H64;H3,,day,range_or_status,personal_or_unknown
FGDC-642,886ed436600a6a5512f609a72e78f5ac419012c69c910108226a8548e48c3cda,held,pass,H67;H64;H1,,day,range_or_status,institutional_or_compound
FGDC-643,fd112d53911c968b50b34e919b07eb1775851e59de43e5dc19ad6d2b5340f757,held,pass,H67;H64;H3,,day,range_or_status,personal_or_unknown
FGDC-644,63009b67255b72887352c60e060cb479fe757fd9080be0d4adacfe7e6611a35b,held,pass,H67;H64;H3,,day,range_or_status,personal_or_unknown
FGDC-645,3845169731c52fb192a6b91daa7527a917c04982602444ab45879f2e8b3861d1,held,pass,H67;H64;H3,,day,range_or_status,personal_or_unknown
FGDC-646,338fb8ebd6900a2da426aeee92583ad8b2255d5745424edaad9d49c530b9f4a3,held,pass,H67;H64;H1,,day,other,institutional_or_compound
FGDC-647,c798831ba10b2e5a5f25d9ed19e96a5637d03716d1a57b7e60e95913672efd46,held,pass,H67;H64;H1,,day,other,institutional_or_compound
FGDC-648,3b35a73a0589c17f2cf9202cd08407ce1fdb74eb8cdde7bcad599f204f5f8f01,held,pass,H67;H64;H1,,day,other,institutional_or_compound
FGDC-649,cef7f1d9285e5c69f5ea08827322ac809a04b591e36a98caa3904c21150bb94f,held,pass,H67;H64;H1,,day,other,institutional_or_compound
FGDC-65,3170498f7fa210616003ccb440ebab17dac158634c4a466019dd979e0b66992e,held,pass,H67;H64;H1,,day,other,institutional_or_compound
FGDC-650,759c025d615b886ab361cc78caf406d207214d5924e61b0888e0658e5b9f1ddb,held,pass,H67;H64;H3,,day,other,institutional_or_compound
FGDC-651,010cfca9d043d0ae5fa52563268ce3e87c24d4bee7c0441626ea00cb3e86c9e5,held,pass,H67;H64;H1,,day,other,institutional_or_compound
FGDC-652,737e7f057634d7c22c5bd109a13566b9bb339b7f38c3569ce2da04b8beff7156,held,pass,H67;H64;H1,,day,range_or_status,institutional_or_compound
FGDC-653,fc5afa1d2bd5d2af1373967f90fccfd73fb0c5b04c0222f65f81618d3d8e7ac1,held,pass,H67;H68,,day,other,institutional_or_compound
FGDC-654,a30c1dfd72b38e22165b553fdb350c6ee36d2a50b288e45cc65fb3e98309e2af,held,pass,H67;H64;H1,,day,range_or_status,institutional_or_compound
FGDC-655,7a969ccbf77db57f21f1a1220eb36b69c1136c602d3485e6ad30b23b897de565,held,pass,H67;H64;H1,,day,other,institutional_or_compound
FGDC-656,5ba44c882f751ccf0f1f4feb4a7b641990f60c1404b5cbc0639a0efe05f5ed1d,held,pass,H67;H64;H1,,day,other,institutional_or_compound
FGDC-657,8001bc855554e045f5e99b5378e0bf4077026fa678b3f3b6d77af9757e01a291,held,pass,H67;H64;H1,,day,other,institutional_or_compound
FGDC-658,6f0b3011c63ecaacc05b432eed0d39aeafcc753465791855f0109ced84239e2c,held,pass,H67;H64;H1,,day,other,institutional_or_compound
FGDC-659,6f12a5427c2ab66400fc7413c6542d15e95d9eb31938a389def494295606d190,held,pass,H67;H64;H1,,day,range_or_status,institutional_or_compound
FGDC-66,b1ad2517e160941f36d7cfd113bb66182dc3995faaee57a253cc5fda995295d6,held,pass,H67;H64;H1,,day,other,institutional_or_compound
FGDC-660,3bdeacfeac065f5784b8bc731f02a83966a437704fa2d29be5dd490ef434f437,held,pass,H67;H64;H1,,day,range_or_status,institutional_or_compound
FGDC-661,507aa147628250024f9488886b283e9cbb5798df60a6509b9e28af20576fe307,held,pass,H67;H64;H1,,day,range_or_status,institutional_or_compound
FGDC-662,f8de5f06fb8a35637800ad0eefe985111677e667e26495747abb602acd6dcd78,held,pass,H67;H64;H1,,day,range_or_status,institutional_or_compound
FGDC-663,d939dd62ec7060464d7c945595ebc7f605d5aea404138c8d7dab628c473a2251,held,pass,H67;H64;H1,,day,other,institutional_or_compound
FGDC-664,c368f6a7261e049a32f36fc7158bbf2a3fdbf9c479a5bd4a96811f0520222c7b,held,pass,H67;H64;H1,,day,other,institutional_or_compound
FGDC-665,0fb2636dd68809ad0b204f1115f0ce9282cbfb040e10d837672bb4f80d26dd64,held,pass,H67;H64;H1,,day,range_or_status,institutional_or_compound
FGDC-666,20a9afb31d77057aa4d493a572b680c65a416f63ffc43b8243511723310d1577,held,pass,H67;H64;H1,,day,other,institutional_or_compound
FGDC-667,6f128bab296acc1adc596765378498728cc733964f08550207f0798229179447,held,pass,H67;H64;H1,,day,range_or_status,institutional_or_compound
FGDC-668,e7bc8ffafd0baed0c2bdc670b44135bfaadeaf03a9e63b68547f4d2e1000733d,held,pass,H67;H64;H1,,day,other,institutional_or_compound
FGDC-669,dc7de1b6fd1213657665f9c3110653bd3faceb35cec697e026fa87d6183b64ed,held,pass,H67;H64;H3,,day,range_or_status,institutional_or_compound
FGDC-67,9bc2e38b802b47b5520c6f7da32018deccc303a51ddd49347e5933d4127ed7ce,held,pass,H67;H64;H1,,day,other,institutional_or_compound
FGDC-670,b41a8ba5d250c2e0a0bcf2208d78b1ff45e2afeda9970d47c985cb16adbc50cf,held,pass,H67;H64;H1,,day,other,institutional_or_compound
FGDC-671,6e4634babe46672d9894358480d648b300c86e0d1454f4665ae7b00843387920,held,pass,H67;H64;H1,,day,range_or_status,institutional_or_compound
FGDC-672,d548a89e55e3940fbe9c0309a3054fecf464448d75bb168f68394e9ea0a5013b,held,pass,H67;H64;H1,,day,other,institutional_or_compound
FGDC-673,c7f60f9fbca59f1e6761b719ea85f6f6a672a4aef893883db669cd9479396ba9,held,pass,H67;H64;H1,,day,other,institutional_or_compound
FGDC-674,76e461581a4744a1ee40511ed5fa3a092c368b238853c8c831fa694d15a2a397,held,pass,H67;H64;H3,,day,range_or_status,institutional_or_compound
FGDC-675,ec71241a69f883d7936f172b52ebf0c48285272f39cbc8a22c23bc97833b5f93,held,pass,H67;H64;H1,,day,other,institutional_or_compound
FGDC-676,673a27a6486f887af30f32aa977f9c6957fcd72cf80e6bb8c4ac5ece02938e22,held,pass,H67;H64;H1,,day,range_or_status,institutional_or_compound
FGDC-677,d2d121c19ce26f19f8fc87c75ddc06dd63185d919e4c8314595d5db90c0975e2,held,pass,H67;H64;H3,,day,other,institutional_or_compound
FGDC-678,8b79f6c579307a8f0dbcc645934b67d90eb582ae028b5d61ef0edcfed2e2b354,held,pass,H67;H64;H3,,day,range_or_status,institutional_or_compound
FGDC-679,60094812c8a21d212b2bfa4269ca85edeef113288312a59d27fe2db6a508365f,held,pass,H67;H64;H1,,day,range_or_status,institutional_or_compound
FGDC-68,45a04564b6c9378982c15369781697efd6af95602b64f1c7d726cfee57401f20,held,pass,H67;H64;H1,,day,range_or_status,institutional_or_compound
FGDC-680,08ac5ff76ff24f6a9b3c67ef254bb64d419ad0a15dcecf5f381e3be2b2394ab5,held,pass,H67;H64;H3,,day,range_or_status,institutional_or_compound
FGDC-681,33fb9c9a29f956b668c65fcc3b6d44ae1291f8ead4b41f6437ef387b80319320,held,pass,H67;H64;H1,,day,range_or_status,institutional_or_compound
FGDC-682,d2650efaedb8084de0c6ee84146600305f438cbf202035d040580e5f5ad93c76,held,pass,H67;H64;H1,,day,other,institutional_or_compound
FGDC-683,bb527130d60d8389dd1bb8ff3dde610e79816efaed244d3c66af53dae3f6a1a0,held,pass,H67;H64;H1,,day,other,institutional_or_compound
FGDC-684,612a57b0ba8c782c81dc78bb5450ee9c0fa752848b89ac5846883cdfbe8d723c,held,pass,H67;H64;H1,,day,other,institutional_or_compound
FGDC-685,46f33df476fa9b79b5d6631e8f0d09659fdbe37e13033c050ac7eec999d9cf61,held,pass,H67;H64;H1,,day,range_or_status,institutional_or_compound
FGDC-686,31c1d17da609f0d40609ff0dc14137b38d1fe5eda8a11bb266c3799be5584e55,held,pass,H67;H64;H1,,day,other,institutional_or_compound
FGDC-687,a974f3d728ee11644eb8a19f0b6657a17b24be117b8548c3dc6689bb08121c08,held,pass,H67;H64;H1,,day,range_or_status,institutional_or_compound
FGDC-688,138dbbbd18c315a22d27fdcfb89ebe02619993861c2ac46d72dffc7b177d4f7b,held,pass,H67;H64;H1,,day,other,institutional_or_compound
FGDC-689,c92f84315947d1141be2dcf8bdac5a92e2188d83c10be5f8e1cb850fe2a92530,held,pass,H67;H64;H3,,day,other,personal_or_unknown
FGDC-69,a404436b3bd578b36809b784294ac2f7ce6b6bd86a1c3b5a9fb723cd72eb83f4,held,pass,H67;H64;H1,,day,other,institutional_or_compound
FGDC-690,f903532174d1f7b9fa5d9925e03beb160e684fe41b96099f52eac1f9dab83199,held,pass,H67;H64;H3,,day,range_or_status,personal_or_unknown
FGDC-691,8322641a76eeb7e092067ffd16bab90e542d9c2df378929df97f5647aaabc3ab,held,pass,H67;H64;H1,,day,other,institutional_or_compound
FGDC-692,039850a0900cd26092faa71ae1916376b03a1f86e2e0d5c8e36cbeccaeb7b392,held,pass,H67;H64;H1,,day,range_or_status,institutional_or_compound
FGDC-693,146e77ac31722f3cb96ab5c7bd59b09118c84c5c14ed2b597e196298d98bc5be,held,pass,H67;H64;H1,,day,range_or_status,institutional_or_compound
FGDC-694,3bd811f3277b7c2ca7208069f6ea432befb7dae22e1d82dcd69f2075cc6e3eea,held,pass,H67;H64;H3,,day,other,institutional_or_compound
FGDC-695,4a82088f7684d3604c1f68bd5a884658f5810835d55b4e65ed2a7e1ad1b940db,held,pass,H67;H64;H1,,day,other,institutional_or_compound
FGDC-696,8aaceab215d24072301f48cdc76c7deb9d8174854e1d29d5860d7d990a6b78e4,held,pass,H67;H64;H3,,day,other,institutional_or_compound
FGDC-697,fee4636b5249b702394eddb5fa99dab0311c3f63fb9a7a6b44a9451bbb106fc8,held,pass,H67;H64;H1,,day,range_or_status,institutional_or_compound
FGDC-698,9c6887fcc45dc924411d0c6e8e3b5496313acd63f502587f2ed676688a314df2,held,pass,H67;H64;H1,,day,range_or_status,institutional_or_compound
FGDC-699,ab81f6202d09eb7ea218068e1581024a7f32f2b580acae2f9812f9797a29beb0,held,pass,H67;H64;H3,,day,other,personal_or_unknown
FGDC-7,b54af780eb105220f08869492ffa368c3f686ca3844e2b21a5435637a59e6404,held,pass,H67;H64;H3,,day,other,personal_or_unknown
FGDC-70,690aa60757a04acd1405ef423285affa56de865d483a6728359db2ffc9a76157,held,pass,H67;H64;H3,,day,other,institutional_or_compound
FGDC-700,69884fff5516e6568dddc4770b187452ec8cf378b73aea7f10b64c0b2ab85ab8,held,pass,H67;H64;H3,,day,other,personal_or_unknown
FGDC-701,4ba64f19613013f1fbd843280425a6fb893bdccc0540528872f2dd398083918c,held,pass,H67;H64;H3,,day,other,personal_or_unknown
FGDC-702,920382abc215c129a0547e8bb8a1ad78ad7c87822b69f87568de87beacfe80fa,held,pass,H67;H64;H1,,day,range_or_status,institutional_or_compound
FGDC-703,b10770cc771fdf103289f2f03ae23ae7ad22a0cc6960b4f277442cac332b1a01,held,pass,H67;H64;H3,,day,other,personal_or_unknown
FGDC-704,a28b36aa5235beba2f0326622e8f130dc97a17a0912f94096b272508fea785db,held,pass,H67;H64;H1,,day,range_or_status,institutional_or_compound
FGDC-705,2eaa5e5e9eb760722a9cf6c6cbc6514a955e4be0f35c82f502b3c6d9875a413f,held,pass,H67;H64;H3,,day,range_or_status,personal_or_unknown
FGDC-706,2bedff6577e76b8a31d99e9cd0cb8ec415ff50cc696fda6d4051d167220f5218,held,pass,H67;H64;H3,,day,other,personal_or_unknown
FGDC-707,c8f822b36240274dfbb61b91ca8781ce49d1f052b1fcbee8a1f01c515e3924df,held,pass,H67;H64;H3,,day,other,personal_or_unknown
FGDC-708,2ca6746cf73330e238059280000f3249f0f607213631b6ed4dcfda47e3ac0964,held,pass,H67;H64;H1,,day,range_or_status,institutional_or_compound
FGDC-709,a31145a8a8e6a61b34cc699fb27419c149f090068b9198d27717aed15bb2ed2d,held,pass,H67;H64;H1,,day,range_or_status,institutional_or_compound
FGDC-71,28596b621288a1ed1039ecb69af89a115624b6b46740a62340765d91df9037dc,held,pass,H67;H64;H1,,day,other,institutional_or_compound
FGDC-710,c09c24acdb88a1e7edc39f58da587624103aead9b359ee484ec716f6aa254a0a,held,pass,H67;H64;H3,,day,range_or_status,institutional_or_compound
FGDC-711,d21e5f8937e5f764e718dd3a4159fded2c44a74280600726fc7090b30f77470d,held,pass,H67;H64;H1,,day,range_or_status,institutional_or_compound
FGDC-712,2b040162cbd45003bea10c3b9e96ba4d76834a19feb65afc8ea9c3976e5851b3,held,pass,H67;H64;H1,,day,other,institutional_or_compound
FGDC-713,cbe44a59380604abd229a29605483d36402c7deec9d73d21973ad8187bd7724a,held,pass,H67;H64;H1,,day,other,institutional_or_compound
FGDC-714,f997f0d3256ce80389ba9b2e18c40f113bdb09dde69196f0d2579ed50656a99e,held,pass,H67;H64;H3,,day,other,institutional_or_compound
FGDC-715,e1b36e7702814f7fa4fe104076d422df26252506785d4a61755e0a2f35ae5278,held,pass,H67;H64;H3,,day,other,personal_or_unknown
FGDC-716,8917e1e7520221c968c3fc7ab36c323366f6d95fc830280c211304f1b27ace7d,held,pass,H67;H64;H1,,day,other,institutional_or_compound
FGDC-717,4e681348c70c84fe29e8da3773b3000c641ce59a89d9d2e230ed8acfd2fd0343,held,pass,H67;H64;H1,,day,other,institutional_or_compound
FGDC-718,c02e4b2caf04d3242c835874a1a160e901b0a587d713beb504ad4dd51d354c44,held,pass,H67;H64;H1,,day,other,institutional_or_compound
FGDC-719,52dd4bcd5ced43caf5161aa212804c96ba5d556f4b5da34ee85b3c2b1ff2c703,held,pass,H67;H64;H1,,day,range_or_status,institutional_or_compound
FGDC-72,7aedaadc70cccb1409c57a7f22189b1e0116c3a908da64824fe8d483a033fd60,held,pass,H67;H64;H1,,day,other,institutional_or_compound
FGDC-720,a20726f75d7b03ad1f1c1de249bb1ecafbfc8c70c2ed5e6d087f474bbd8e39bb,held,pass,H67;H64;H1,,day,other,institutional_or_compound
FGDC-721,fb803b17fa1f4bfebdd74463d4583d76973611997fb81e06e861b26aff9e842a,held,pass,H67;H64;H1,,day,other,institutional_or_compound
FGDC-722,01061d666fda4f27d51268f08f6aa61022339f4862c4763a06779b91dfcabf51,held,pass,H67;H64;H1,,day,range_or_status,institutional_or_compound
FGDC-723,f652edb80b7f49d3f70d71ef27b5097e34af886fa41dcfbda4f4a0907b0ffd3a,held,pass,H67;H64;H1,,day,other,institutional_or_compound
FGDC-724,16761230c65099aae6fd979568cbae9e32d44f09a63a0ff3d73aba5f6db00a34,held,pass,H67;H64;H3,,day,other,institutional_or_compound
FGDC-725,5e77b53da45cbfd7dcb7e68e9da66574e0a1ee876fe8afeff1527dfce61b23f1,held,pass,H67;H64;H1,,day,other,institutional_or_compound
FGDC-726,f8f09c86223e3c1edb4371aa7c8e138f79f0e580db99f20d6b7c98a4b30df084,held,pass,H67;H64;H1,,day,range_or_status,institutional_or_compound
FGDC-727,3aada74e85aaf4497275b7ea17b0681095c89196fbd92c7b63d5e80f565264f1,held,pass,H67;H64;H1,,day,range_or_status,institutional_or_compound
FGDC-728,f302e62287858fbcc533178f0e8be5780ef47f852c469e5ec25a912ac3087f8e,held,pass,H67;H64;H1,,day,other,institutional_or_compound
FGDC-729,00a8cd230b30a612bf4d0df0c5415045c15e4cc05a72b23198f1f5764a665b02,held,pass,H67;H64;H1,,day,other,institutional_or_compound
FGDC-73,5a17b4565b53b33356ff04df34c2b38ab686a5f9ab422e6fccee75c170cdcb8b,held,pass,H67;H64;H1,,day,other,institutional_or_compound
FGDC-730,88cb1427cc751d41ac21b0cc0ae18fe9b7a6906ccf4d1eb5e8d0f107d7cdb7c8,held,pass,H67;H64;H1,,day,range_or_status,institutional_or_compound
FGDC-731,a2f4f37779c86aacad2e9f70be88f59c7636772965bffd99bbcd2da0d0f41d6a,held,pass,H67;H64;H1,,day,other,institutional_or_compound
FGDC-732,9ebe6d5ea032afdf32ea3de72934853ee793b21adddc6e18c8508a18d9fd5122,held,pass,H67;H64;H3,,day,other,institutional_or_compound
FGDC-733,3436581e65139750bd075e84ff7fb79e5044cf58be24a2953b5c51ba8dbd9b5b,held,pass,H67;H64;H3,,day,other,personal_or_unknown
FGDC-734,d205299ec3bd9d6f5fae69b314e39f8d46f5b34861944339e463902b4f749f2d,held,pass,H67;H64;H3,,day,other,personal_or_unknown
FGDC-735,89391f11dd67a1a3f162c1c3384cbe2a2c140030792a5a6e6325b2e18e912b1a,held,pass,H67;H64;H3,,day,other,personal_or_unknown
FGDC-736,bc026cab2fd85aa0ff242b59382244ccd23ea5938c9cb8f3a643ddcd9cbb071d,held,pass,H67;H64;H3,,day,other,personal_or_unknown
FGDC-737,4833c98d1517e19d45b82cb20be71b6a3b7c63b13431caa5388667e370007bad,held,pass,H67;H64;H1,,day,range_or_status,institutional_or_compound
FGDC-738,94a1741adae00de776642f30a8eedf3e80b3bfc33a6f353d3da6237ed2670204,held,pass,H67;H64;H1,,day,range_or_status,institutional_or_compound
FGDC-739,766cd7c184f952c7ef6737555647c95cd09108c1c714751c7035615e444e62b8,held,pass,H67;H64;H3,,day,other,institutional_or_compound
FGDC-74,65d4e391cf724556fd063275627bb2f8ce818c75bb37a4549d2952650cad8a1d,held,pass,H67;H64;H1,,day,other,institutional_or_compound
FGDC-740,f31973be09c7feb40d2e84ad52344c779d13424b71d0d93bf20cdb98401b30cb,held,pass,H67;H64;H1,,day,range_or_status,institutional_or_compound
FGDC-741,c637b13fba35682ae3cb51f25954290f68535da59bf8462fa634ce1dcfd06b1b,held,pass,H67;H64;H1,,day,range_or_status,institutional_or_compound
FGDC-742,beb5e17956a4a349e56b5fa6fb715bdd249036eb51cdfd1be9315040c53ed731,held,pass,H67;H64;H3,,day,range_or_status,personal_or_unknown
FGDC-743,373c098d9777b7d1a13ed19122cc72f268d800eb875f47fe43897b749f99aee8,held,pass,H67;H64;H3,,day,other,personal_or_unknown
FGDC-744,f849ac1dbe0dc98b01bd20431706f39c7d7667f7d8dc55f24b6f714506af3636,held,pass,H67;H64;H1,,day,range_or_status,institutional_or_compound
FGDC-745,125a2f5c33d72f135bd7e7cf7bf3fcc1c7efa5adb3a722c57c6ce6ea908815a4,held,pass,H67;H64;H1,,day,range_or_status,institutional_or_compound
FGDC-746,8af56bfda78595c5796b24c7946a9504e30efc88c29624671d50bad87c0fb7d8,held,pass,H67;H64;H1,,day,range_or_status,institutional_or_compound
FGDC-747,f6ecf4702dc01d9c4406f2921226c7fa1cb1e51d1c63bae1fa7ad3cac85b49b4,held,pass,H67;H64;H1,,day,range_or_status,institutional_or_compound
FGDC-748,2fd4842489495a3bd67e28ca8ec11e6ebf70f42ab8cb6b8884c93687b31fb905,held,pass,H67;H64;H1,,day,other,institutional_or_compound
FGDC-749,f5aa2285264b6d91cc644686cd341d297a5b7a5a79c21dd54acc66a4553cba76,held,pass,H67;H64;H1,,day,other,institutional_or_compound
FGDC-75,1125322d5cafe4b55c5ad74dfdc89ee668d31c38d632cc44eeaa4ba624b2ac5b,held,pass,H67;H64;H1,,day,other,institutional_or_compound
FGDC-750,e839df865ad5d8b858511ae88131bd0ab60e78c81adf5b520facd9bf241afc36,held,pass,H67;H64;H1,,day,other,institutional_or_compound
FGDC-751,8171588d0c511b01e99cdb6b16f8faaed27ba4c29dde7aba9c00c50868ff3f14,held,pass,H67;H64;H1,,day,other,institutional_or_compound
FGDC-752,bdabad13bdb28daa04ba6ab74d8b27c2bafda8d6fc5c959937f4d5d7b775fc6a,held,pass,H67;H64;H1,,day,range_or_status,institutional_or_compound
FGDC-753,a8674a8c16853c98420da21a565c4eef0874217903bd809b345c303e0bdf5549,held,pass,H67;H64;H1,,day,other,institutional_or_compound
FGDC-754,98dde95d8391f6dc2c3e1e90b8909e146cd7872347b8a969c6b8feea5a7a5b62,held,pass,H67;H64;H1,,day,other,institutional_or_compound
FGDC-755,da5cfadfd954251d1cb1856589813ba74b51ff260db7f1d44f4d7a20ca29f83f,held,pass,H67;H64;H1,,day,other,institutional_or_compound
FGDC-756,a1ad7b4baa40a338443fd2cec9bb7423a62994f08aca84e88dc4f7615174e7a8,held,pass,H67;H64;H1,,day,range_or_status,institutional_or_compound
FGDC-757,273a0ae6dc574e453bc0cbcf1a167f933d8c5c30cf0b70d5edcb47661fdb7392,held,pass,H67;H64;H1,,day,other,institutional_or_compound
FGDC-758,06b16649d3577d2e4394efd858592f2d6da8825d6f149f2f7def7d629eaef212,held,pass,H67;H64;H1,,day,other,institutional_or_compound
FGDC-759,d1d932460b8f108beb22b936bc744c03deaa2c379e0dbedd253889fc9538a6e9,held,pass,H67;H64;H1,,day,other,institutional_or_compound
FGDC-76,4ecd60ce8c77692d2edb9fe446e001ebcc49954603e41280a0ee28ae2b8a1bd3,held,pass,H67;H64;H1,,day,other,institutional_or_compound
FGDC-760,3c1d081e06ef2808cd0b1d4159264c4dbb19fa0cd31847266041696ccaed54c4,held,pass,H67;H64;H1,,day,other,institutional_or_compound
FGDC-761,f293f0db15a1fff0a983bd7d76bb76580fb049d53b1182cd9309c28873ad90bf,held,pass,H67;H64;H1,,day,other,institutional_or_compound
FGDC-762,44889c90b4acd4fbcce4a36e640a0a18247cf051ba382b74112c0df48500dc63,held,pass,H67;H64;H1,,day,range_or_status,institutional_or_compound
FGDC-763,796de07bc81adf2155ec5fcd8f11344d74cc53d572d37216a239e4fd502ce2bb,held,pass,H67;H68,,day,other,institutional_or_compound
FGDC-764,a60cbca9bff8672f2a6134d073577b665d2b8d7eb9b84694d96cab23f089d4c9,held,pass,H67;H64;H1,,day,range_or_status,institutional_or_compound
FGDC-765,8e0f9063baf515d78f41f8a7b4d3c5a6917028338d54fa21b42f067602b13c4a,held,pass,H67;H64;H1,,day,other,institutional_or_compound
FGDC-766,6002b1cc9b205efc4959d5ac3b890dbdaa7cfb92e6ce15f534a96109e97aa7b5,held,pass,H67;H64;H1,,day,other,institutional_or_compound
FGDC-767,5b70be19fc0cecb3e0a37c960643702e86256dfba2abd5b09eb3a3f3cf393b6f,held,pass,H67;H64;H1,,day,range_or_status,institutional_or_compound
FGDC-768,27caffd54ff7b9f00df06dc31c4785ec1e1ea68c40e402c94dbdff406ceb0abf,held,pass,H67;H64;H1,,day,other,institutional_or_compound
FGDC-769,e492433fce552adb11e5226e7e520da7f82172856270dd6a7bb142d7c44c2302,held,pass,H67;H64;H1,,day,other,institutional_or_compound
FGDC-77,279e6340dc39d383afaaaace5ef463da3cd4c9fa617a3613436b641f3a7bc9b6,held,pass,H67;H64;H1,,day,other,institutional_or_compound
FGDC-770,51729916302421ebdc9029022e940e3928381eb1fa37ddecda92577afb095398,held,pass,H67;H64;H1,,day,other,institutional_or_compound
FGDC-771,afdab5a682082fc944ee7ab3a004c626a20468e5784f828adf1e63fc55a43af5,held,pass,H67;H64;H1,,day,other,institutional_or_compound
FGDC-772,94dd3ce382edbb4110ea938d77e8932008b4e4435e306e433b6fe67f164cd184,held,pass,H67;H64;H1,,day,other,institutional_or_compound
FGDC-773,8cb88cf1d48f03ee0451a36cece98abf956e4b7b1b26e659b25ecfca734d3116,held,pass,H67;H64;H1,,day,range_or_status,institutional_or_compound
FGDC-774,144eab14cb8094a44b6b0a8fceb777e118b46f17bd1be40f8fc83e055a40374d,held,pass,H67;H64;H1,,day,other,institutional_or_compound
FGDC-775,0a2f2884a2f967447cf8d39999b4975093681805c5bc1db09f2132f59a8d5e6b,held,pass,H67;H64;H1,,day,range_or_status,institutional_or_compound
FGDC-776,7e9ccf3fb81162f95ab398f0a45aceeb51f137dbfa1d0a50789e8fd832a4de1d,held,pass,H67;H64;H1,,day,range_or_status,institutional_or_compound
FGDC-777,38381f5bec5b96c18d9746c68416e6ca9abffa8c5a3782a87453643f614b64fa,held,pass,H67;H64;H3,,day,other,personal_or_unknown
FGDC-778,e3808eedcad2179030220c4c64c439731e0c6fd847b2183713d44c862694bed7,held,pass,H67;H68,,day,other,institutional_or_compound
FGDC-779,c78f16c0f4c9731030be0892dd7acdd88e71712161ca1d1a3d424d0cb84c3628,held,pass,H67;H64;H1,,day,range_or_status,institutional_or_compound
FGDC-78,185b611543ca4dd86a74768bb2bb4512005e8e2dd9dc0ccbabda5b76e05c80c4,held,pass,H67;H64;H1,,day,other,institutional_or_compound
FGDC-780,27fcf034a165be76f92e03b2f6dd70bb866cd420b6935c8dc38793abd84446b3,held,pass,H67;H64;H3,,day,other,personal_or_unknown
FGDC-781,47e8b042663956a5e7009ce1ad7d0e8c8c0daa714941dfd659e9c712b7f6f944,held,pass,H67;H64;H1,,day,other,institutional_or_compound
FGDC-782,90234b5e7962d718d5dc1296d36141907dc85b683cb4c899754fb99c5e3ca361,held,pass,H67;H64;H3,,day,other,personal_or_unknown
FGDC-783,357b75d88ad945f98490d93550e85add39f9333183ef9de4e2dbbeef034764a5,held,pass,H67;H64;H3,,day,range_or_status,personal_or_unknown
FGDC-784,dbbbaab66823dcf1538fe7831c580e28b84563054fc67b49afc943f9a893711a,held,pass,H67;H64;H1,,day,range_or_status,institutional_or_compound
FGDC-785,eadafc1d01732e0b32924d9a5acb3dae62d0a1aac4cde510d2eac9430337def0,held,pass,H67;H68,,day,other,institutional_or_compound
FGDC-786,abe1acb55bdc7b31515d9a6885c4a303ce94e2a861e3101b6df1e0a2f35b39c9,held,pass,H67;H64;H1,,day,range_or_status,institutional_or_compound
FGDC-787,b19da8ae5072f1d2842680293c8291a0ccc0f9315ec3224a6d430e68ab81eb8e,held,pass,H67;H68,,day,other,institutional_or_compound
FGDC-788,016378d7f39c34e34db99eedda5c1632aff5ebd40d73755f8ac31b4abba21d51,held,pass,H67;H68,,day,range_or_status,institutional_or_compound
FGDC-789,e41339de4ad9bdb83be073075ab6449b5a84de73c558cbcbf1d576ae28abbfd8,held,pass,H67;H68,,day,other,institutional_or_compound
FGDC-79,5b8d27cba1abcc2e2f6c25b6213fbaf37e6dc70ca154d81feebf02d11263d5af,held,pass,H67;H64;H1,,day,range_or_status,institutional_or_compound
FGDC-790,f576a0392fd3f5dca68ef761317fbdf210eaa92a654d8a65e16c67578830b822,held,pass,H67;H68,,day,range_or_status,institutional_or_compound
FGDC-791,653e578d51df163596e965368871c68da0db7b2041c4bcd32d236dccd2a1e613,held,pass,H67;H68,,day,other,institutional_or_compound
FGDC-792,c96b9cfc6a08041b059f0025c93b7aee8bccdf08a3c8ca4b583d310aee2aedf3,held,pass,H67;H68,,day,other,institutional_or_compound
FGDC-793,947aab67c2fe965285dec7487f6eee7474fbf4b60cdabc07be27645245de867f,held,pass,H67;H68,,day,other,institutional_or_compound
FGDC-794,6f333c8bca883a28ba3da9ded5c56390ca6a2e7ed40195c07440a39e4e5aafbe,held,pass,H67;H3,,day,other,personal_or_unknown
FGDC-795,7b85ddb9fa5e71b9cbe8c4874fcf4952d8403ba908fae68a643852024b6f51e4,held,pass,H67;H68,,day,range_or_status,institutional_or_compound
FGDC-796,19ee4bc4239c98c54ab4c20bb4990115366290270f2da37ba3647796d971351a,held,pass,H67;H68,,day,other,institutional_or_compound
FGDC-797,2e314c30b8b4f909975204d9d01ca1abdcd8fe5a119723d103822612442738af,held,pass,H67;H64;H1,,day,range_or_status,institutional_or_compound
FGDC-798,5f6dab6c28d63e9026092d84160333103534a577abc30865e4557afe68c0caaf,held,pass,H67;H68,,day,other,institutional_or_compound
FGDC-799,bbdec0ec44598a1cb4f9ca5bb9cbf67dd8b0ee4d9aa3d141ce6cbb443a6f351a,held,pass,H67;H64;H3,,day,other,institutional_or_compound
FGDC-8,9edae319508812abf14831188ce26c93462d8c77898d36da500aa9d9c8b69f00,held,pass,H67;H64;H1,,day,other,institutional_or_compound
FGDC-80,e76398c7452988211e719b2bcb2caa5d00b5d22760d53f6e231c6bd3942544be,held,pass,H67;H64;H1,,day,other,institutional_or_compound
FGDC-800,307a0dadff0829d0a54389238c0ec489d82da98c8244827210a1f7a1a7f7d658,held,pass,H67;H64;H1,,day,other,institutional_or_compound
FGDC-801,e732aab73a2811585c78bcaee7acad4bed65654aa342cafdd7100f2db67032d1,held,pass,H67;H64;H3,,day,range_or_status,institutional_or_compound
FGDC-802,ba566ec856814b9e6c48ad789cf2dd1709c79366337d5ca64b4cb925dd68bd61,held,pass,H67;H64;H1,,day,other,institutional_or_compound
FGDC-803,01c4670955de7e98f61c89e47c96a66cee8088944dde46b0b9ec55762c791627,held,pass,H67;H64;H3,,day,other,institutional_or_compound
FGDC-804,7aa72a6aee743729f1491d932c355f4b509a17d4da55125059053e3c34c0db3a,held,pass,H67;H64;H3,,day,other,institutional_or_compound
FGDC-805,81ebfb8ddc2b060449cd19e8889c205b2c5c42921b27ccf506dff571e1848044,held,pass,H67;H64;H3,,day,other,institutional_or_compound
FGDC-806,5d6d99b6c0ccee10b14f5e0a4fc2e52d600e904a7d0a899ad1612fd61df0177f,held,pass,H67;H64;H3,,day,other,institutional_or_compound
FGDC-807,1ad9faf673c3792609fa3ed4b6c5cf8ab83c744c2ae47f1ab7023bf4dbfb5824,held,pass,H67;H64;H3,,day,other,institutional_or_compound
FGDC-808,e63bdf255fb154dd456a28c1dcd6402daa2e537b8755154397fa621ff9380570,held,pass,H67;H64;H1,,day,range_or_status,institutional_or_compound
FGDC-809,f60ed9d7dfc987240b947f79e4cae24a38668f7163c1eb8a7eef5078c0371db1,held,pass,H67;H64;H3,,day,other,institutional_or_compound
FGDC-81,817efb13b85b4b0dc32af51e5a872db5b123bd8d7f68eab13dec5d75bb26bd98,held,pass,H67;H64;H1,,day,other,institutional_or_compound
FGDC-810,689320fd5814eca4575fe6ac265568105d614075768f669f03d84da372fd6ce7,held,pass,H67;H64;H3,,day,other,institutional_or_compound
FGDC-811,2faf33e20e66df0da8d0638e2bc20f9a7b153b0cee0eb7e38521e6208f949d0e,held,pass,H67;H64;H3,,day,other,institutional_or_compound
FGDC-812,834eea16f2bdef7a7c5e48509edb0083bcdee8f224d30462bc21886d8608a3c7,held,pass,H67;H64;H3,,day,other,institutional_or_compound
FGDC-813,88ccfe936e38934a2b7afdf972a2c0644eacbaeb6983e8610e5f76a3210316ca,held,pass,H67;H64;H3,,day,other,institutional_or_compound
FGDC-814,a7292e5f3199bc70e9d29513af6c7fa41f9f49434d32c22d4dad7123c06fd3b1,held,pass,H67;H68,,day,range_or_status,institutional_or_compound
FGDC-815,07c9551caa186fbe5f561368c78aa3192fff476b52753b72ddabb439c58d1425,held,pass,H67;H64;H1,,day,range_or_status,institutional_or_compound
FGDC-816,1e93d6a5969caeec8aa4efe81e08de90eccc579021a82caf66b432b9c6a18ca6,held,pass,H67;H64;H1,,day,range_or_status,institutional_or_compound
FGDC-817,d1d634ef74af405a70ddab0aa0f9a9394a0c42bbc70e42641ce34caab28cb29f,held,pass,H67;H64;H1,,day,other,institutional_or_compound
FGDC-818,43fbf947c60427e7fb0450e41ea4a2614bf41e057c4a90486b68c97a8db7c5cf,held,pass,H67;H64;H3,,day,other,institutional_or_compound
FGDC-819,0e48d568274e62063633ae0969f08f6296d82d14be072509cba0f0120b8842f2,held,pass,H67;H64;H1,,day,range_or_status,institutional_or_compound
FGDC-82,e2355188ef0777bea26d2a29595f2307edb06f52dc5f07319b3988d02cda8ccf,held,pass,H67;H64;H1,,day,other,institutional_or_compound
FGDC-820,1d905c7e115a5fcccabcc1445c17bdc53458737409b7f086d5507a99ef568c6a,held,pass,H67;H64;H3,,day,other,institutional_or_compound
FGDC-821,998d0f111cb86cc6d806a6242eead974dd422d542cc439d693b97bed2fdb75d3,held,pass,H67;H64;H3,,day,other,institutional_or_compound
FGDC-822,c470eec4aefd39afc338bf2c00c743dcd56aa4e9d0288622effb51c7d74c8c6e,held,pass,H67;H64;H3,,day,other,institutional_or_compound
FGDC-823,43e61a2930678b13e539137addcb921a34c4076e6af5e8b859e2706c971939a8,held,pass,H67;H64;H3,,day,other,institutional_or_compound
FGDC-824,a65f5b2edc7ce3898d7b69643163a0f74b812309fcbb58d791bedb65d7fe94d8,held,pass,H67;H64;H3,,day,other,institutional_or_compound
FGDC-825,09b03cfe8f7fbaa3931d983d7cc72f6581c405b9609ba1b960c9f8a3c2379b32,held,pass,H67;H64;H3,,day,other,institutional_or_compound
FGDC-826,d0d275249378d35f9febcd371ff628ecc965d421a86bdebad6c5a58d6b4b2f5c,held,pass,H67;H64;H3,,day,other,institutional_or_compound
FGDC-827,1863dad0ef4acdcd3f7fcbcd60a3b8bbbc383315242f67669e672355d60fa548,held,pass,H67;H64;H3,,day,other,institutional_or_compound
FGDC-828,8eabdaf69e5f93cd8887b353bbcd58e85b39dd25cea7eab49f6fcea99014a14f,held,pass,H67;H64;H1,,day,other,institutional_or_compound
FGDC-829,fb4b9e09805671516c8a8e64fa5751a0cf28f776e5ab440e8ff7ea490a68658f,held,pass,H67;H64;H1,,day,range_or_status,institutional_or_compound
FGDC-83,8a1938c1fa63f86f211d2d7883878bdd73dc19068a69daa96973fd9ae6ee4a53,held,pass,H67;H64;H1,,day,other,institutional_or_compound
FGDC-830,e0233e0d91e532a534741ad397ead28ee1ddb6b721390cbbc9ef2684d3e80e2a,held,pass,H67;H64;H1,,day,range_or_status,institutional_or_compound
FGDC-831,e228a6e09d3035fac1b69206e2e8d55ee5b3dc52a8af8c2b5d9265cc6442293a,held,pass,H67;H64;H1,,day,other,institutional_or_compound
FGDC-832,7986c6cd4fb9741943c830382439a6457ed521115bb1580126dcbbb08d480248,held,pass,H67;H64;H1,,day,other,institutional_or_compound
FGDC-833,f5a67a690af626df9d606ad824333889562a6e3f6614ed531bc88d6d02932ce3,held,pass,H67;H64;H1,,day,other,institutional_or_compound
FGDC-834,bde8be32b24a2384eddd636f5267e7dd18551cfe5f2cab7765a18599800a2fb1,held,pass,H67;H64;H1,,day,range_or_status,institutional_or_compound
FGDC-835,ea200448bd5bb70f7857e267fcecb62b9530b2abf9cf7e942c7c8f8150e0ead9,held,pass,H67;H64;H1,,day,range_or_status,institutional_or_compound
FGDC-836,51d5ca1d5c8705fc1b2ea9fa6a6f00a970297d3454cd74fdb72c909a38a442aa,held,pass,H67;H64;H1,,day,range_or_status,institutional_or_compound
FGDC-837,04086f43cc00f35c83ef8968612925d0459c9f3b053d784c957a0a98ccc26ff4,held,pass,H67;H64;H3,,day,other,institutional_or_compound
FGDC-838,7ecab416121170d12a29635722fdfeb5440764470aaefc4a2be060abd73dc832,held,pass,H67;H64;H3,,day,other,institutional_or_compound
FGDC-839,6442533f4d02c6f846b172895d8dbf327b24aec0ed813c38bd1b40921ceb2f89,held,pass,H67;H64;H3,,day,other,institutional_or_compound
FGDC-84,f6111ec5f70963eb3b59d41ac969c1eb2065205329354ca9b3f8e5bdcb3e8b00,held,pass,H67;H64;H1,,day,other,institutional_or_compound
FGDC-840,ec3da8eaba0bd79a5519ef51f7f0e70e89c39ec9463a98cd0eabb99e810e7ce8,held,pass,H67;H64;H3,,day,other,institutional_or_compound
FGDC-841,2e59a4bc6e3d9ab2b0ec8d102dad1b7d4816673ab56cad0426d024b8bac9e68e,held,pass,H67;H64;H1,,day,range_or_status,institutional_or_compound
FGDC-842,8096884a55b9dcd352e6e77c5f3e632f0a36f3341314d0b2c6366cb438bd9416,held,pass,H67;H64;H1,,day,other,institutional_or_compound
FGDC-843,b081dede180e0642cede9c68569d58e33e424bf278e20a22f33b4b8fee25eceb,held,pass,H67;H64;H1,,day,range_or_status,institutional_or_compound
FGDC-844,9fe562589c4489e7b7408ab10c44681f4048a38c623fff9d43cb889202374160,held,pass,H67;H64;H1,,day,other,institutional_or_compound
FGDC-845,8f75d0f3ee360b65444967416dd6ceaba9cd3e5b25b835ed69a20900b60ae042,held,pass,H67;H64;H1,,day,other,institutional_or_compound
FGDC-846,ff0098d925741f3ca1e0610735227aea85171eaafb60a709dce4fe589c17503b,held,pass,H67;H64;H3,,day,other,institutional_or_compound
FGDC-847,5c99585404da0646afc2045e2b74a021b22c21aa816bb9c2ecf870b2fdc2d082,held,pass,H67;H64;H3,,day,other,institutional_or_compound
FGDC-848,0cc6dbfe352ab7a61590c3034042b17d06b96557a740ba3c12841121862cd4c9,held,pass,H67;H64;H3,,day,other,institutional_or_compound
FGDC-849,182762f207a3f2efa609ec95b68a13ddc2634b64408243523def0e2f00a35f05,held,pass,H67;H64;H1,,day,other,institutional_or_compound
FGDC-85,f77638fc861b4c4d6ab340da500cce160487c2ae81566cfd5def0555e891ef0b,held,pass,H67;H64;H1,,day,range_or_status,institutional_or_compound
FGDC-850,9a4fdfc505da6073c51a01ca0b97ae9279747eee1d331aa3909c8f37bbbc8335,held,pass,H67;H64;H1,,day,other,institutional_or_compound
FGDC-851,69f1d9ea692b03e8d77780e7443a4edcfe41804d315a330d8a2a5c29e2b191b7,held,pass,H67;H64;H1,,day,other,institutional_or_compound
FGDC-852,7feec575d8f2cef78514e6e6a669507e503c5040adfa5ed129e6643ac1eabc85,held,pass,H67;H64;H1,,day,range_or_status,institutional_or_compound
FGDC-853,97495fe1eafbc3badee9337e13ba6170aacb96a378d6c0cf4a7a65600429ccce,held,pass,H67;H64;H1,,day,range_or_status,institutional_or_compound
FGDC-854,623edfaed8114774343c99a60c2e9f721914b2206f339902f7730d4eff9e86f9,held,pass,H67;H64;H1,,day,range_or_status,institutional_or_compound
FGDC-855,8187738c78ee40635b785f6aec0b1d55d9df6c96330125da6b367142106c4431,held,pass,H67;H64;H1,,day,other,institutional_or_compound
FGDC-856,9b402f3a00d3ea90866a897aeb09fddfb34019b1f5cbc1004a6d294f16f3da5c,held,pass,H67;H64;H1,,day,range_or_status,institutional_or_compound
FGDC-857,d7c69c47afd672fe86032d7de1e319883afd53b21d55ced00f190633e9db1df9,held,pass,H67;H64;H1,,day,other,institutional_or_compound
FGDC-858,f2ac8a072238f1634681a9895bc58e7af6016cd4d7435ce75742e2bee7743cc1,held,pass,H67;H64;H1,,day,range_or_status,institutional_or_compound
FGDC-859,4b4443d54954b80fb196f3d41ae0eb7cda0e3c35942c1fea42a3af8efbd944a4,held,pass,H67;H64;H3,,day,range_or_status,personal_or_unknown
FGDC-86,7e96accc84a283db7dbd855ff04d699030efb79b8f98e5b817f55914f0b5ec8b,held,pass,H67;H64;H1,,day,range_or_status,institutional_or_compound
FGDC-860,8e7724f0fa0f0e68cb56b8904126d57c21b66747e4b92dd7a0bbc66968fc5c90,held,pass,H67;H64;H1,,day,range_or_status,institutional_or_compound
FGDC-861,c3309ee66fca236b3159783aa4072906e9c93c336f4af502763a4242b732f2d2,held,pass,H67;H64;H1,,day,range_or_status,institutional_or_compound
FGDC-862,b2f98cb373bc3f3bea6fb43b338a2b6ed3f1905723541976c0eba892796b8cec,held,pass,H67;H64;H1,,day,other,institutional_or_compound
FGDC-863,fdd032b7bc13b81f66eb67a66c8c471dc71ad8279712cb5487ca0e3f3ea40d99,held,pass,H67;H64;H1,,day,range_or_status,institutional_or_compound
FGDC-864,202c2a1cdf6e6bc3424dc243bfebf74ff43b6f2bafcabdd5e709fc2c8de174c9,held,pass,H67;H64;H1,,day,other,institutional_or_compound
FGDC-865,5a2420a290e6e11d7dd35a267d5e5868ffa996a95922e90a7190c8c01aebd5f5,held,pass,H67;H64;H1,,day,other,institutional_or_compound
FGDC-866,6c511c753f6d18abbc330a8907333a2364bffadd473623e61dc646d4eef71ab4,held,pass,H67;H64;H1,,day,other,institutional_or_compound
FGDC-867,151cf83e613d43de17b51dd74b8cec6230caf8ff04a3edaf44476394f470bc04,held,pass,H67;H64;H1,,day,range_or_status,institutional_or_compound
FGDC-868,50da491f33e1bdc27ca7c321ca4938414ebe411230f0f4f097e180527c79612a,held,pass,H67;H64;H1,,day,range_or_status,institutional_or_compound
FGDC-869,d8196b1db9a91a82636606d35a2c695c85f861eb2122f54e7daa45ae40aa656e,held,pass,H67;H68,,day,other,institutional_or_compound
FGDC-87,562e75f30e00d7704c69b76356b71363892ba4fe03f082d6a0163dd004ba6866,held,pass,H67;H68,,day,other,institutional_or_compound
FGDC-870,ffaf053a11197c917d956c8fdd3d96b27989b5a4ffbcc0a7047bf8aef5ab5c9f,held,pass,H67;H64;H1,,day,other,institutional_or_compound
FGDC-871,555891473bc8d6e400e8c86434eca35b07503612217119505140c4b92b03e6bb,held,pass,H67;H64;H3,,day,other,institutional_or_compound
FGDC-872,20d0a1758806bbe009b1d47a8d41d84d176caff9fefc9e544e9ccd2449f7ad19,held,pass,H67;H68,,day,other,institutional_or_compound
FGDC-873,626676a396a607b90ad163f2e18899e06a5581890b3b0bf237c848ce722f769d,held,pass,H67;H64;H1,,day,other,institutional_or_compound
FGDC-874,9df0310da1921e6b60618b6582f71790d48ded2dc1139497a27a656d3020ab1f,held,pass,H67;H68,,day,other,institutional_or_compound
FGDC-875,0af51c169415cdef58e83714775165825fb5fec9a5ac2fe8e78172d0e7612075,held,pass,H67;H64;H1,,day,range_or_status,institutional_or_compound
FGDC-876,328971e00fa0a88dd187759646dd32f72e8f9e12029657cb603f8696d50ff9b8,held,pass,H67;H64;H1,,day,other,institutional_or_compound
FGDC-877,0524a57130bda1adcbfba89813dca89ab7ac44ec4713faf8f33bb2ff15f5686c,held,pass,H67;H68,,day,other,institutional_or_compound
FGDC-878,53aab58210e1c4df99a2c3966cdd2c877fe9371ac0f50c23c7819ed3cbdee13c,held,pass,H67;H64;H1,,day,other,institutional_or_compound
FGDC-879,2ad598d73ea86db6b7a627135292875de481785c1ca0a407027efefad7043fc7,held,pass,H67;H64;H1,,day,other,institutional_or_compound
FGDC-88,70ba3440b13a1043ea17aec457bf926b5a9caf19131f21bcd17657112a52d13a,held,pass,H67;H68,,day,range_or_status,institutional_or_compound
FGDC-880,ab715090aceeb8bb611fc604c519a3e4f776ad6d2334529a6e98ca134a3f7dfd,held,pass,H67;H64;H1,,day,other,institutional_or_compound
FGDC-881,d667086046588c87e49dadb236531625acfa996a2d8a7093051458d227e62e13,held,pass,H67;H64;H1,,day,other,institutional_or_compound
FGDC-882,8c0b964a5671eb9a56271b71ef00c2ea8d6c5296b88f91424796af5e2d811407,held,pass,H67;H64;H1,,day,range_or_status,institutional_or_compound
FGDC-883,f3028aae30472464b038974649ef87d967e5c70fbf98d45b060c143c5ceee7f1,held,pass,H67;H64;H1,,day,range_or_status,institutional_or_compound
FGDC-884,759d9d821b96a70169ca92ddc43f45177d8f9506e2311ec6223d057b280ba79e,held,pass,H67;H68,,day,range_or_status,institutional_or_compound
FGDC-885,f92cdff068e5ff05e7c80065d1998df4e5e5afebcfd8c2deb07533693b9b0488,held,pass,H67;H64;H3,,day,other,institutional_or_compound
FGDC-886,931c7edf14a1107d4bdff5fd443c56bf09d98cc54991b05cb781dc6e43de09dc,held,pass,H67;H64;H1,,day,range_or_status,institutional_or_compound
FGDC-887,23ea5f53bbe842e81096deb8fcf1fa0af2c4f26e19b7efae4d6d0108be7cd582,held,pass,H67;H64;H3,,day,other,institutional_or_compound
FGDC-888,2b01449c8f1eb5105b2027383d86d8eb319d208c453c6589fbd51c265cb05ba4,held,pass,H67;H68,,day,other,institutional_or_compound
FGDC-889,21885a3bd7d20f61a25462abf0517e96f0beaf646e5ba9799b119291025e0c7e,held,pass,H67;H68,,day,other,institutional_or_compound
FGDC-89,eb1ebd034af752c20798240861f62f6c9cad1f6f4ab5b58a3ad135ab920cc3b5,held,pass,H67;H68,,day,range_or_status,institutional_or_compound
FGDC-890,fc425a3398d22cb301cfddda6d15eff272d7d7c2babecc9766f09815d9721e78,held,pass,H67;H64;H1,,day,range_or_status,institutional_or_compound
FGDC-891,c13178caae37f33d9c04c846928ca0bca2c79b90217b4338060ff8723beca637,held,pass,H67;H68,,day,range_or_status,institutional_or_compound
FGDC-892,b72851e5e38619300da82c6e97fa5567555a947fb7b43a6aad4fffb959801f8a,held,pass,H67;H68,,day,range_or_status,institutional_or_compound
FGDC-893,696bb0f03106622c6ad0585cb36209b56bcc65fd94b82278607becbb36725b5c,held,pass,H67;H3,,day,range_or_status,institutional_or_compound
FGDC-894,d838c9742bdbe6c5e0ad1a9ddeed8f6ddfeb4718935fe28a7d58ef81b712d780,held,pass,H67;H68,,day,range_or_status,institutional_or_compound
FGDC-895,d5901ead171262be90241e07b5d5579fc293a61024cc862c4ce6d3b47a2ed26a,held,pass,H67;H68,,day,range_or_status,institutional_or_compound
FGDC-896,3272b2102801a3fa1a50884dac313871ce70253dfecc7b3771992b17ca840bca,held,pass,H67;H68,,day,range_or_status,institutional_or_compound
FGDC-897,6fd3f5a305f016e3e93bc9520727c1943c0f3afcaf12ca4686d54b7910c46b33,held,pass,H67;H64;H1,,day,range_or_status,institutional_or_compound
FGDC-898,1334667052fe51efa3b8c0f9136638ea952abd4c610e97a0611ddc887a04a193,held,pass,H67;H68,,day,range_or_status,institutional_or_compound
FGDC-899,1cec2e38f9501d05e921bb6d3460d78c1459065660ce0e2764c9b5f3efcfc79a,held,pass,H67;H68,,day,range_or_status,institutional_or_compound
FGDC-9,04bebc05f24a46b012069bebbcf7c27c2d2b0e8cb0b99f37158e51fa76584ad4,held,pass,H67;H64;H1,,day,other,institutional_or_compound
FGDC-90,8471401607c3fcb7206811e23416e9740af507adfc7324ce18ccaf360455f530,held,pass,H67;H64;H1,,day,range_or_status,institutional_or_compound
FGDC-900,9a3cfb0549cda1c7efbb825466081789154476def93740c915a7eeeb397bb51a,held,pass,H67;H68,,day,range_or_status,institutional_or_compound
FGDC-901,8634a8a66e175a0c8a57cbd9a59d0a61f84242c77fe7ddf39da142120d9d3cdf,held,pass,H67;H68,,day,range_or_status,institutional_or_compound
FGDC-902,db6b3577c7d74d88be0f9c7e6126b589bd0eb08440a01b1bd8b697746e0dbd46,held,pass,H67;H68,,day,range_or_status,institutional_or_compound
FGDC-903,5972148e1709ac35d02292ad7a5b076cf4c5826621351d30780256a53eb46a9f,held,pass,H67;H68,,day,range_or_status,institutional_or_compound
FGDC-904,8b606e06642163a98ac6ad82e9b44f5d75190c08cc1d83b03b46dc253ee986d6,held,pass,H67;H68,,day,range_or_status,institutional_or_compound
FGDC-905,eea983a9d7960e862367e644fcc2740c40e05e7727f4c37f94b2a128b77974b6,held,pass,H67;H64;H3,,day,range_or_status,personal_or_unknown
FGDC-906,26904ef9a38997f3cf55514fab3d9bda60f9e4de710734b7614e32bb5c70e04b,held,pass,H67;H64;H3,,day,range_or_status,personal_or_unknown
FGDC-907,b182b3c619ae351fc5bbe2825a0b62a5b7edf5f3017bfb9b20c8c78ba64c164f,held,pass,H67;H64;H1,,day,range_or_status,personal_or_unknown
FGDC-908,18e01f9414327555f100ba0e0b00967f912f351d1982db15e7e212d651155938,held,pass,H67;H64;H1,,day,range_or_status,institutional_or_compound
FGDC-909,d626e4265f2e2e1182f208d8f157560cb2373c983e792b3d7808a2e41eec22ae,held,pass,H67;H64;H3,,day,range_or_status,personal_or_unknown
FGDC-91,fd6edbfb6461599aef6cbd0f8eba1800d758430955843e99ac53052210ca41dc,held,pass,H67;H68,,day,range_or_status,institutional_or_compound
FGDC-910,ba3f6cd90f284abee4f13610bb6e06f36015db655b2a644a8e507bec9c2be38f,held,pass,H67;H68,,day,range_or_status,institutional_or_compound
FGDC-911,ead7893c1a96850ddb759215ea5ead0cfe24711759baba59ff1e4b42bacde355,held,pass,H67;H64;H1,,day,range_or_status,institutional_or_compound
FGDC-912,0cff080260521bffc1d2d2ea98653d49cd34b5a90f0974a79f03c370e116fb44,held,pass,H67;H64;H1,,day,range_or_status,institutional_or_compound
FGDC-913,96be3c367b359fbb3ca36759d19275175240520afb1be1fe181d6d03e4e25476,held,pass,H67;H64;H1,,day,range_or_status,institutional_or_compound
FGDC-914,a3311da7dc121bc85821abac67d54b735f60dfe56d935a4bb8db80d65f3fa425,held,pass,H67;H64;H1,,day,range_or_status,institutional_or_compound
FGDC-915,3c4be6102edf0b034dfd22fa503dd4c78920b6122bb9c092f9afa45e1aaf27d7,held,pass,H67;H68,,day,other,institutional_or_compound
FGDC-916,26db3eb399d3fedf99a961b2782e9aef0a6af9f90a864de39c0b86e00fafb6d7,held,pass,H67;H64;H1,,day,range_or_status,institutional_or_compound
FGDC-917,7d39ed4444abda6add006feaabb7ad1b7e406fdb93a49eaa5d8af2875be5fa53,held,pass,H67;H64;H1,,day,other,institutional_or_compound
FGDC-918,8f2ce31b3f665ea547c1646f262a62ead2cde5cba61dbad5f1a03f043f5aaeed,held,pass,H67;H68,,day,other,institutional_or_compound
FGDC-919,40beb68c9a7ccbb550af56fb88cb17a20172e42a68df9c9017cb691de2ff0191,held,pass,H67;H64;H1,,day,range_or_status,institutional_or_compound
FGDC-92,a30426d0b6b18fb6997770df91749742654c083776f3ab5c36367fc94edd4750,held,pass,H67;H68,,day,range_or_status,institutional_or_compound
FGDC-920,41c9bb40f25991f9da18e74c8b998f222fa6d638393e6843f0b7a430214faef5,held,pass,H67;H68,,day,other,institutional_or_compound
FGDC-921,46545cdf0919a9f8eacc7b2ed1d80ecd78d88673c7e7b339b022599f6f6dbbd3,held,pass,H67;H64;H1,,day,other,institutional_or_compound
FGDC-922,24763b1a2a5eb751fc70c4b76da609ec07fbfc745c7e8a0badc293630e68dfde,held,pass,H67;H64;H1,,day,other,institutional_or_compound
FGDC-923,e3cd12a632f754c5b35e26b10ed1bb39cec51adf4b9fdb19159a4ebe54e66b27,held,pass,H67;H64;H1,,day,other,institutional_or_compound
FGDC-924,0bf12eea05efc4ca247887d38450ae6f72ed5b76abbe759958301be69f749c56,held,pass,H67;H64;H1,,day,other,institutional_or_compound
FGDC-925,8a09a1f23fc5d2854349a9cb9ac28695ae7aed79e1ea3dc8c353850c0070184e,held,pass,H67;H64;H1,,day,other,institutional_or_compound
FGDC-926,e333732350cb0a1b651739f73698825c4d1b42022bf595dc2dac986d49134fbd,held,pass,H67;H64;H1,,day,other,institutional_or_compound
FGDC-927,720f20c524d049c83de3fd459655d20b487d8ae8f61ea8de57942d5b4c460cd5,held,pass,H67;H64;H1,,day,other,institutional_or_compound
FGDC-928,e04136b87dd27e2f018018d8621b04d4410ef3f8357bc0ddd6f50eac5880aa34,held,pass,H67;H64;H1,,day,other,institutional_or_compound
FGDC-929,8df6995ec6e13f7dfe53a317d9d1a31f69549ad76777383f1d18758edbc0ffa4,held,pass,H67;H64;H1,,day,other,institutional_or_compound
FGDC-93,6801e81d3e2fa6996b34498cb9946738d1c3628d12a53baa971ad19e013656f5,held,pass,H67;H68,,day,range_or_status,institutional_or_compound
FGDC-930,076ac42addf80bc5004916c552ac71ff036d675b4890fd3f335599011b2a25ca,held,pass,H67;H64;H1,,day,range_or_status,institutional_or_compound
FGDC-931,ef881328f060c9f5e87beaa218e5b07d692f09c5cf0433444485a9b4af223303,held,pass,H67;H64;H1,,day,other,institutional_or_compound
FGDC-932,b1bb48a501986384301bd24f9c0b1bc7599d4da0d19604fc144b1d0f507665cc,held,pass,H67;H64;H1,,day,other,institutional_or_compound
FGDC-933,8a2bab29e5a386269e6df531a8e146ee25261451fd0dd4734ef0ccb7f7f2b0db,held,pass,H67;H64;H1,,day,other,institutional_or_compound
FGDC-934,b847a78912a74d66dc8648d2d2223a1c87403b4e9d3623bb7b886a77f65f02cf,held,pass,H67;H64;H1,,day,other,institutional_or_compound
FGDC-935,80f6938be1f72209c9408d15d08d0e041e42651773c5bb1c6ab06ea5941285c1,held,pass,H67;H64;H1,,day,other,institutional_or_compound
FGDC-936,c7896edc88f7aab621aa87708e1044cc5ebb3aaf2fadd197e0b0016748f731cd,held,pass,H67;H64;H1,,day,other,institutional_or_compound
FGDC-937,deaf932e7e074442ec574baafe4a0467184a8b8f4e876ae3d999b4ce0f94d779,held,pass,H67;H64;H1,,day,other,institutional_or_compound
FGDC-938,728b2d40152ccb31b8e836dd833bb0bf1b6f0cb7705927255dc3bb981a76268e,held,pass,H67;H64;H1,,day,other,institutional_or_compound
FGDC-939,f680c3ecc26f1ecd3033f8f619be15e342a16e349ccb5131845d516509864f58,held,pass,H67;H64;H1,,day,other,institutional_or_compound
FGDC-94,01e4bb2af50dbeba47ad841ba4f426e9cc19a1a6093b4c460b4e9e1a4c4f0b5e,held,pass,H67;H68,,day,range_or_status,institutional_or_compound
FGDC-940,56b2ac2076dff8f6e7db3e1a9347eff6d8439afed63ed529afadddc9da95ef0e,held,pass,H67;H64;H1,,day,other,institutional_or_compound
FGDC-941,f366f26f01b74f45e6b39effa27647805deed2592f4fe255358f4b9ba34891db,held,pass,H67;H64;H1,,day,range_or_status,institutional_or_compound
FGDC-942,55352ee9221daa00aec39cfec62f040c1113587db46af8aa16ff184eba564573,held,pass,H67;H64;H1,,day,other,institutional_or_compound
FGDC-943,4af92fb4074879f041f1f32a98e9e828b62445563975f1823c4745a60883855f,held,pass,H67;H64;H1,,day,other,institutional_or_compound
FGDC-944,f25b14e3d4034354a8bad8e6e7532c4e05b0d679c0ea6bc888ecb4b45b0f4e3f,held,pass,H67;H64;H1,,day,other,institutional_or_compound
FGDC-945,1d311e4a8e59518484cf9bbdadcda1e8f4ef9c4a5962cd3a63922f05912b7341,held,pass,H67;H64;H1,,day,other,institutional_or_compound
FGDC-946,ec26ba53e3a315efc314c6b7275aab0dd1f46dd22913591bb906dc173e04e347,held,pass,H67;H64;H1,,day,other,institutional_or_compound
FGDC-947,1fae61160ca2d471c35c75be851362de2394ff797ced6575c1cd641fdc3a8584,held,pass,H67;H64;H1,,day,other,institutional_or_compound
FGDC-948,c4d763e3944304f9d3a41ed957eeb96d0329523c3d8dcaa596569e42a1881809,held,pass,H67;H64;H1,,day,other,institutional_or_compound
FGDC-949,41052259f67ec71d37f7edc91f03b880662bc5495daeb06a72390b7299d95edd,held,pass,H67;H64;H1,,day,other,institutional_or_compound
FGDC-95,e446202bca9245f94e96a8fff706d1dc14279a67052b9acce8ab14ed2536e6ee,held,pass,H67;H68,,day,range_or_status,institutional_or_compound
FGDC-950,ca77c014325761f407fbd8e858b7e787f6d3f47cad71fd0cec491876c76f60b3,held,pass,H67;H64;H1,,day,other,institutional_or_compound
FGDC-951,0968ef89c82bf26160ecb3d25307ba00b908b8587843cd485c77921416c2113e,held,pass,H67;H64;H1,,day,other,institutional_or_compound
FGDC-952,83abccfb0ab32e9a16c24ff9a0fb818c51a397c3013c2a163f8cccc989bc4d6f,held,pass,H67;H64;H1,,day,range_or_status,institutional_or_compound
FGDC-953,7180d2f02fc03ba223558d3f0fd349806d86fa30ab0aaf542758138d385a3f00,held,pass,H67;H64;H1,,day,other,institutional_or_compound
FGDC-954,d8418433f3ef4e435e076d585d1f65f1bdb540e7d31ba375d50da9919c67921a,held,pass,H67;H64;H1,,day,other,institutional_or_compound
FGDC-955,5ddabf0d70606fe1ce8b6351e3154da83c821431905a1df627a056b54d7291ec,held,pass,H67;H64;H1,,day,other,institutional_or_compound
FGDC-956,a4984a78cade06ae911cbde1724a2c16e97b0eaa782a609510d017d78c71fd94,held,pass,H67;H64;H1,,day,other,institutional_or_compound
FGDC-957,5c0eee75e144154b145a2023789585da5ad212b29c3e78d636eb9421d762f95a,held,pass,H67;H64;H1,,day,other,institutional_or_compound
FGDC-958,07645209f0857fad187d30de49b59d154b2810952bf860cdcbea3098d858c141,held,pass,H67;H64;H1,,day,other,institutional_or_compound
FGDC-959,e753a8f474c6086d65e6653e6eee0bc90dab1ffec9b70a0cb907c7be22ba6ce2,held,pass,H67;H64;H1,,day,other,institutional_or_compound
FGDC-96,e13a821cd1fd1e6310abaae3bdb45e6bc7cca3433124ff723b82d0454a599773,held,pass,H67;H68,,day,other,institutional_or_compound
FGDC-960,b8c1b2d2a24f1ee4000cb5e9fa406a7f3b60a771fe0d450c25b48335cbbd7005,held,pass,H67;H64;H1,,day,other,institutional_or_compound
FGDC-961,8878ea8128bc0f34bd7037b20cfcb2221b5d48802796fa3a6c4bc4753cfddcbf,held,pass,H67;H64;H1,,day,other,institutional_or_compound
FGDC-962,3fc70a5c571c20043671f6ebd46886c46b9caf0f15037c042cec204b6957e5f9,held,pass,H67;H64;H1,,day,other,institutional_or_compound
FGDC-963,fa77cdb3566a978281646f393f660dfc254611665c2ffef31888af4e7d18e5ff,held,pass,H67;H64;H1,,day,range_or_status,institutional_or_compound
FGDC-964,d0a66ab97976a6069de355c3395142ab8f29d7714646325bf5f06e3c7922434e,held,pass,H67;H64;H1,,day,other,institutional_or_compound
FGDC-965,9a693149549b23d857d488d2686e1cca5ec2e5b9395f470024578d430f2d046b,held,pass,H67;H64;H1,,day,other,institutional_or_compound
FGDC-966,356f98e3a968ee7981a0a94ffe3c1fc05d3cc395c8654f7b22477d71f2594baf,held,pass,H67;H64;H1,,day,other,institutional_or_compound
FGDC-967,62eb23566edae1edeee7a7c0c951dcbaecb5bcb32f6cb16895fd64711fb59706,held,pass,H67;H64;H1,,day,other,institutional_or_compound
FGDC-968,14d4b88c0100b37ff61b4672bdc51f1afcce2822dcafe81802ca9c5a68cfeccc,held,pass,H67;H64;H1,,day,other,institutional_or_compound
FGDC-969,7d2b042e2c89a08f162e0ea8cbe55df3b107937d2c7feacc6fa6f1e7779ec823,held,pass,H67;H64;H1,,day,other,institutional_or_compound
FGDC-97,2193d3d4b9e8922625b81028e7b39d2f5d195273bb073f9dbc50fe0458d33afa,held,pass,H67;H68,,day,other,institutional_or_compound
FGDC-970,7c2741683839ed1b74365e7d2f01592a6b22871744badb3f418e3bbbef179194,held,pass,H67;H64;H1,,day,other,institutional_or_compound
FGDC-971,d656c5b283238ca7f9d526fcd28f7390415b181c156fbab1d0c501d4c7179a85,held,pass,H67;H64;H1,,day,other,institutional_or_compound
FGDC-972,25b1472d268cee0d6ef6492a454dd17c2c473acb89082af8d50fea4840a1b0fb,held,pass,H67;H64;H1,,day,other,institutional_or_compound
FGDC-973,c46b84ab213084a972a373e88604a09edf4d390edf8c0e19127df15cd9640e55,held,pass,H67;H64;H1,,day,other,institutional_or_compound
FGDC-974,acbf1cc8aec78f1612464ca8692a27c783bd5a73b10fe334c7165d073610d190,held,pass,H67;H64;H1,,day,range_or_status,institutional_or_compound
FGDC-975,1d2a16b4f04bdbd99af5e47367d13d4ac3e28c9b8c435322e9609ebdaddae46c,held,pass,H67;H64;H1,,day,other,institutional_or_compound
FGDC-976,52a8b9529a9efe3a80603198063e4b40a7d781712bda7cb6c69fde06d1eeb080,held,pass,H67;H64;H1,,day,other,institutional_or_compound
FGDC-977,b8f69efed63ea52a6790e22918c655e7963ca450ba75b8002a4a3ecbda689bef,held,pass,H67;H64;H1,,day,other,institutional_or_compound
FGDC-978,434a8ad32cc29632b96b1b387ec65c3af03ed2278d996030e8f7a922483070c7,held,pass,H67;H64;H1,,day,other,institutional_or_compound
FGDC-979,b2f27a6e11ca02849f418136a68562d88394ffdaabe5ee7ed94e6d839b5bdf56,held,pass,H67;H64;H1,,day,other,institutional_or_compound
FGDC-98,c3b0d40199df2dbf27f7bd279704c3e2c48ec1f6a9a3a37e1c60737be66ee56e,held,pass,H67;H68,,day,other,institutional_or_compound
FGDC-980,727122687ddc06c62aeca8dfbda43fbb4e33e891ac44a11e2db01ddfabcf17ed,held,pass,H67;H64;H1,,day,other,institutional_or_compound
FGDC-981,2baf78962c3d039abcf3e7591a0c796f9959f649412a82e95faec096f209f6dc,held,pass,H67;H64;H1,,day,other,institutional_or_compound
FGDC-982,d619f6d4d4fca6714a89eb3e3fdc90674b5648ea39882adf15a35517b7a5146c,held,pass,H67;H64;H1,,day,other,institutional_or_compound
FGDC-983,60665e8a6a859b89aeb8ec457f3a8a5677335e963158c712ad6edb4ec862d758,held,pass,H67;H64;H1,,day,other,institutional_or_compound
FGDC-984,9e2dffd095d78553e7d24be622d16d034fe1c7ed0263d912293e3d5a4f12605e,held,pass,H67;H64;H1,,day,other,institutional_or_compound
FGDC-985,0b5877fc00ab75e0bb990520623d9f746e70f7b3e903d0c354ca196afdf104fa,held,pass,H67;H68,,day,range_or_status,institutional_or_compound
FGDC-986,bad7f7bcb38bc8e7d2c3ef6ca4ad5442595f96a0f1b87cab07ffde7baf869e9e,held,pass,H67;H64;H1,,day,range_or_status,institutional_or_compound
FGDC-987,79e9bb4e3706ca8b662a4b4cd967352f4c0596dfa8ae2431807c6854309b572c,held,pass,H67;H64;H1,,day,other,institutional_or_compound
FGDC-988,e7c47a6557a3320f6ddc6e588fe0a9dcd40fcc09db57f811b1b97066aaba30c5,held,pass,H67;H64;H1,,day,other,institutional_or_compound
FGDC-989,d5a7875eaac48b9aba7baea90bac9779c361578c3004de71a523b39346371b09,held,pass,H67;H64;H1,,day,other,institutional_or_compound
FGDC-99,07b727a759e5d46ce066b92cf611c4f63e7554ab419d00a6cbd6f568ae810a86,held,pass,H67;H68,,day,other,institutional_or_compound
FGDC-990,b77748cc6985a9ddbeaaeeca64c7a3e120782c92c8a7d533425573e3feb45e0d,held,pass,H67;H64;H1,,day,other,institutional_or_compound
FGDC-991,2b7563bbd315016fe14f431b90b5a6c984a19a0c3671ba696af8107127958b61,held,pass,H67;H64;H1,,day,other,institutional_or_compound
FGDC-992,acb0ee175204f0fb11f24c335dc7996b2376cda83994687f5f2a703f31861449,held,pass,H67;H64;H1,,day,other,institutional_or_compound
FGDC-993,d66549c788ff805c9fd009a1c4ea9c38ea5c96aabda460b1009bb0ad257358f0,held,pass,H67;H64;H1,,day,other,institutional_or_compound
FGDC-994,1a3db0234b7cd3d6c0206a112d5417b03559c48f52503c8cf81ad96a94f6a0f2,held,pass,H67;H64;H1,,day,other,institutional_or_compound
FGDC-995,18b41d127cd682df54903916bd938d0227c4c3bb3ac7ef0bb61b385ae7ecd80e,held,pass,H67;H64;H1,,day,other,institutional_or_compound
FGDC-996,11c3f3754b97eb6af3c38ce2cf3b68e9e5a841011745a2e61cb83adb4e28dd88,held,pass,H67;H64;H1,,day,other,institutional_or_compound
FGDC-997,3569a8d4046f964e636e8cbd7c729740c1210f78c659bd58df5929e0f13853fa,held,pass,H67;H64;H1,,day,range_or_status,institutional_or_compound
FGDC-998,d1a23af6c263df613ca140857d6009e52fcbd0e059205f4b6b9dd41fa7534bc1,held,pass,H67;H64;H1,,day,other,institutional_or_compound
FGDC-999,3474d2afe002155b4481fd037f6adffe7496abb4680e796ee172f33cbd1aaef6,held,pass,H67;H64;H1,,day,other,institutional_or_compound
